"","Species","Tree_Type","Tree_Count","size_class","Site_ID","Plot_ID","Country","Organization_Name","SiteType","Plot_Type","Plot_Size","tree_index","main_index","_parent_table_name","origin_table","destination_table","Plot_Permanence","Resample_Main_Plot","Resample_3x3_Subplot","PlantingPattern","Timeframe","submitted_species_name","name_validation","score","data_source_title"
"1","Palo de canela silvestre",NA,2,NA,"1285","1285_1","Mexico","UCIRI","Restoration","Restoration","30x30",93,2288,"main","Normal_30x30",NA,"Permanent",0,0,"Los árboles se sembraron con una separación de 2 m por 2 m","Y0","Palo de canela silvestre","Needs Review",NA,NA
"2","Palo de leche amarillo","Present",1,">10cm","1285","1285_1","Mexico","UCIRI","Restoration","Restoration","30x30",115,2293,"main","Normal_30x30",NA,"Permanent",0,0,"Los árboles se sembraron con una separación de 2 m por 2 m","Y0","Palo de leche amarillo","Needs Review",NA,NA
"3","Palo de pajarito","Present",9,">10cm","1285","1285_1","Mexico","UCIRI","Restoration","Restoration","30x30",122,2294,"main","Normal_30x30",NA,"Permanent",0,0,"Los árboles se sembraron con una separación de 2 m por 2 m","Y0","Palo de pajarito","Needs Review",NA,NA
"4","Douglas","planted",2,"<10cm planted","329","34","France","Reforest Action","Restoration","Restoration","3x3",16,18,"main","Nested_3x3_within_30x30",NA,"Permanent",0,0,"Same que 28","Y0","Douglas","Needs Review",NA,NA
"5",NA,"Present",NA,"1 - 9.9cm","488","R1","UAE","Emirate Nature - WWF","Restoration","Restoration","3x3",46,40,"main","Nested_3x3_within_30x30",NA,"Permanent",0,0,"50cm above and below existing mangrove line in a zig zag formation. In areas where soils get inundated further inland, a further row of mangroves are planted in a 50cm pattern above the upper line of mangroves","Y0",NA,"Needs Review",NA,NA
"6","Fraises exelsion","Present",1,"1 - 9.9cm","329","31","France","Reforest Action","Restoration","Restoration","3x3",NA,15,NA,"main","Nested_3x3_within_30x30","Permanent",0,0,"Same as 28","Y0","Fraises exelsion","Needs Review",NA,NA
"7",NA,"planted",NA,"<10cm planted","333","46","France","Reforest Action","Restoration","Restoration","30x30",1,4,"main","Normal_30x30_2",NA,"Permanent",0,0,"Plantation tous les 3 mètre avec cloiso de 5m","Y0",NA,"Needs Review",NA,NA
"8","Pas darbres inventoriées : Plus de 10cm(DBH)",NA,NA,NA,"1760","ATKC004","Madagascar","CI Madagascar","Control","Control","30x30",75,61,"main","Normal_30x30_2",NA,NA,0,2,NA,"Y0","Pas d'arbres inventoriées : Plus de 10cm(DBH)","Needs Review",NA,NA
"9","Pas darbres plus de 10cm (DBH)",NA,NA,NA,"1759","ATKC003","Madagascar","CI Madagascar","Control","Control","30x30",76,62,"main","Normal_30x30_2",NA,NA,0,2,NA,"Y0","Pas d'arbres plus de 10cm (DBH)","Needs Review",NA,NA
"10","pas despece",NA,NA,NA,"1761","ATKC005","Madagascar","CI Madagascar","Control","Control","30x30",77,63,"main","Normal_30x30_2",NA,NA,0,2,NA,"Y0","pas d'espece","Needs Review",NA,NA
"11",NA,"Present",NA,">10cm","901","901-3","Mexico","Café Capitan","Restoration","Restoration","30x30",231,96,"main","Normal_30x30_2",NA,"Permanent",0,0,"3x3","Y0",NA,"Needs Review",NA,NA
"12","Vijao","Present",1,">10cm","349","349-3","Mexico","Café Capitan","Restoration","Restoration","30x30",253,100,"main","Normal_30x30_2",NA,"Permanent",0,0,"3x3","Y0","Vijao","Needs Review",NA,NA
"13","Folha composta","Present",2,">10cm","40","Parcela 1","Brazil","GANB","Restoration","Restoration","30x30",265,104,"main","Normal_30x30_2",NA,"Permanent",0,1,"3x2","Y0","Folha composta","Needs Review",NA,NA
"14","Néant",NA,NA,NA,"1744","S0001CP01","Madagascar","CI Madagascar","Restoration","Control","30x30",268,106,"main","Normal_30x30_2",NA,NA,0,2,NA,"Y0","Néant","Needs Review",NA,NA
"15","None",NA,NA,NA,"1766","S0023CP01","Madagascar","CI Madagascar","Restoration","Control","30x30",271,109,"main","Normal_30x30_2",NA,NA,0,2,NA,"Y0","None","Needs Review",NA,NA
"16","guachipilin",NA,4,NA,"1281","1281-2","Mexico","Café Capitan","Restoration","Restoration","30x30",328,158,"main","Normal_30x30_2",NA,"Permanent",0,0,"3*2","Y0","
guachipilin","Needs Review",NA,NA
"17","Chalun",NA,6,NA,"1281","1281-2","Mexico","Café Capitan","Restoration","Restoration","30x30",331,158,"main","Normal_30x30_2",NA,"Permanent",0,0,"3*2","Y0","Chalun","Needs Review",NA,NA
"18","Trompillo",NA,1,NA,"1269","1269+1","Mexico","Café Capitan","Restoration","Restoration","30x30",381,184,"main","Normal_30x30_2",NA,"Permanent",0,0,"2×3","Y0","Trompillo","Needs Review",NA,NA
"19","Chicharo","Present",1,">10cm","1313","1313-2","Mexico","FONCET","Restoration","Restoration","30x30",395,191,"main","Normal_30x30_2",NA,"Permanent",0,0,"1.5 metros x 2.0 metros","Y0","Chicharo","Needs Review",NA,NA
"20","Pitio","Present",1,">10cm","1400","1400 _2","Mexico","FONCET","Restoration","Restoration","30x30",503,215,"main","Normal_30x30_2",NA,"Permanent",0,0,"Tres metros por tres  metros","Y0","Pitio","Needs Review",NA,NA
"21","Chiombo","naturally_regenerating",1,">10cm","180","P6
","Malawi","Wells for Zoe","Control","Control","30x30",651,247,"main","Normal_30x30_2",NA,NA,0,0,NA,"Y0","Chiombo","Needs Review",NA,NA
"22",NA,"naturally_regenerating",NA,">10cm","180","M1","Malawi","Wells for Zoe","Control","Control","30x30",653,249,"main","Normal_30x30_2",NA,NA,0,0,NA,"Y0",NA,"Needs Review",NA,NA
"23","Chiwombo","naturally_regenerating",12,">10cm","180","M16","Malawi","Wells for Zoe","Restoration","Restoration","30x30",659,272,"main","Normal_30x30_2",NA,"Randomized",2,2,"2m by 2m","Y0","Chiwombo","Needs Review",NA,NA
"24","Msolo","naturally_regenerating",1,">10cm","180","M16","Malawi","Wells for Zoe","Restoration","Restoration","30x30",660,272,"main","Normal_30x30_2",NA,"Randomized",2,2,"2m by 2m","Y0","Msolo","Needs Review",NA,NA
"25","No",NA,NA,NA,"180","P 15","Malawi","Wells for Zoe","Control","Control","30x30",661,274,"main","Normal_30x30_2",NA,NA,0,0,NA,"Y0","No","Needs Review",NA,NA
"26","Msangu","planted",23,"<10cm planted","180","M17","Malawi","Wells for Zoe","Restoration","Restoration","30x30",666,280,"main","Normal_30x30_2",NA,"Randomized",2,2,"2m by 2m","Y0","Msangu","Needs Review",NA,NA
"27","Mphakasa","planted",31,"<10cm planted","180","M17","Malawi","Wells for Zoe","Restoration","Restoration","30x30",667,280,"main","Normal_30x30_2",NA,"Randomized",2,2,"2m by 2m","Y0","Mphakasa","Needs Review",NA,NA
"28","Mlonde","planted",12,"<10cm planted","180","M17","Malawi","Wells for Zoe","Restoration","Restoration","30x30",668,280,"main","Normal_30x30_2",NA,"Randomized",2,2,"2m by 2m","Y0","Mlonde","Needs Review",NA,NA
"29","Mwavi","planted",24,"<10cm planted","180","M17","Malawi","Wells for Zoe","Restoration","Restoration","30x30",669,280,"main","Normal_30x30_2",NA,"Randomized",2,2,"2m by 2m","Y0","Mwavi","Needs Review",NA,NA
"30","Nkhadzi","naturally_regenerating",2,">10cm","180","P16","Malawi","Wells for Zoe","Control","Control","30x30",672,285,"main","Normal_30x30_2",NA,NA,0,2,NA,"Y0","Nkhadzi","Needs Review",NA,NA
"31","0",NA,NA,NA,"180","M28","Malawi","Wells for Zoe","Control","Control","30x30",742,296,"main","Normal_30x30_2",NA,NA,0,2,NA,"Y0","0","Needs Review",NA,NA
"32","Masuku","naturally_regenerating",1,">10cm","180","M43","Malawi","Wells for Zoe","Restoration","Restoration","30x30",745,303,"main","Normal_30x30_2",NA,"Permanent",1,2,"2m by 2m","Y0","Masuku","Needs Review",NA,NA
"33","O",NA,0,NA,"180","M38","Malawi","Wells for Zoe","Control","Control","30x30",748,313,"main","Normal_30x30_2",NA,NA,0,1,NA,"Y0","O","Needs Review",NA,NA
"34",NA,"Present",NA,">10cm","1225","1225-1","Mexico","Macuiles","Restoration","Restoration","30x30",884,339,"main","Normal_30x30_2",NA,"Permanent",0,0,"Se plantaron a una distancia de 6m por 6m.","Y0",NA,"Needs Review",NA,NA
"35","Assang","planted",1,"<10cm planted","96","B10","DRC","Faja Lobi","Restoration","Restoration","30x30",1131,380,"main","Normal_30x30_2",NA,"Permanent",0,0,"2.5×3","Y0","Assang","Needs Review",NA,NA
"36","Ontang","planted",1,"<10cm planted","96","B10","DRC","Faja Lobi","Restoration","Restoration","30x30",1133,380,"main","Normal_30x30_2",NA,"Permanent",0,0,"2.5×3","Y0","Ontang","Needs Review",NA,NA
"37","Afromosia","planted",16,"<10cm planted","96","B10.3","DRC","Faja Lobi","Restoration","Restoration","30x30",1140,382,"main","Normal_30x30_2",NA,"Permanent",0,0,"2.5×3","Y0","Afromosia","Needs Review",NA,NA
"38","Nguba mindele","planted",4,"<10cm planted","96","B10.4","DRC","Faja Lobi","Restoration","Restoration","30x30",1151,383,"main","Normal_30x30_2",NA,"Permanent",0,0,"2.5×3","Y0","Nguba mindele","Needs Review",NA,NA
"39","Nguba","planted",13,"<10cm planted","96","B10.5","DRC","Faja Lobi","Restoration","Restoration","30x30",1156,384,"main","Normal_30x30_2",NA,"Permanent",0,0,"2.5×3","Y0","Nguba","Needs Review",NA,NA
"40","Onkok","planted",2,"<10cm planted","96","B10.7","DRC","Faja Lobi","Restoration","Restoration","30x30",1167,386,"main","Normal_30x30_2",NA,"Permanent",0,0,"2.5×3","Y0","Onkok","Needs Review",NA,NA
"41","Ngumba mindele","planted",1,"<10cm planted","96","B9.4","DRC","Faja Lobi","Restoration","Restoration","30x30",1202,393,"main","Normal_30x30_2",NA,"Permanent",0,0,"2.5×3","Y0","Ngumba mindele","Needs Review",NA,NA
"42","Safout foret","planted",1,"<10cm planted","96","B1","DRC","Faja Lobi","Restoration","Restoration","30x30",1224,397,"main","Normal_30x30_2",NA,"Permanent",0,0,"2.5×3","Y0","Safout foret","Needs Review",NA,NA
"43","Padouk","planted",12,"<10cm planted","96","B1.3","DRC","Faja Lobi","Restoration","Restoration","30x30",1231,399,"main","Normal_30x30_2",NA,"Permanent",0,0,"2.5×3","Y0","Padouk","Needs Review",NA,NA
"44","Ngumba","planted",14,"<10cm planted","96","B1.4","DRC","Faja Lobi","Restoration","Restoration","30x30",1239,400,"main","Normal_30x30_2",NA,"Permanent",0,0,"2.5×3","Y0","Ngumba","Needs Review",NA,NA
"45","Ngylo","planted",3,"<10cm planted","96","B1.9","DRC","Faja Lobi","Restoration","Restoration","30x30",1261,404,"main","Normal_30x30_2",NA,"Permanent",0,0,"2.5×3","Y0","Ngylo","Needs Review",NA,NA
"46","Nonoka","Present",2,">10cm","1797","ASVCO54 AUTO","Madagascar","CI Madagascar","Restoration","Control","30x30",1314,414,"main","Normal_30x30_2",NA,NA,0,2,NA,"Y0","Nonoka","Needs Review",NA,NA
"47","Kisaka","Present",1,">10cm","1797","ASVCO54 AUTO","Madagascar","CI Madagascar","Restoration","Control","30x30",1315,414,"main","Normal_30x30_2",NA,NA,0,2,NA,"Y0","Kisaka","Needs Review",NA,NA
"48","Pas darbres plus de 10cm",NA,NA,NA,"1835","S0092CP01","Madagascar","CI Madagascar","Restoration","Control","30x30",1319,418,"main","Normal_30x30_2",NA,NA,0,0,NA,"Y0","Pas d'arbres plus de 10cm","Needs Review",NA,NA
"49","Saf de la forêt","planted",NA,"<10cm planted","96","B3.1","DRC","Faja Lobi","Restoration","Restoration","30x30",1327,421,"main","Normal_30x30_2",NA,"Permanent",0,0,"2,5x3","Y0","Saf de la forêt","Needs Review",NA,NA
"50","Nsaf de la forêt","planted",1,"<10cm planted","96","B2.16","DRC","Faja Lobi","Restoration","Restoration","30x30",1340,423,"main","Normal_30x30_2",NA,"Permanent",0,0,"2,5x3","Y0","Nsaf de la forêt","Needs Review",NA,NA
"51","Leucena cena 1","planted",NA,"<10cm planted","95","Bloc 9","DRC","Faja Lobi","Restoration","Restoration","30x30",1682,471,"main","Normal_30x30_2",NA,"Permanent",0,0,"2,5m sur 3m","Y0","Leucena cena 1","Needs Review",NA,NA
"52","Cekyoprodes","planted",4,"<10cm planted","95","2.3","DRC","Faja Lobi","Restoration","Restoration","30x30",1925,490,"main","Normal_30x30_2",NA,"Permanent",0,0,"2.5×3","Y0","Cekyoprodes","Needs Review",NA,NA
"53","Cekioprodes","planted",5,"<10cm planted","95","2.4","DRC","Faja Lobi","Restoration","Restoration","30x30",1927,491,"main","Normal_30x30_2",NA,"Permanent",0,0,"2.5×3","Y0","Cekioprodes","Needs Review",NA,NA
"54","Laecena cena","planted",5,"<10cm planted","95","2.6","DRC","Faja Lobi","Restoration","Restoration","30x30",2009,499,"main","Normal_30x30_2",NA,"Permanent",0,0,"2.5×3","Y0","Laecena cena","Needs Review",NA,NA
"55","Mwana mpembe","planted",3,"<10cm planted","95","2.12","DRC","Faja Lobi","Restoration","Restoration","30x30",2093,508,"main","Normal_30x30_2",NA,"Permanent",0,0,"2.5×3","Y0","Mwana mpembe","Needs Review",NA,NA
"56","Bois noir 20Piptodeniastrum africanum","planted",18,"<10cm planted","96","3","DRC","Faja Lobi","Restoration","Restoration","30x30",2383,544,"main","Normal_30x30_2",NA,"Permanent",0,0,"2.5×3","Y0","Bois noir 20
Piptodeniastrum africanum","Needs Review",NA,NA
"57","5",NA,NA,NA,"96","1.5.6","DRC","Faja Lobi","Restoration","Restoration","30x30",2454,555,"main","Normal_30x30_2",NA,"Permanent",0,0,"2.5×3","Y0","5","Needs Review",NA,NA
"58","Owes 29Bois noir 3Osing 4Maesopsi 9Casia ciamea 13Total 58",NA,NA,NA,"96","6","DRC","Faja Lobi","Restoration","Restoration","30x30",2573,575,"main","Normal_30x30_2",NA,"Permanent",0,0,"2.5×3","Y0","Owes 29
Bois noir 3
Osing 4
Maesopsi 9
Casia ciamea 13
Total 58","Needs Review",NA,NA
"59","Osing 40Bois noir 6Oniel 4Casia ciamea 4Owes 25Total 77",NA,NA,NA,"96","9","DRC","Faja Lobi","Restoration","Restoration","30x30",2586,578,"main","Normal_30x30_2",NA,"Permanent",0,0,"2.5×3","Y0","Osing 40
Bois noir 6
Oniel 4
Casia ciamea 4
Owes 25
Total 77","Needs Review",NA,NA
"60",NA,"planted",NA,"<10cm planted","95","1","DRC","Faja Lobi","Restoration","Restoration","30x30",2643,585,"main","Normal_30x30_2",NA,"Permanent",0,0,"3x2.5m","Y0",NA,"Needs Review",NA,NA
"61","Osing  2","planted",NA,"<10cm planted","95","1 .6","DRC","Faja Lobi","Restoration","Restoration","30x30",2736,598,"main","Normal_30x30_2",NA,"Permanent",0,0,"2,5 sur 3 m","Y0","Osing  2","Needs Review",NA,NA
"62","Menocardia","naturally_regenerating",6,">10cm","95","2. 14","DRC","Faja Lobi","Restoration","Restoration","30x30",2896,618,"main","Normal_30x30_2",NA,"Permanent",0,0,"2,5×3","Y0","Menocardia","Needs Review",NA,NA
"63","Kikos","Present",1,">10cm","95","Iseme  bloque  2","DRC","Faja Lobi","Restoration","Restoration","30x30",2968,624,"main","Normal_30x30_2",NA,"Permanent",0,0,"2,5 ×3 m","Y0","Kikos","Needs Review",NA,NA
"64","Lesena","planted",15,"<10cm planted","95","Iseme  bloque 2","DRC","Faja Lobi","Restoration","Restoration","30x30",2996,627,"main","Normal_30x30_2",NA,"Permanent",0,0,"2,5 sur 3m","Y0","Lesena","Needs Review",NA,NA
"65","Vermoxe","planted",1,"<10cm planted","95","Iseme  bloque 2","DRC","Faja Lobi","Restoration","Restoration","30x30",3004,627,"main","Normal_30x30_2",NA,"Permanent",0,0,"2,5 sur 3m","Y0","Vermoxe","Needs Review",NA,NA
"66","Bois noir",NA,33,NA,"96","8.4","DRC","Faja Lobi","Restoration","Restoration","30x30",3281,672,"main","Normal_30x30_2",NA,"Permanent",0,0,"2.5*3","Y0","Bois noir","Needs Review",NA,NA
"67","Bois noir 36",NA,NA,NA,"96","11","DRC","Faja Lobi","Restoration","Restoration","30x30",3328,680,"main","Normal_30x30_2",NA,"Permanent",0,0,"2.5*3","Y0","Bois noir 36","Needs Review",NA,NA
"68","Bois noir 50",NA,NA,NA,"96","12","DRC","Faja Lobi","Restoration","Restoration","30x30",3329,681,"main","Normal_30x30_2",NA,"Permanent",0,0,"2.5*3","Y0","Bois noir 50","Needs Review",NA,NA
"69","ghh",NA,NA,NA,"1783","S0040MP1","Madagascar","Amadese","Restoration","Restoration","30x30",3918,743,"main","Normal_30x30_2",NA,"Permanent",2,0,"ghh","Y0","ghh","Needs Review",NA,NA
"70",NA,"don_t_know",0,">10cm","1851","S0108MP1","Madagascar","Taotsara","Restoration","Restoration","30x30",3919,745,"main","Normal_30x30_2",NA,"Permanent",0,0,"Les arbres ont été plantés avec un espacements de 2m fois 2 m","Y0",NA,"Needs Review",NA,NA
"71","À",NA,NA,NA,"1869","S0126MP3","Madagascar","Taotsara","Restoration","Restoration","30x30",3935,845,"main","Normal_30x30_2",NA,"Permanent",0,0,"2*2","Y0","À","Needs Review",NA,NA
"72","Akondro","Present",1,">10cm","1873","S0130MP1","Madagascar","Taotsara","Restoration","Restoration","30x30",3986,985,"main","Normal_30x30_2",NA,"Permanent",0,0,"7*7","Y0","Akondro","Needs Review",NA,NA
"73","L",NA,NA,NA,"1891","S0148MP24","Madagascar","Taotsara","Restoration","Restoration","30x30",4010,1151,"main","Normal_30x30_2",NA,"Permanent",2,2,"2*2","Y0","L","Needs Review",NA,NA
"74",NA,"naturally_regenerating",NA,">10cm","1795","S0052130","Madagascar","FAFIALA","Restoration","Restoration","30x30",4057,1441,"main","Normal_30x30_2",NA,"Permanent",2,0,"4m sur 4m","Y0",NA,"Needs Review",NA,NA
"75","None",NA,NA,NA,"1791","S0048MP1","Madagascar","Amadese","Restoration","Restoration","30x30",4108,1810,"main","Normal_30x30_2",NA,"Permanent",0,2,"5m * 4m","Y0","None","Needs Review",NA,NA
"76",NA,"don_t_know",NA,">10cm","1750","S0007MP19","Madagascar","Amadese","Restoration","Restoration","30x30",4142,1864,"main","Normal_30x30_2",NA,"Permanent",1,2,"Arbres plantés avec un espacement de 3m sur 3m","Y0",NA,"Needs Review",NA,NA
"77","Quiebra coyol","Present",1,">10cm","1707","1707","Mexico","FONCET","Restoration","Restoration","30x30",4235,2111,"main","Normal_30x30_2",NA,"Permanent",0,0,"2X2","Y0","Quiebra coyol","Needs Review",NA,NA
"78","Torongil","Present",2,">10cm","1709","1709","Mexico","FONCET","Restoration","Restoration","30x30",4239,2112,"main","Normal_30x30_2",NA,"Permanent",0,0,"2X2","Y0","Torongil","Needs Review",NA,NA
"79","Manzana de mono","Present",3,">10cm","1712","1712","Mexico","FONCET","Restoration","Restoration","30x30",4243,2113,"main","Normal_30x30_2",NA,"Permanent",0,0,"2X2","Y0","Manzana de mono","Needs Review",NA,NA
"80","Cajoncillo","Present",1,">10cm","1712","1712","Mexico","FONCET","Restoration","Restoration","30x30",4244,2113,"main","Normal_30x30_2",NA,"Permanent",0,0,"2X2","Y0","Cajoncillo","Needs Review",NA,NA
"81","Capulin blanco","Present",4,">10cm","1697","1697","Mexico","FONCET","Restoration","Restoration","30x30",4249,2114,"main","Normal_30x30_2",NA,"Permanent",0,0,"2X2","Y0","Capulin blanco","Needs Review",NA,NA
"82","Canaco","Present",1,">10cm","1690","1690","Mexico","FONCET","Restoration","Restoration","30x30",4253,2115,"main","Normal_30x30_2",NA,"Permanent",0,0,"3X2","Y0","Canaco","Needs Review",NA,NA
"83","Amate","Present",1,">10cm","1690","1690","Mexico","FONCET","Restoration","Restoration","30x30",4254,2115,"main","Normal_30x30_2",NA,"Permanent",0,0,"3X2","Y0","Amate","Needs Review",NA,NA
"84","Chote","Present",1,">10cm","1687","1687","Mexico","FONCET","Restoration","Restoration","30x30",4257,2116,"main","Normal_30x30_2",NA,"Permanent",0,0,"2X2","Y0","Chote","Needs Review",NA,NA
"85","Caspirol","Present",2,">10cm","1689","2021","Mexico","FONCET","Restoration","Restoration","30x30",4265,2118,"main","Normal_30x30_2",NA,"Permanent",0,0,"2X2","Y0","Caspirol","Needs Review",NA,NA
"86","Guarumbo","Present",7,">10cm","1689","2021","Mexico","FONCET","Restoration","Restoration","30x30",4266,2118,"main","Normal_30x30_2",NA,"Permanent",0,0,"2X2","Y0","Guarumbo","Needs Review",NA,NA
"87","mano de León","Present",1,">10cm","1689","2021","Mexico","FONCET","Restoration","Restoration","30x30",4267,2118,"main","Normal_30x30_2",NA,"Permanent",0,0,"2X2","Y0","mano de León","Needs Review",NA,NA
"88","Cajete","Present",1,">10cm","1654","1654","Mexico","FONCET","Restoration","Restoration","30x30",4280,2122,"main","Normal_30x30_2",NA,"Permanent",0,0,"4X4","Y0","Cajete","Needs Review",NA,NA
"89","Pino","Present",1,">10cm","886","886","Mexico","Café Capitan","Restoration","Restoration","30x30",4296,2128,"main","Normal_30x30_2",NA,"Permanent",0,0,"3*2","Y0","Pino","Needs Review",NA,NA
"90","Palo de agua","Present",5,">10cm","886","886","Mexico","Café Capitan","Restoration","Restoration","30x30",4297,2128,"main","Normal_30x30_2",NA,"Permanent",0,0,"3*2","Y0","Palo de agua","Needs Review",NA,NA
"91","Igueria","Present",4,">10cm","887","887","Mexico","Café Capitan","Restoration","Restoration","30x30",4306,2131,"main","Normal_30x30_2",NA,"Permanent",0,0,"3*2","Y0","Igueria","Needs Review",NA,NA
"92","Kunnt","Present",1,">10cm","1711","1","Mexico","FONCET","Restoration","Restoration","30x30",4318,2134,"main","Normal_30x30_2",NA,"Permanent",1,2,"2 m por 2 m","Y0","Kunnt","Needs Review",NA,NA
"93","Capulin de paloma","Present",4,">10cm","1694","Geográfica","Mexico","FONCET","Restoration","Restoration","30x30",4322,2135,"main","Normal_30x30_2",NA,"Permanent",1,2,"Los árboles se plantaron con una separación de 4 m por 4 m","Y0","Capulin de paloma","Needs Review",NA,NA
"94","Chalum blanco","Present",7,">10cm","1694","Geográfica","Mexico","FONCET","Restoration","Restoration","30x30",4326,2135,"main","Normal_30x30_2",NA,"Permanent",1,2,"Los árboles se plantaron con una separación de 4 m por 4 m","Y0","Chalum blanco","Needs Review",NA,NA
"95","Chaperla","Present",3,">10cm","1683","168","Mexico","FONCET","Restoration","Restoration","30x30",4330,2136,"main","Normal_30x30_2",NA,"Permanent",0,0,"Los árboles se plantaron con una separación de 1.50 por 1.50","Y0","Chaperla","Needs Review",NA,NA
"96","Caridea","Present",2,">10cm","1683","168","Mexico","FONCET","Restoration","Restoration","30x30",4331,2136,"main","Normal_30x30_2",NA,"Permanent",0,0,"Los árboles se plantaron con una separación de 1.50 por 1.50","Y0","Caridea","Needs Review",NA,NA
"97","Lombricillo","Present",2,">10cm","1679","1679","Mexico","FONCET","Restoration","Restoration","30x30",4336,2138,"main","Normal_30x30_2",NA,"Permanent",0,0,"Los árboles se plantaron con una separación de 4 m por 4 m","Y0","Lombricillo","Needs Review",NA,NA
"98","Chalum","Present",2,">10cm","1710","1","Mexico","FONCET","Restoration","Restoration","30x30",4339,2139,"main","Normal_30x30_2",NA,"Permanent",1,2,"2m por 2m","Y0","Chalum","Needs Review",NA,NA
"99","Portoricensis pittier","Present",5,">10cm","1704","1704","Mexico","FONCET","Restoration","Restoration","30x30",4360,2143,"main","Normal_30x30_2",NA,"Permanent",0,0,"2x2","Y0","Portoricensis pittier","Needs Review",NA,NA
"100","Camaron","Present",1,">10cm","1686","1","Mexico","FONCET","Restoration","Restoration","30x30",4472,2167,"main","Normal_30x30_2",NA,"Permanent",1,0,"2× 2","Y0","Camaron","Needs Review",NA,NA
"101","Burócrata cimaruba","Present",2,">10cm","1707","0","Mexico","FONCET","Restoration","Restoration","30x30",4482,2169,"main","Normal_30x30_2",NA,"Permanent",0,0,"2. × 2","Y0","Burócrata cimaruba","Needs Review",NA,NA
"102","Aguacatillo","Present",4,">10cm","1482","1482","Mexico","CUCOS","Restoration","Restoration","30x30",4591,2213,"main","Normal_30x30_2",NA,"Permanent",0,0,"3 metros por 4 metros","Y0","Aguacatillo","Needs Review",NA,NA
"103","Pino","Present",2,">10cm","1482","1482","Mexico","CUCOS","Restoration","Restoration","30x30",4592,2213,"main","Normal_30x30_2",NA,"Permanent",0,0,"3 metros por 4 metros","Y0","Pino","Needs Review",NA,NA
"104","Macuil","Present",6,">10cm","1482","1482","Mexico","CUCOS","Restoration","Restoration","30x30",4593,2213,"main","Normal_30x30_2",NA,"Permanent",0,0,"3 metros por 4 metros","Y0","Macuil","Needs Review",NA,NA
"105","Coralillo","Present",1,">10cm","1482","1482","Mexico","CUCOS","Restoration","Restoration","30x30",4594,2213,"main","Normal_30x30_2",NA,"Permanent",0,0,"3 metros por 4 metros","Y0","Coralillo","Needs Review",NA,NA
"106","Cuil","naturally_regenerating",1,">10cm","1482","1482","Mexico","CUCOS","Restoration","Restoration","30x30",4597,2213,"main","Normal_30x30_2",NA,"Permanent",0,0,"3 metros por 4 metros","Y0","Cuil","Needs Review",NA,NA
"107","Zapote negro","Present",1,">10cm","1481","1481","Mexico","CUCOS","Restoration","Restoration","30x30",4603,2215,"main","Normal_30x30_2",NA,"Permanent",0,0,"4 x3","Y0","Zapote negro","Needs Review",NA,NA
"108","Huanche","Present",4,">10cm","1481","1481","Mexico","CUCOS","Restoration","Restoration","30x30",4604,2215,"main","Normal_30x30_2",NA,"Permanent",0,0,"4 x3","Y0","Huanche","Needs Review",NA,NA
"109","Huanchal","Present",10,">10cm","1603","1603","Mexico","CUCOS","Restoration","Restoration","30x30",4607,2216,"main","Normal_30x30_2",NA,"Permanent",0,0,"5x5","Y0","Huanchal","Needs Review",NA,NA
"110","Tejon","Present",4,">10cm","1456","1456","Mexico","CUCOS","Restoration","Restoration","30x30",4611,2217,"main","Normal_30x30_2",NA,"Permanent",0,0,"5x5","Y0","Tejon","Needs Review",NA,NA
"111","Frijolillo","Present",2,">10cm","1456","1456","Mexico","CUCOS","Restoration","Restoration","30x30",4613,2217,"main","Normal_30x30_2",NA,"Permanent",0,0,"5x5","Y0","Frijolillo","Needs Review",NA,NA
"112","Palo de piedra","Present",1,">10cm","806","805","Mexico","CUCOS","Restoration","Restoration","30x30",4619,2219,"main","Normal_30x30_2",NA,"Permanent",0,0,"5x3","Y0","Palo de piedra","Needs Review",NA,NA
"113","Palo de obo","Present",1,">10cm","806","805","Mexico","CUCOS","Restoration","Restoration","30x30",4620,2219,"main","Normal_30x30_2",NA,"Permanent",0,0,"5x3","Y0","Palo de obo","Needs Review",NA,NA
"114","Guanabana","Present",6,">10cm","804","804","Mexico","CUCOS","Restoration","Restoration","30x30",4621,2220,"main","Normal_30x30_2",NA,"Permanent",0,0,"3x5","Y0","Guanabana","Needs Review",NA,NA
"115","Caulote","Present",1,">10cm","1595","1595","Mexico","CUCOS","Restoration","Restoration","30x30",4632,2223,"main","Normal_30x30_2",NA,"Permanent",0,0,"4x4","Y0","Caulote","Needs Review",NA,NA
"116","Guanaba","Present",10,">10cm","1595","1595","Mexico","CUCOS","Restoration","Restoration","30x30",4635,2223,"main","Normal_30x30_2",NA,"Permanent",0,0,"4x4","Y0","Guanaba","Needs Review",NA,NA
"117","Aguacate","Present",1,">10cm","1595","1595","Mexico","CUCOS","Restoration","Restoration","30x30",4636,2223,"main","Normal_30x30_2",NA,"Permanent",0,0,"4x4","Y0","Aguacate","Needs Review",NA,NA
"118","Juan diego","Present",1,">10cm","1594","1594","Mexico","CUCOS","Restoration","Restoration","30x30",4638,2224,"main","Normal_30x30_2",NA,"Permanent",0,0,"4x4","Y0","Juan diego","Needs Review",NA,NA
"119","Cedro blanco","Present",1,">10cm","1594","1594","Mexico","CUCOS","Restoration","Restoration","30x30",4641,2224,"main","Normal_30x30_2",NA,"Permanent",0,0,"4x4","Y0","Cedro blanco","Needs Review",NA,NA
"120","Huarumbo","naturally_regenerating",2,">10cm","1605","1605","Mexico","CUCOS","Restoration","Restoration","30x30",4646,2227,"main","Normal_30x30_2",NA,"Permanent",0,0,"4x4","Y0","Huarumbo","Needs Review",NA,NA
"121","Camaron","Present",1,">10cm","1580","1580","Mexico","CUCOS","Restoration","Restoration","30x30",4652,2228,"main","Normal_30x30_2",NA,"Permanent",0,0,"4x4","Y0","Camaron","Needs Review",NA,NA
"122","Chico negrito","Present",2,">10cm","1454","1454","Mexico","CUCOS","Restoration","Restoration","30x30",4655,2229,"main","Normal_30x30_2",NA,"Permanent",0,0,"4x4","Y0","Chico negrito","Needs Review",NA,NA
"123","Palo de tinta","Present",2,">10cm","1452","1452","Mexico","CUCOS","Restoration","Restoration","30x30",4656,2230,"main","Normal_30x30_2",NA,"Permanent",0,0,"4x4","Y0","Palo de tinta","Needs Review",NA,NA
"124","Sanhualico","Present",1,">10cm","1490","1490","Mexico","CUCOS","Restoration","Restoration","30x30",4660,2231,"main","Normal_30x30_2",NA,"Permanent",0,0,"4x4","Y0","Sanhualico","Needs Review",NA,NA
"125","Guarumbo","Present",5,">10cm","1419","1419","Mexico","CUCOS","Restoration","Restoration","30x30",4682,2264,"main","Normal_30x30_2",NA,"Permanent",0,0,"4x5","Y0","Guarumbo","Needs Review",NA,NA
"126","Macuite","Present",1,">10cm","1450","1450","Mexico","CUCOS","Restoration","Restoration","30x30",4684,2265,"main","Normal_30x30_2",NA,"Permanent",0,0,"3x2","Y0","Macuite","Needs Review",NA,NA
"127","Palo tejon","Present",2,">10cm","1450","1450","Mexico","CUCOS","Restoration","Restoration","30x30",4686,2265,"main","Normal_30x30_2",NA,"Permanent",0,0,"3x2","Y0","Palo tejon","Needs Review",NA,NA
"128","Escobillo","Present",5,">10cm","1598","1598","Mexico","CUCOS","Restoration","Restoration","30x30",4687,2266,"main","Normal_30x30_2",NA,"Permanent",0,0,"4x5","Y0","Escobillo","Needs Review",NA,NA
"129","Rabo de iguana","Present",6,">10cm","1602","1602","Mexico","CUCOS","Restoration","Restoration","30x30",4691,2267,"main","Normal_30x30_2",NA,"Permanent",0,0,"4x4","Y0","Rabo de iguana","Needs Review",NA,NA
"130","Huarunbo","Present",5,">10cm","1588","1588","Mexico","CUCOS","Restoration","Restoration","30x30",4693,2268,"main","Normal_30x30_2",NA,"Permanent",0,0,"4x4","Y0","Huarunbo","Needs Review",NA,NA
"131","Mulato","Present",2,">10cm","1588","1588","Mexico","CUCOS","Restoration","Restoration","30x30",4694,2268,"main","Normal_30x30_2",NA,"Permanent",0,0,"4x4","Y0","Mulato","Needs Review",NA,NA
"132","Chico zapoteVoladorJuizte","Present",8,">10cm","1692","REBITRI-EC-FSG-FONCET","Mexico","FONCET","Restoration","Restoration","30x30",4702,2273,"main","Normal_30x30_2",NA,"Permanent",1,0,"2x2","Y0","Chico zapote
Volador
Juizte","Needs Review",NA,NA
"133","Palo de copal","Present",3,">10cm","1302","1302_1","Mexico","UCIRI","Restoration","Restoration","30x30",4717,2295,"main","Normal_30x30_2",NA,"Permanent",0,0,"Los árboles se sembraron con una separación de 2 m por 2 m","Y0","Palo de copal","Needs Review",NA,NA
"134","Palo de hormiga","Present",2,">10cm","1302","1302_1","Mexico","UCIRI","Restoration","Restoration","30x30",4726,2297,"main","Normal_30x30_2",NA,"Permanent",0,0,"Los árboles se sembraron con una separación de 2 m por 2 m","Y0","Palo de hormiga","Needs Review",NA,NA
"135","Pata de gallo","Present",2,">10cm","1305","1305_1","Mexico","UCIRI","Restoration","Restoration","30x30",4762,2303,"main","Normal_30x30_2",NA,"Permanent",0,0,"Los árboles se sembraron con una separación de 2 m por 2 m","Y0","Pata de gallo","Needs Review",NA,NA
"136","Pipe","Present",1,">10cm","1302","1302_1","Mexico","UCIRI","Restoration","Restoration","30x30",4773,2305,"main","Normal_30x30_2",NA,"Permanent",0,0,"Los árboles se sembraron con una separación de 2 m por 2 m","Y0","Pipe","Needs Review",NA,NA
"137","Pato de gallo","Present",1,">10cm","1302","1302_1","Mexico","UCIRI","Restoration","Restoration","30x30",4777,2305,"main","Normal_30x30_2",NA,"Permanent",0,0,"Los árboles se sembraron con una separación de 2 m por 2 m","Y0","Pato de gallo","Needs Review",NA,NA
"138","Achiote montés","Present",1,">10cm","1290","1290_1","Mexico","UCIRI","Restoration","Restoration","30x30",4825,2314,"main","Normal_30x30_2",NA,"Permanent",0,0,"Los árboles se sembraron con una separación de 2 m por 2 m","Y0","Achiote montés","Needs Review",NA,NA
"139","0",NA,0,NA,"1289","1289_1","Mexico","UCIRI","Restoration","Restoration","30x30",4881,2325,"main","Normal_30x30_2",NA,"Permanent",0,0,"Los árboles se sembraron con una separación de 2 m por 2 m","Y0","0","Needs Review",NA,NA
"140","Guirsiña","Present",8,">10cm","538","538-1","Mexico","UCIRI","Restoration","Restoration","30x30",4976,2345,"main","Normal_30x30_2",NA,"Permanent",0,0,"2 m por 2 m","Y0","Guirsiña","Needs Review",NA,NA
"141","Majahua","Present",3,">10cm","538","538-1","Mexico","UCIRI","Restoration","Restoration","30x30",4978,2345,"main","Normal_30x30_2",NA,"Permanent",0,0,"2 m por 2 m","Y0","Majahua","Needs Review",NA,NA
"142","Pipi","Present",1,">10cm","538","538-1","Mexico","UCIRI","Restoration","Restoration","30x30",4980,2345,"main","Normal_30x30_2",NA,"Permanent",0,0,"2 m por 2 m","Y0","Pipi","Needs Review",NA,NA
"143","Barbasco blanco","Present",2,">10cm","538","538-2","Mexico","UCIRI","Restoration","Restoration","30x30",4990,2346,"main","Normal_30x30_2",NA,"Permanent",0,0,"2 m por 2 m","Y0","Barbasco blanco","Needs Review",NA,NA
"144","Espina","Present",1,">10cm","538","538-4","Mexico","UCIRI","Restoration","Restoration","30x30",4994,2347,"main","Normal_30x30_2",NA,"Permanent",0,0,"2 m por 2 m","Y0","Espina","Needs Review",NA,NA
"145","Arbol desconocido no identificado","Present",3,">10cm","538","538-3","Mexico","UCIRI","Restoration","Restoration","30x30",5005,2348,"main","Normal_30x30_2",NA,"Permanent",0,0,"2 m por 2 m","Y0","Arbol desconocido no identificado","Needs Review",NA,NA
"146","Majauhua de pinolillo","Present",4,">10cm","1589","1589-2","Mexico","UCIRI","Restoration","Restoration","30x30",5006,2349,"main","Normal_30x30_2",NA,"Permanent",0,0,"2 m por 2 m","Y0","Majauhua de pinolillo","Needs Review",NA,NA
"147","Majahua de tuza.","Present",2,">10cm","1589","1589-2","Mexico","UCIRI","Restoration","Restoration","30x30",5007,2349,"main","Normal_30x30_2",NA,"Permanent",0,0,"2 m por 2 m","Y0","Majahua de tuza.","Needs Review",NA,NA
"148","Frutilla","Present",2,">10cm","1589","1589-2","Mexico","UCIRI","Restoration","Restoration","30x30",5010,2349,"main","Normal_30x30_2",NA,"Permanent",0,0,"2 m por 2 m","Y0","Frutilla","Needs Review",NA,NA
"149","Arbol de ahuate (arbol desconocido no identificado)","Present",1,">10cm","1589","1589-2","Mexico","UCIRI","Restoration","Restoration","30x30",5013,2349,"main","Normal_30x30_2",NA,"Permanent",0,0,"2 m por 2 m","Y0","Arbol de ahuate (arbol desconocido no identificado)","Needs Review",NA,NA
"150","Pipi (desconocido no identificado)","Present",1,">10cm","1587","1587-2","Mexico","UCIRI","Restoration","Restoration","30x30",5020,2351,"main","Normal_30x30_2",NA,"Permanent",0,0,"2 m por 2 m","Y0","Pipi (desconocido no identificado)","Needs Review",NA,NA
"151","Arbol amarillo (desconocido no.identificado)","Present",1,">10cm","1587","1587-2","Mexico","UCIRI","Restoration","Restoration","30x30",5021,2351,"main","Normal_30x30_2",NA,"Permanent",0,0,"2 m por 2 m","Y0","Arbol amarillo (desconocido no.identificado)","Needs Review",NA,NA
"152","Corpo","Present",1,">10cm","1587","1587-2","Mexico","UCIRI","Restoration","Restoration","30x30",5026,2351,"main","Normal_30x30_2",NA,"Permanent",0,0,"2 m por 2 m","Y0","Corpo","Needs Review",NA,NA
"153","Arbol de calabaza desconocido no identificado","Present",5,">10cm","1587","1587-1","Mexico","UCIRI","Restoration","Restoration","30x30",5031,2352,"main","Normal_30x30_2",NA,"Permanent",0,0,"2 m por 2 m","Y0","Arbol de calabaza desconocido no identificado","Needs Review",NA,NA
"154","Arbol colorado desconocido no identificado","Present",4,">10cm","1587","1587-1","Mexico","UCIRI","Restoration","Restoration","30x30",5035,2352,"main","Normal_30x30_2",NA,"Permanent",0,0,"2 m por 2 m","Y0","Arbol colorado desconocido no identificado","Needs Review",NA,NA
"155","Pipi desconocido no identificado","Present",5,">10cm","1587","1587-1","Mexico","UCIRI","Restoration","Restoration","30x30",5036,2352,"main","Normal_30x30_2",NA,"Permanent",0,0,"2 m por 2 m","Y0","Pipi desconocido no identificado","Needs Review",NA,NA
"156","Arbol amarillo desconocido no identificado","Present",2,">10cm","1587","1587-1","Mexico","UCIRI","Restoration","Restoration","30x30",5037,2352,"main","Normal_30x30_2",NA,"Permanent",0,0,"2 m por 2 m","Y0","Arbol amarillo desconocido no identificado","Needs Review",NA,NA
"157","Arbol desconicido no identificado","Present",14,">10cm","1586","1586-2","Mexico","UCIRI","Restoration","Restoration","30x30",5050,2353,"main","Normal_30x30_2",NA,"Permanent",0,0,"2 m por 2 m","Y0","Arbol desconicido no identificado","Needs Review",NA,NA
"158","Juan he","Present",2,">10cm","1579","1579","Mexico","CUCOS","Restoration","Restoration","30x30",5059,2355,"main","Normal_30x30_2",NA,"Permanent",0,0,"4x4","Y0","Juan he","Needs Review",NA,NA
"159","Tabachin","Present",1,">10cm","1489","1489","Mexico","CUCOS","Restoration","Restoration","30x30",5073,2358,"main","Normal_30x30_2",NA,"Permanent",0,0,"4x4","Y0","Tabachin","Needs Review",NA,NA
"160","Palo de hule","Present",1,">10cm","1597","1597","Mexico","CUCOS","Restoration","Restoration","30x30",5079,2360,"main","Normal_30x30_2",NA,"Permanent",0,0,"4x4","Y0","Palo de hule","Needs Review",NA,NA
"161","Parota","Present",1,">10cm","1616","1616","Mexico","CUCOS","Restoration","Restoration","30x30",5088,2363,"main","Normal_30x30_2",NA,"Permanent",0,0,"4x4","Y0","Parota","Needs Review",NA,NA
"162","Cedro rojo","Present",20,">10cm","1444","1444","Mexico","CUCOS","Restoration","Restoration","30x30",5090,2364,"main","Normal_30x30_2",NA,"Permanent",0,0,"4x4","Y0","Cedro rojo","Needs Review",NA,NA
"163","Cacahuanano","Present",1,">10cm","1444","1444","Mexico","CUCOS","Restoration","Restoration","30x30",5091,2364,"main","Normal_30x30_2",NA,"Permanent",0,0,"4x4","Y0","Cacahuanano","Needs Review",NA,NA
"164","Macuil mareño","Present",2,">10cm","1444","1444","Mexico","CUCOS","Restoration","Restoration","30x30",5092,2364,"main","Normal_30x30_2",NA,"Permanent",0,0,"4x4","Y0","Macuil mareño","Needs Review",NA,NA
"165","guanchal","Present",10,">10cm","1418","1418","Mexico","CUCOS","Restoration","Restoration","30x30",5095,2365,"main","Normal_30x30_2",NA,"Permanent",0,0,"3x3","Y0","guanchal","Needs Review",NA,NA
"166","macuil","Present",3,">10cm","1418","1418","Mexico","CUCOS","Restoration","Restoration","30x30",5096,2365,"main","Normal_30x30_2",NA,"Permanent",0,0,"3x3","Y0","macuil","Needs Review",NA,NA
"167","mangal","Present",2,">10cm","1418","1418","Mexico","CUCOS","Restoration","Restoration","30x30",5097,2365,"main","Normal_30x30_2",NA,"Permanent",0,0,"3x3","Y0","mangal","Needs Review",NA,NA
"168","palo de piedra","Present",2,">10cm","1418","1418","Mexico","CUCOS","Restoration","Restoration","30x30",5098,2365,"main","Normal_30x30_2",NA,"Permanent",0,0,"3x3","Y0","palo de piedra","Needs Review",NA,NA
"169","huele de noche","Present",4,">10cm","1418","1418","Mexico","CUCOS","Restoration","Restoration","30x30",5099,2365,"main","Normal_30x30_2",NA,"Permanent",0,0,"3x3","Y0","huele de noche","Needs Review",NA,NA
"170","guanchales","Present",3,">10cm","1437","1437","Mexico","CUCOS","Restoration","Restoration","30x30",5100,2366,"main","Normal_30x30_2",NA,"Permanent",0,0,"5x5","Y0","guanchales","Needs Review",NA,NA
"171","manodante","Present",1,">10cm","1437","1437","Mexico","CUCOS","Restoration","Restoration","30x30",5102,2366,"main","Normal_30x30_2",NA,"Permanent",0,0,"5x5","Y0","manodante","Needs Review",NA,NA
"172","frijolillo","Present",1,">10cm","1437","1437","Mexico","CUCOS","Restoration","Restoration","30x30",5103,2366,"main","Normal_30x30_2",NA,"Permanent",0,0,"5x5","Y0","frijolillo","Needs Review",NA,NA
"173","aguacatal","Present",1,">10cm","1437","1437","Mexico","CUCOS","Restoration","Restoration","30x30",5104,2366,"main","Normal_30x30_2",NA,"Permanent",0,0,"5x5","Y0","aguacatal","Needs Review",NA,NA
"174","caoba","Present",3,">10cm","1439","1439","Mexico","CUCOS","Restoration","Restoration","30x30",5106,2367,"main","Normal_30x30_2",NA,"Permanent",0,0,"2x2","Y0","caoba","Needs Review",NA,NA
"175","ciruela obo","Present",1,">10cm","1439","1439","Mexico","CUCOS","Restoration","Restoration","30x30",5107,2367,"main","Normal_30x30_2",NA,"Permanent",0,0,"2x2","Y0","ciruela obo","Needs Review",NA,NA
"176","camaron","Present",1,">10cm","1439","1439","Mexico","CUCOS","Restoration","Restoration","30x30",5108,2367,"main","Normal_30x30_2",NA,"Permanent",0,0,"2x2","Y0","camaron","Needs Review",NA,NA
"177","caulote","Present",2,">10cm","1439","1439","Mexico","CUCOS","Restoration","Restoration","30x30",5110,2367,"main","Normal_30x30_2",NA,"Permanent",0,0,"2x2","Y0","caulote","Needs Review",NA,NA
"178","palo de hule","Present",6,">10cm","1448","1448","Mexico","CUCOS","Restoration","Restoration","30x30",5112,2368,"main","Normal_30x30_2",NA,"Randomized",0,0,"3x3","Y0","palo de hule","Needs Review",NA,NA
"179","maluco","Present",1,">10cm","1448","1448","Mexico","CUCOS","Restoration","Restoration","30x30",5115,2368,"main","Normal_30x30_2",NA,"Randomized",0,0,"3x3","Y0","maluco","Needs Review",NA,NA
"180","naranjo","Present",4,">10cm","1448","1448","Mexico","CUCOS","Restoration","Restoration","30x30",5116,2368,"main","Normal_30x30_2",NA,"Randomized",0,0,"3x3","Y0","naranjo","Needs Review",NA,NA
"181","guanacastle","Present",3,">10cm","1435","1435","Mexico","CUCOS","Restoration","Restoration","30x30",5117,2369,"main","Normal_30x30_2",NA,"Randomized",0,0,"4x4","Y0","guanacastle","Needs Review",NA,NA
"182","mulato","Present",1,">10cm","1435","1435","Mexico","CUCOS","Restoration","Restoration","30x30",5118,2369,"main","Normal_30x30_2",NA,"Randomized",0,0,"4x4","Y0","mulato","Needs Review",NA,NA
"183","cedro rojo","Present",6,">10cm","1415","1415","Mexico","CUCOS","Restoration","Restoration","30x30",5124,2370,"main","Normal_30x30_2",NA,"Permanent",0,0,"2x2","Y0","cedro rojo","Needs Review",NA,NA
"184","guarumbp","Present",1,">10cm","1415","1415","Mexico","CUCOS","Restoration","Restoration","30x30",5125,2370,"main","Normal_30x30_2",NA,"Permanent",0,0,"2x2","Y0","guarumbp","Needs Review",NA,NA
"185","nicyamal","Present",2,">10cm","1415","1415","Mexico","CUCOS","Restoration","Restoration","30x30",5126,2370,"main","Normal_30x30_2",NA,"Permanent",0,0,"2x2","Y0","nicyamal","Needs Review",NA,NA
"186","aguacatillo","Present",2,">10cm","1415","1415","Mexico","CUCOS","Restoration","Restoration","30x30",5127,2370,"main","Normal_30x30_2",NA,"Permanent",0,0,"2x2","Y0","aguacatillo","Needs Review",NA,NA
"187","cuapinol","Present",4,">10cm","1445","1445","Mexico","CUCOS","Restoration","Restoration","30x30",5130,2371,"main","Normal_30x30_2",NA,"Permanent",0,0,"3.5x3.5","Y0","cuapinol","Needs Review",NA,NA
"188","coachepil","Present",1,">10cm","1445","1445","Mexico","CUCOS","Restoration","Restoration","30x30",5131,2371,"main","Normal_30x30_2",NA,"Permanent",0,0,"3.5x3.5","Y0","coachepil","Needs Review",NA,NA
"189","palo ropa","Present",1,">10cm","1445","1445","Mexico","CUCOS","Restoration","Restoration","30x30",5132,2371,"main","Normal_30x30_2",NA,"Permanent",0,0,"3.5x3.5","Y0","palo ropa","Needs Review",NA,NA
"190","pataste","Present",2,">10cm","1438","1438","Mexico","CUCOS","Restoration","Restoration","30x30",5133,2372,"main","Normal_30x30_2",NA,"Permanent",0,0,"2x2","Y0","pataste","Needs Review",NA,NA
"191","hormiguero","Present",1,">10cm","1447","1447","Mexico","CUCOS","Restoration","Restoration","30x30",5139,2373,"main","Normal_30x30_2",NA,"Permanent",0,0,"4x4","Y0","hormiguero","Needs Review",NA,NA
"192","hormigiero","Present",2,">10cm","1447","1447","Mexico","CUCOS","Restoration","Restoration","30x30",5141,2373,"main","Normal_30x30_2",NA,"Permanent",0,0,"4x4","Y0","hormigiero","Needs Review",NA,NA
"193","testing - delete this please","planted",1,">10cm","testing - delete this please","testing - delete this please","Malawi","Wells for Zoe","Control","Control","30x30",5243,2401,"main","Normal_30x30_2",NA,NA,0,1,NA,"Other","testing - delete this please","Needs Review",NA,NA
"194","testing2 - delete this please","naturally_regenerating",2,">10cm","testing - delete this please","testing - delete this please","Malawi","Wells for Zoe","Control","Control","30x30",5244,2401,"main","Normal_30x30_2",NA,NA,0,1,NA,"Other","testing2 - delete this please","Needs Review",NA,NA
"195","testing3 - delete this please","Present",3,">10cm","testing - delete this please","testing - delete this please","Malawi","Wells for Zoe","Control","Control","30x30",5245,2401,"main","Normal_30x30_2",NA,NA,0,1,NA,"Other","testing3 - delete this please","Needs Review",NA,NA
"196","testing4 - delete this please","don_t_know",4,">10cm","testing - delete this please","testing - delete this please","Malawi","Wells for Zoe","Control","Control","30x30",5246,2401,"main","Normal_30x30_2",NA,NA,0,1,NA,"Other","testing4 - delete this please","Needs Review",NA,NA
"197","Izote","Present",1,">10cm","1508","1508","Mexico","CUCOS","Restoration","Restoration","30x30",5248,2436,"main","Normal_30x30_2",NA,"Permanent",0,0,"3x4","Y0","Izote","Needs Review",NA,NA
"198","Palo de ropa","Present",2,">10cm","1508","1508","Mexico","CUCOS","Restoration","Restoration","30x30",5249,2436,"main","Normal_30x30_2",NA,"Permanent",0,0,"3x4","Y0","Palo de ropa","Needs Review",NA,NA
"199","Cuil chocolate","Present",1,">10cm","1508","1508","Mexico","CUCOS","Restoration","Restoration","30x30",5250,2436,"main","Normal_30x30_2",NA,"Permanent",0,0,"3x4","Y0","Cuil chocolate","Needs Review",NA,NA
"200","Palos e cobré","Present",2,">10cm","1508","1508","Mexico","CUCOS","Restoration","Restoration","30x30",5251,2436,"main","Normal_30x30_2",NA,"Permanent",0,0,"3x4","Y0","Palos e cobré","Needs Review",NA,NA
"201","Chamicillo","Present",4,">10cm","1507","1507","Mexico","CUCOS","Restoration","Restoration","30x30",5253,2437,"main","Normal_30x30_2",NA,"Permanent",0,0,"4x4","Y0","Chamicillo","Needs Review",NA,NA
"202","Cobre","Present",3,">10cm","1507","1507","Mexico","CUCOS","Restoration","Restoration","30x30",5254,2437,"main","Normal_30x30_2",NA,"Permanent",0,0,"4x4","Y0","Cobre","Needs Review",NA,NA
"203","Palo achiote silvestre","Present",2,">10cm","1302","1302_1","Mexico","UCIRI","Restoration","Restoration","30x30",5258,2438,"main","Normal_30x30_2",NA,"Permanent",0,0,"Los árboles se sembraron con una separación de 2 m por 2 m","Y0","Palo achiote silvestre","Needs Review",NA,NA
"204","Palo de achiote silvestre","Present",1,">10cm","1302","1302_1","Mexico","UCIRI","Restoration","Restoration","30x30",5283,2442,"main","Normal_30x30_2",NA,"Permanent",0,0,"Los árboles se sembraron con una separación de 2 m por 2 m","Y0","Palo de achiote silvestre","Needs Review",NA,NA
"205","Palo de canela","Present",5,">10cm","1302","1302_1","Mexico","UCIRI","Restoration","Restoration","30x30",5300,2445,"main","Normal_30x30_2",NA,"Permanent",0,0,"Los árboles se plantaron con una separación de 2 m por 2 m","Y0","Palo de canela","Needs Review",NA,NA
"206","Chamisillo","Present",6,">10cm","1512","1512","Mexico","CUCOS","Restoration","Restoration","30x30",5347,2454,"main","Normal_30x30_2",NA,"Permanent",0,0,"4x4","Y0","Chamisillo","Needs Review",NA,NA
"207","Encino","Present",2,">10cm","1512","1512","Mexico","CUCOS","Restoration","Restoration","30x30",5349,2454,"main","Normal_30x30_2",NA,"Permanent",0,0,"4x4","Y0","Encino","Needs Review",NA,NA
"208","Nanche","Present",2,">10cm","1487","1487","Mexico","CUCOS","Restoration","Restoration","30x30",5351,2455,"main","Normal_30x30_2",NA,"Permanent",0,0,"4x3","Y0","Nanche","Needs Review",NA,NA
"209","Aguacate","Present",4,">10cm","_1 Godofredo m","0_1","Mexico","UCIRI","Restoration","Restoration","30x30",5364,2457,"main","Normal_30x30_2",NA,"Permanent",0,0,"2 m por 2 m","Y0","Aguacate","Needs Review",NA,NA
"210","Mano de León","Present",2,">10cm","_1 Godofredo m","0_1","Mexico","UCIRI","Restoration","Restoration","30x30",5366,2457,"main","Normal_30x30_2",NA,"Permanent",0,0,"2 m por 2 m","Y0","Mano de León","Needs Review",NA,NA
"211","Tachuela","Present",1,">10cm","_1 Godofredo m","0_1","Mexico","UCIRI","Restoration","Restoration","30x30",5367,2457,"main","Normal_30x30_2",NA,"Permanent",0,0,"2 m por 2 m","Y0","Tachuela","Needs Review",NA,NA
"212","Madrecacao","Present",1,">10cm","_1 Godofredo m","0_1","Mexico","UCIRI","Restoration","Restoration","30x30",5368,2457,"main","Normal_30x30_2",NA,"Permanent",0,0,"2 m por 2 m","Y0","Madrecacao","Needs Review",NA,NA
"213","Ciruela morado","naturally_regenerating",2,">10cm","_1 Godofredo m","0_1","Mexico","UCIRI","Restoration","Restoration","30x30",5369,2457,"main","Normal_30x30_2",NA,"Permanent",0,0,"2 m por 2 m","Y0","Ciruela morado","Needs Review",NA,NA
"214","Mumato","Present",2,">10cm","1607","1607","Mexico","CUCOS","Restoration","Restoration","30x30",5370,2458,"main","Normal_30x30_2",NA,"Permanent",0,0,"4x4","Y0","Mumato","Needs Review",NA,NA
"215","Guanche","Present",4,">10cm","1607","1607","Mexico","CUCOS","Restoration","Restoration","30x30",5371,2458,"main","Normal_30x30_2",NA,"Permanent",0,0,"4x4","Y0","Guanche","Needs Review",NA,NA
"216","Mamey","Present",2,">10cm","1610","1610","Mexico","CUCOS","Restoration","Restoration","30x30",5374,2459,"main","Normal_30x30_2",NA,"Permanent",0,0,"4x4","Y0","Mamey","Needs Review",NA,NA
"217","Cuanacasle","Present",1,">10cm","1609","1609","Mexico","CUCOS","Restoration","Restoration","30x30",5381,2461,"main","Normal_30x30_2",NA,"Permanent",0,0,"4x5","Y0","Cuanacasle","Needs Review",NA,NA
"218","Ciruela de obo","Present",2,">10cm","1609","1609","Mexico","CUCOS","Restoration","Restoration","30x30",5382,2461,"main","Normal_30x30_2",NA,"Permanent",0,0,"4x5","Y0","Ciruela de obo","Needs Review",NA,NA
"219","Palo de hoja seca","Present",1,">10cm","1305","1305_1","Mexico","UCIRI","Restoration","Restoration","30x30",5389,2462,"main","Normal_30x30_2",NA,"Permanent",0,0,"Los árboles se plantaron con una separación de 2 m por 2 m","Y0","Palo de hoja seca","Needs Review",NA,NA
"220","Pata del gallo","Present",1,">10cm","1308","1308_1","Mexico","UCIRI","Restoration","Restoration","30x30",5521,2482,"main","Normal_30x30_2",NA,"Permanent",0,0,"Los árboles se plantaron con una separación de 2 m por 2 m","Y0","Pata del gallo","Needs Review",NA,NA
"221","Clericidias","Present",3,">10cm","S03","P583","Guatemala","Fedecovera","Restoration","Restoration","30x30",5637,2503,"main","Normal_30x30_2",NA,"Permanent",1,0,"5*5","Y0","Clericidias","Needs Review",NA,NA
"222","Secropia","Present",1,">10cm","S03","P583","Guatemala","Fedecovera","Restoration","Restoration","30x30",5638,2503,"main","Normal_30x30_2",NA,"Permanent",1,0,"5*5","Y0","Secropia","Needs Review",NA,NA
"223","Clerisidia sp","Present",3,">10cm","S03","P592","Guatemala","Fedecovera","Restoration","Restoration","30x30",5640,2504,"main","Normal_30x30_2",NA,"Permanent",0,0,"5x5","Y0","Clerisidia sp","Needs Review",NA,NA
"224","Calistemo","Present",2,">10cm","S03","P595","Guatemala","Fedecovera","Restoration","Restoration","30x30",5644,2506,"main","Normal_30x30_2",NA,"Permanent",1,0,"5x5m","Y0","Calistemo","Needs Review",NA,NA
"225",NA,NA,0,NA,"S03","P546","Guatemala","Fedecovera","Restoration","Restoration","30x30",5665,2514,"main","Normal_30x30_2",NA,"Permanent",1,0,"5x5m","Y0",NA,"Needs Review",NA,NA
"226","Ingas sp","Present",8,">10cm","S17","P580","Guatemala","Fedecovera","Restoration","Restoration","30x30",5691,2527,"main","Normal_30x30_2",NA,"Permanent",0,0,"5*5","Y0","Ingas sp","Needs Review",NA,NA
"227","No",NA,NA,NA,"S17","P581","Guatemala","Fedecovera","Restoration","Restoration","30x30",5693,2528,"main","Normal_30x30_2",NA,"Permanent",0,0,"5*5","Y0","No","Needs Review",NA,NA
"228","0",NA,0,NA,"S03","P534","Guatemala","Fedecovera","Restoration","Restoration","30x30",5699,2534,"main","Normal_30x30_2",NA,"Permanent",0,0,"5*5","Y0","0","Needs Review",NA,NA
"229","Laurel","Present",1,">10cm","S03","P513","Guatemala","Fedecovera","Restoration","Restoration","30x30",5704,2537,"main","Normal_30x30_2",NA,"Permanent",0,0,"5*5","Y0","Laurel","Needs Review",NA,NA
"230","Jicalpestle","Present",1,">10cm","1522","1522-1","Mexico","UCIRI","Restoration","Restoration","30x30",5759,2567,"main","Normal_30x30_2",NA,"Permanent",0,0,"Los árboles se plantaron con una separación de 3m × 3m","Y0","Jicalpestle","Needs Review",NA,NA
"231","Palo de leche","Present",1,">10cm","1566","1566-1
","Mexico","UCIRI","Restoration","Restoration","30x30",5799,2577,"main","Normal_30x30_2",NA,"Permanent",0,0,"Los árboles se plantaron con una separación de 2m × 2m","Y0","Palo de leche","Needs Review",NA,NA
"232",NA,"Present",NA,">10cm","2091","2091-1","Mexico","FONCET","Restoration","Restoration","30x30",5831,2585,"main","Normal_30x30_2",NA,"Permanent",0,0,"1.5 m por 1.5 m","Y0",NA,"Needs Review",NA,NA
"233","Nance","Present",1,">10cm","20 91","2091-2","Mexico","FONCET","Restoration","Restoration","30x30",5834,2586,"main","Normal_30x30_2",NA,"Permanent",0,0,"1.5 x 1.5","Y0","Nance","Needs Review",NA,NA
"234","Caoba","Present",2,">10cm","2091","2091-5","Mexico","FONCET","Restoration","Restoration","30x30",5842,2589,"main","Normal_30x30_2",NA,"Permanent",0,0,"1.5 x 1.5","Y0","Caoba","Needs Review",NA,NA
"235","Coyoute","Present",1,">10cm","S10","P304","Guatemala","Fedecovera","Restoration","Restoration","30x30",5865,2600,"main","Normal_30x30_2",NA,"Permanent",1,0,"5x5m - 3x3m","Y0","Coyoute","Needs Review",NA,NA
"236","Cansin","Present",1,">10cm","S10","P286","Guatemala","Fedecovera","Restoration","Restoration","30x30",5878,2608,"main","Normal_30x30_2",NA,"Permanent",1,0,"5x5m - 3x3m","Y0","Cansin","Needs Review",NA,NA
"237","sp1","planted",13,"<10cm planted","40","Test","Brazil","GANB","Restoration","Restoration","30x30",6031,2665,"main","Normal_30x30_2",NA,"Permanent",0,0,"A","Y0","sp1","Needs Review",NA,NA
"238","Palo de agua","Present",2,">10cm","1473","1473","Mexico","CUCOS","Restoration","Restoration","30x30",6037,2667,"main","Normal_30x30_2",NA,"Permanent",0,0,"4x4","Y0","Palo de agua","Needs Review",NA,NA
"239","Macui","Present",2,">10cm","1472","1472","Mexico","CUCOS","Restoration","Restoration","30x30",6039,2668,"main","Normal_30x30_2",NA,"Permanent",0,0,"4x4","Y0","Macui","Needs Review",NA,NA
"240","Palo de cobre","Present",2,">10cm","1472","1472","Mexico","CUCOS","Restoration","Restoration","30x30",6041,2668,"main","Normal_30x30_2",NA,"Permanent",0,0,"4x4","Y0","Palo de cobre","Needs Review",NA,NA
"241","Anon","Present",1,">10cm","1470","1470","Mexico","CUCOS","Restoration","Restoration","30x30",6043,2669,"main","Normal_30x30_2",NA,"Permanent",0,0,"4x4","Y0","Anon","Needs Review",NA,NA
"242","Huele de noche","Present",2,">10cm","1469","1469","Mexico","CUCOS","Restoration","Restoration","30x30",6048,2670,"main","Normal_30x30_2",NA,"Permanent",0,0,"4x4","Y0","Huele de noche","Needs Review",NA,NA
"243","Mandarina","Present",1,">10cm","1469","1469","Mexico","CUCOS","Restoration","Restoration","30x30",6052,2670,"main","Normal_30x30_2",NA,"Permanent",0,0,"4x4","Y0","Mandarina","Needs Review",NA,NA
"244","Palo de e agua","don_t_know",2,">10cm","1514","1514","Mexico","CUCOS","Restoration","Restoration","30x30",6053,2671,"main","Normal_30x30_2",NA,"Permanent",0,0,"4x4","Y0","Palo de e agua","Needs Review",NA,NA
"245","Guache","Present",12,">10cm","1514","1514","Mexico","CUCOS","Restoration","Restoration","30x30",6055,2671,"main","Normal_30x30_2",NA,"Permanent",0,0,"4x4","Y0","Guache","Needs Review",NA,NA
"246","Chamocillo","Present",2,">10cm","1514","1514","Mexico","CUCOS","Restoration","Restoration","30x30",6056,2671,"main","Normal_30x30_2",NA,"Permanent",0,0,"4x4","Y0","Chamocillo","Needs Review",NA,NA
"247","Hurumbo","Present",3,">10cm","1471","1471","Mexico","CUCOS","Restoration","Restoration","30x30",6058,2672,"main","Normal_30x30_2",NA,"Permanent",0,0,"4x4","Y0","Hurumbo","Needs Review",NA,NA
"248","Presea Americana","Present",10,">10cm","1617","Alberto - F2","Mexico","FONCET","Restoration","Restoration","30x30",6061,2674,"main","Normal_30x30_2",NA,"Permanent",2,2,"Los árboles se plantaron con una separación de 3 m por 2 m","Y0","Presea Americana","Needs Review",NA,NA
"249","No hay",NA,0,NA,"1626 4","1626","Mexico","FONCET","Restoration","Restoration","30x30",6066,2676,"main","Normal_30x30_2",NA,"Permanent",1,1,"Los árboles se plantaron con una separación de 3 m por 2 m","Y0","No hay","Needs Review",NA,NA
"250","Caspirol","Present",1,">10cm","887","887","Mexico","Café Capitan","Restoration","Restoration","30x30",6094,2691,"main","Normal_30x30_2",NA,"Permanent",0,0,"3*2","Y0","Caspirol","Needs Review",NA,NA
"251","Dikidambar","Present",3,">10cm","881","881","Mexico","Café Capitan","Restoration","Restoration","30x30",6115,2700,"main","Normal_30x30_2",NA,"Permanent",0,0,"2m por 1.5m","Y0","Dikidambar","Needs Review",NA,NA
"252","Capulín","Present",1,">10cm","881","881","Mexico","Café Capitan","Restoration","Restoration","30x30",6118,2702,"main","Normal_30x30_2",NA,"Permanent",0,0,"2x1.5","Y0","Capulín","Needs Review",NA,NA
"253","Chalum","Present",6,">10cm","904","904","Mexico","Café Capitan","Restoration","Restoration","30x30",6135,2714,"main","Normal_30x30_2",NA,"Permanent",0,0,"1.5cm por 1.5cm","Y0","Chalum","Needs Review",NA,NA
"254","Guachipilin","Present",2,">10cm","885","885","Mexico","Café Capitan","Restoration","Restoration","30x30",6151,2726,"main","Normal_30x30_2",NA,"Permanent",0,0,"1.5m por 2m","Y0","Guachipilin","Needs Review",NA,NA
"255","Ovis orientales aries","Present",1,">10cm","REBITRI-EC-PRR-FONCET","1682","Mexico","FONCET","Restoration","Restoration","30x30",6234,2766,"main","Normal_30x30_2",NA,"Permanent",0,0,"Los árboles se plantaron con una separación de 2.30 m por 1.30 m","Y0","Ovis orientales aries","Needs Review",NA,NA
"256","Chaperlilla","Present",3,">10cm","REBITRI-EC-PRR-FONCET","1682","Mexico","FONCET","Restoration","Restoration","30x30",6243,2766,"main","Normal_30x30_2",NA,"Permanent",0,0,"Los árboles se plantaron con una separación de 2.30 m por 1.30 m","Y0","Chaperlilla","Needs Review",NA,NA
"257","Majuelos carataegus","Present",5,">10cm","REBITRI-EC-PRR-FONCET","1682","Mexico","FONCET","Restoration","Restoration","30x30",6244,2766,"main","Normal_30x30_2",NA,"Permanent",0,0,"Los árboles se plantaron con una separación de 2.30 m por 1.30 m","Y0","Majuelos carataegus","Needs Review",NA,NA
"258","Palo hoja peluda","Present",5,">10cm","REBITRI-EC-PRR-FONCET","1682","Mexico","FONCET","Restoration","Restoration","30x30",6247,2766,"main","Normal_30x30_2",NA,"Permanent",0,0,"Los árboles se plantaron con una separación de 2.30 m por 1.30 m","Y0","Palo hoja peluda","Needs Review",NA,NA
"259","Herraje","Present",4,">10cm","869","869","Mexico","Café Capitan","Restoration","Restoration","30x30",6263,2770,"main","Normal_30x30_2",NA,"Permanent",0,0,"2x2","Y0","Herraje","Needs Review",NA,NA
"260","Erraje","Present",2,">10cm","1279","1279","Mexico","Café Capitan","Restoration","Restoration","30x30",6268,2773,"main","Normal_30x30_2",NA,"Permanent",0,0,"2 m por 2 m","Y0","Erraje","Needs Review",NA,NA
"261","Árbol pintacaja","Present",4,">10cm","S11","P732","Guatemala","Fedecovera","Restoration","Restoration","30x30",6298,2794,"main","Normal_30x30_2",NA,"Permanent",1,0,"5*5","Y0","Árbol pintacaja","Needs Review",NA,NA
"262","Cuercus plantae","Present",2,">10cm","S11","P717","Guatemala","Fedecovera","Restoration","Restoration","30x30",6302,2798,"main","Normal_30x30_2",NA,"Permanent",1,1,"3*5","Y0","Cuercus plantae","Needs Review",NA,NA
"263","Palo pintacaja","Present",2,">10cm","S11","P610","Guatemala","Fedecovera","Restoration","Restoration","30x30",6528,2886,"main","Normal_30x30_2",NA,"Permanent",0,0,"5*5","Y0","Palo pintacaja","Needs Review",NA,NA
"264","Palo tejón","Present",2,">10cm","1549","1549","Mexico","CUCOS","Restoration","Restoration","30x30",6649,2930,"main","Normal_30x30_2",NA,"Permanent",0,0,"4x4","Y0","Palo tejón","Needs Review",NA,NA
"265","Cimarron","Present",3,">10cm","1534","1534","Mexico","CUCOS","Restoration","Restoration","30x30",6657,2932,"main","Normal_30x30_2",NA,"Permanent",0,0,"Gps","Y0","Cimarron","Needs Review",NA,NA
"266","Chico zapote","Present",2,">10cm","1534","1534","Mexico","CUCOS","Restoration","Restoration","30x30",6658,2932,"main","Normal_30x30_2",NA,"Permanent",0,0,"Gps","Y0","Chico zapote","Needs Review",NA,NA
"267","Chamiso","Present",3,">10cm","1530","1530","Mexico","CUCOS","Restoration","Restoration","30x30",6661,2933,"main","Normal_30x30_2",NA,"Permanent",0,0,"4x4","Y0","Chamiso","Needs Review",NA,NA
"268","Palo de Piedra","Present",2,">10cm","1519","1519","Mexico","CUCOS","Restoration","Restoration","30x30",6677,2938,"main","Normal_30x30_2",NA,"Permanent",0,0,"4x4","Y0","Palo de Piedra","Needs Review",NA,NA
"269","Cimarrón","Present",4,">10cm","1519","1519","Mexico","CUCOS","Restoration","Restoration","30x30",6679,2938,"main","Normal_30x30_2",NA,"Permanent",0,0,"4x4","Y0","Cimarrón","Needs Review",NA,NA
"270","Chicosapote","Present",2,">10cm","1517","1517","Mexico","CUCOS","Restoration","Restoration","30x30",6681,2939,"main","Normal_30x30_2",NA,"Permanent",0,0,"4x4","Y0","Chicosapote","Needs Review",NA,NA
"271","Palo de pidra","Present",2,">10cm","1436","1436","Mexico","CUCOS","Control","Restoration","30x30",6697,2943,"main","Normal_30x30_2",NA,"Permanent",0,0,"4x4","Y0","Palo de pidra","Needs Review",NA,NA
"272","Chamizo","Present",2,">10cm","1440","1440","Mexico","CUCOS","Restoration","Restoration","30x30",6702,2944,"main","Normal_30x30_2",NA,"Permanent",0,0,"4x3","Y0","Chamizo","Needs Review",NA,NA
"273","Cuil peludo","Present",2,">10cm","1470","1470","Mexico","CUCOS","Restoration","Restoration","30x30",6704,2945,"main","Normal_30x30_2",NA,"Permanent",0,0,"4x4","Y0","Cuil peludo","Needs Review",NA,NA
"274","Pamo de cobre","Present",3,">10cm","1471","1471","Mexico","CUCOS","Restoration","Restoration","30x30",6708,2946,"main","Normal_30x30_2",NA,"Permanent",0,0,"4x4","Y0","Pamo de cobre","Needs Review",NA,NA
"275","Cuanche","Present",3,">10cm","1608","1608","Mexico","CUCOS","Restoration","Restoration","30x30",6716,2948,"main","Normal_30x30_2",NA,"Permanent",0,0,"4x4","Y0","Cuanche","Needs Review",NA,NA
"276","Rabo de iguaba","Present",2,">10cm","1608","1608","Mexico","CUCOS","Restoration","Restoration","30x30",6717,2948,"main","Normal_30x30_2",NA,"Permanent",0,0,"4x4","Y0","Rabo de iguaba","Needs Review",NA,NA
"277","Cuachepil","Present",2,">10cm","1615","1615","Mexico","CUCOS","Restoration","Restoration","30x30",6726,2951,"main","Normal_30x30_2",NA,"Permanent",0,0,"4x4","Y0","Cuachepil","Needs Review",NA,NA
"278","Capulin","Present",1,">10cm","1615","1615","Mexico","CUCOS","Restoration","Restoration","30x30",6729,2951,"main","Normal_30x30_2",NA,"Permanent",0,0,"4x4","Y0","Capulin","Needs Review",NA,NA
"279","Palo totomoxle","Present",2,">10cm","1518","1518","Mexico","CUCOS","Restoration","Restoration","30x30",6746,2956,"main","Normal_30x30_2",NA,"Permanent",0,0,"4x4","Y0","Palo totomoxle","Needs Review",NA,NA
"280","Juan Diego","Present",2,">10cm","1532","1532","Mexico","CUCOS","Restoration","Restoration","30x30",6760,2959,"main","Normal_30x30_2",NA,"Permanent",0,0,"4x5","Y0","Juan Diego","Needs Review",NA,NA
"281","Palo te piedra","Present",3,">10cm","1532","1532","Mexico","CUCOS","Restoration","Restoration","30x30",6761,2959,"main","Normal_30x30_2",NA,"Permanent",0,0,"4x5","Y0","Palo te piedra","Needs Review",NA,NA
"282","Chirimoya","Present",2,">10cm","1532","1532","Mexico","CUCOS","Restoration","Restoration","30x30",6762,2959,"main","Normal_30x30_2",NA,"Permanent",0,0,"4x5","Y0","Chirimoya","Needs Review",NA,NA
"283","Palo de mujer","Present",2,">10cm","1532","1532","Mexico","CUCOS","Restoration","Restoration","30x30",6763,2959,"main","Normal_30x30_2",NA,"Permanent",0,0,"4x5","Y0","Palo de mujer","Needs Review",NA,NA
"284","Zoyamiche","Present",10,">10cm","1533","1533","Mexico","CUCOS","Restoration","Restoration","30x30",6764,2960,"main","Normal_30x30_2",NA,"Permanent",0,0,"4x4","Y0","Zoyamiche","Needs Review",NA,NA
"285","Mallito","Present",3,">10cm","1465","1465","Mexico","CUCOS","Restoration","Restoration","30x30",6774,2970,"main","Normal_30x30_2",NA,"Permanent",0,0,"4x4","Y0","Mallito","Needs Review",NA,NA
"286","Chichicasle","Present",1,">10cm","1458","1458","Mexico","CUCOS","Restoration","Restoration","30x30",6784,2972,"main","Normal_30x30_2",NA,"Permanent",0,0,"4x4","Y0","Chichicasle","Needs Review",NA,NA
"287","Azulillo","Present",2,">10cm","1459","1459","Mexico","CUCOS","Restoration","Restoration","30x30",6791,2975,"main","Normal_30x30_2",NA,"Permanent",0,0,"4x4","Y0","Azulillo","Needs Review",NA,NA
"288","Palo de clavo","Present",2,">10cm","1459","1459","Mexico","CUCOS","Restoration","Restoration","30x30",6793,2975,"main","Normal_30x30_2",NA,"Permanent",0,0,"4x4","Y0","Palo de clavo","Needs Review",NA,NA
"289","Quescus sp.","Present",7,">10cm","1713","REBITRI-UPM-VSL-FONCET","Mexico","FONCET","Restoration","Restoration","30x30",6794,2976,"main","Normal_30x30_2",NA,"Permanent",0,0,"4m","Y0","Quescus sp.","Needs Review",NA,NA
"290","Citronela sp","Present",1,">10cm","1713","REBITRI-UPM-VSL-FONCET","Mexico","FONCET","Restoration","Restoration","30x30",6799,2976,"main","Normal_30x30_2",NA,"Permanent",0,0,"4m","Y0","Citronela sp","Needs Review",NA,NA
"291","Barbasco","Present",5,">10cm","1539","1539-1","Mexico","UCIRI","Restoration","Restoration","30x30",6810,2980,"main","Normal_30x30_2",NA,"Permanent",0,0,"Los árboles se plantaron con una separación de 3×3metros","Y0","Barbasco","Needs Review",NA,NA
"292","Zuenalia sp","Present",1,">10cm","1683","REBITRI-EC-ECRB-FONCET","Mexico","FONCET","Restoration","Restoration","30x30",6814,2981,"main","Normal_30x30_2",NA,"Permanent",0,0,"2m","Y0","Zuenalia sp","Needs Review",NA,NA
"293","Roble 1,laurel 1","Present",NA,">10cm","1678","P2 Zapotal","Mexico","FONCET","Restoration","Restoration","30x30",6822,2985,"main","Normal_30x30_2",NA,"Permanent",0,0,"Si
","Y0","Roble 1,laurel 1","Needs Review",NA,NA
"294","Cedro","Present",2,">10cm","1578","1578","Mexico","CUCOS","Restoration","Restoration","30x30",6931,3034,"main","Normal_30x30_2",NA,"Permanent",0,0,"4x4","Y0","Cedro","Needs Review",NA,NA
"295","Guanchal","Present",2,">10cm","1538","1538","Mexico","CUCOS","Restoration","Restoration","30x30",6946,3039,"main","Normal_30x30_2",NA,"Permanent",0,0,"4x4","Y0","Guanchal","Needs Review",NA,NA
"296","Hormiguero","Present",2,">10cm","1477","1477","Mexico","CUCOS","Restoration","Restoration","30x30",6950,3041,"main","Normal_30x30_2",NA,"Permanent",0,0,"4x4","Y0","Hormiguero","Needs Review",NA,NA
"297","Macuim","Present",1,">10cm","1469","1466","Mexico","CUCOS","Restoration","Restoration","30x30",6954,3042,"main","Normal_30x30_2",NA,"Permanent",0,0,"4x4","Y0","Macuim","Needs Review",NA,NA
"298","Cuapinol","Present",1,">10cm","1464","1464","Mexico","CUCOS","Restoration","Restoration","30x30",6960,3044,"main","Normal_30x30_2",NA,"Permanent",0,0,"4x4","Y0","Cuapinol","Needs Review",NA,NA
"299","Mamellito","Present",2,">10cm","807","807","Mexico","CUCOS","Restoration","Restoration","30x30",7007,3057,"main","Normal_30x30_2",NA,"Permanent",0,0,"4x4","Y0","Mamellito","Needs Review",NA,NA
"300","Sangualico","Present",2,">10cm","807","807","Mexico","CUCOS","Restoration","Restoration","30x30",7008,3057,"main","Normal_30x30_2",NA,"Permanent",0,0,"4x4","Y0","Sangualico","Needs Review",NA,NA
"301","Comarron","Present",1,">10cm","1635","1635","Mexico","CUCOS","Restoration","Restoration","30x30",7016,3059,"main","Normal_30x30_2",NA,"Permanent",0,0,"4x3","Y0","Comarron","Needs Review",NA,NA
"302","Macahuite","Present",1,">10cm","807","807","Mexico","CUCOS","Restoration","Restoration","30x30",7034,3065,"main","Normal_30x30_2",NA,"Permanent",0,0,"4x4","Y0","Macahuite","Needs Review",NA,NA
"303","Samhualico","Present",3,">10cm","807","807","Mexico","CUCOS","Restoration","Restoration","30x30",7035,3065,"main","Normal_30x30_2",NA,"Permanent",0,0,"4x4","Y0","Samhualico","Needs Review",NA,NA
"304","Naranjillo","Present",1,">10cm","807","807","Mexico","CUCOS","Restoration","Restoration","30x30",7036,3065,"main","Normal_30x30_2",NA,"Permanent",0,0,"4x4","Y0","Naranjillo","Needs Review",NA,NA
"305","Chicozapote","Present",3,">10cm","1457","1457","Mexico","CUCOS","Restoration","Restoration","30x30",7049,3069,"main","Normal_30x30_2",NA,"Permanent",0,0,"4x4","Y0","Chicozapote","Needs Review",NA,NA
"306","Giarumbo","Present",4,">10cm","1480","1480","Mexico","CUCOS","Restoration","Restoration","30x30",7050,3070,"main","Normal_30x30_2",NA,"Permanent",0,0,"4x4","Y0","Giarumbo","Needs Review",NA,NA
"307","Sombrerete","Present",2,">10cm","1559","1559-1","Mexico","UCIRI","Restoration","Restoration","30x30",7103,3080,"main","Normal_30x30_2",NA,"Permanent",0,0,"Los árboles se plantaron con una separación de 3m ×3m","Y0","Sombrerete","Needs Review",NA,NA
"308","Achiote de montaña","Present",8,">10cm","1562","1562-1","Mexico","UCIRI","Restoration","Restoration","30x30",7117,3082,"main","Normal_30x30_2",NA,"Permanent",0,0,"Los árboles se plantaron con una separación de 4 m por 4 m","Y0","Achiote de montaña","Needs Review",NA,NA
"309","Mphangala","naturally_regenerating",1,"1 - 9.9cm","180","P7","Malawi","Wells for Zoe","Control","Control","3x3",184,248,"main","Nested_3x3_within_30x30_2",NA,NA,0,0,NA,"Y0","Mphangala","Needs Review",NA,NA
"310","Chitimbe","naturally_regenerating",18,"1 - 9.9cm","180","P4","Malawi","Wells for Zoe","Restoration","Restoration","3x3",198,262,"main","Nested_3x3_within_30x30_2",NA,"Permanent",2,0,"2m by 2m","Y0","Chitimbe","Needs Review",NA,NA
"311","Mbawa","naturally_regenerating",37,"1 - 9.9cm","180","P4","Malawi","Wells for Zoe","Restoration","Restoration","3x3",199,262,"main","Nested_3x3_within_30x30_2",NA,"Permanent",2,0,"2m by 2m","Y0","Mbawa","Needs Review",NA,NA
"312","Kaumbwe","naturally_regenerating",1,"1 - 9.9cm","180","P8","Malawi","Wells for Zoe","Control","Control","3x3",200,264,"main","Nested_3x3_within_30x30_2",NA,NA,0,0,NA,"Y0","Kaumbwe","Needs Review",NA,NA
"313","mlama","naturally_regenerating",1,"1 - 9.9cm","180","P8","Malawi","Wells for Zoe","Control","Control","3x3",202,264,"main","Nested_3x3_within_30x30_2",NA,NA,0,0,NA,"Y0","mlama","Needs Review",NA,NA
"314","Chisoyo","naturally_regenerating",2,"1 - 9.9cm","180","P9","Malawi","Wells for Zoe","Restoration","Restoration","3x3",203,265,"main","Nested_3x3_within_30x30_2",NA,"Permanent",2,0,"2m by 2m","Y0","Chisoyo","Needs Review",NA,NA
"315","Maviru","naturally_regenerating",1,"1 - 9.9cm","180","P9","Malawi","Wells for Zoe","Restoration","Restoration","3x3",204,265,"main","Nested_3x3_within_30x30_2",NA,"Permanent",2,0,"2m by 2m","Y0","Maviru","Needs Review",NA,NA
"316","Mtanthanyelere","naturally_regenerating",1,"1 - 9.9cm","180","P11","Malawi","Wells for Zoe","Control","Restoration","3x3",209,267,"main","Nested_3x3_within_30x30_2",NA,"Permanent",2,0,"2m by 2m","Y0","Mtanthanyelere","Needs Review",NA,NA
"317","mkukhu","naturally_regenerating",1,"1 - 9.9cm","180","P12","Malawi","Wells for Zoe","Restoration","Restoration","3x3",210,268,"main","Nested_3x3_within_30x30_2",NA,"Permanent",2,0,"2m by 2m","Y0","mkukhu","Needs Review",NA,NA
"318","Msuku","naturally_regenerating",15,"1 - 9.9cm","180","M16","Malawi","Wells for Zoe","Restoration","Restoration","3x3",215,272,"main","Nested_3x3_within_30x30_2",NA,"Randomized",2,2,"2m by 2m","Y0","Msuku","Needs Review",NA,NA
"319","Muula","naturally_regenerating",2,"1 - 9.9cm","180","M11","Malawi","Wells for Zoe","Control","Control","3x3",225,278,"main","Nested_3x3_within_30x30_2",NA,NA,0,0,NA,"Y0","Muula","Needs Review",NA,NA
"320","Mlama","naturally_regenerating",1,"1 - 9.9cm","180","M14","Malawi","Wells for Zoe","Restoration","Restoration","3x3",228,279,"main","Nested_3x3_within_30x30_2",NA,"Randomized",2,0,"2m by 2m","Y0","Mlama","Needs Review",NA,NA
"321","1",NA,NA,NA,"180","M18","Malawi","Wells for Zoe","Control","Control","3x3",231,281,"main","Nested_3x3_within_30x30_2",NA,NA,0,1,NA,"Y0","1","Needs Review",NA,NA
"322","Maviro","naturally_regenerating",1,"1 - 9.9cm","180","P20","Malawi","Wells for Zoe","Control","Control","3x3",237,287,"main","Nested_3x3_within_30x30_2",NA,NA,0,2,NA,"Y0","Maviro","Needs Review",NA,NA
"323","Mloro","naturally_regenerating",2,"1 - 9.9cm","180","M28","Malawi","Wells for Zoe","Control","Control","3x3",256,296,"main","Nested_3x3_within_30x30_2",NA,NA,0,2,NA,"Y0","Mloro","Needs Review",NA,NA
"324","Katope","naturally_regenerating",2,"1 - 9.9cm","180","M39","Malawi","Wells for Zoe","Restoration","Restoration","3x3",258,301,"main","Nested_3x3_within_30x30_2",NA,"Randomized",1,1,"2m by 2m","Y0","Katope","Needs Review",NA,NA
"325","Muwula","naturally_regenerating",1,"1 - 9.9cm","180","M39","Malawi","Wells for Zoe","Restoration","Restoration","3x3",259,301,"main","Nested_3x3_within_30x30_2",NA,"Randomized",1,1,"2m by 2m","Y0","Muwula","Needs Review",NA,NA
"326","Mkalakati","naturally_regenerating",1,"1 - 9.9cm","180","P38","Malawi","Wells for Zoe","Restoration","Restoration","3x3",264,305,"main","Nested_3x3_within_30x30_2",NA,"Randomized",1,1,"2m by 2m","Y0","Mkalakati","Needs Review",NA,NA
"327","Maula","naturally_regenerating",2,"1 - 9.9cm","180","M24","Malawi","Wells for Zoe","Control","Control","3x3",265,306,"main","Nested_3x3_within_30x30_2",NA,NA,0,1,NA,"Y0","Maula","Needs Review",NA,NA
"328","Msambafumu","naturally_regenerating",14,"1 - 9.9cm","180","M34","Malawi","Wells for Zoe","Control","Restoration","3x3",270,310,"main","Nested_3x3_within_30x30_2",NA,"Randomized",2,1,"2m by 2m","Y0","Msambafumu","Needs Review",NA,NA
"329","Matowo","planted",16,"<10cm planted","180","M34","Malawi","Wells for Zoe","Control","Restoration","3x3",272,310,"main","Nested_3x3_within_30x30_2",NA,"Randomized",2,1,"2m by 2m","Y0","Matowo","Needs Review",NA,NA
"330","Coffe","Present",1,"1 - 9.9cm","865","865 - 2","Mexico","Macuiles","Restoration","Restoration","3x3",297,329,"main","Nested_3x3_within_30x30_2",NA,"Permanent",0,0,"Se plantaron a una distancia de 5 m por 5 m.","Y0","Coffe","Needs Review",NA,NA
"331","ghhh",NA,NA,NA,"1783","S0040MP1","Madagascar","Amadese","Restoration","Restoration","3x3",406,743,"main","Nested_3x3_within_30x30_2",NA,"Permanent",2,0,"ghh","Y0","ghhh","Needs Review",NA,NA
"332","Hasina","planted",4,"<10cm planted","1892","S0149MP6","Madagascar","Taotsara","Restoration","Restoration","3x3",471,912,"main","Nested_3x3_within_30x30_2",NA,"Permanent",0,0,"2*2","Y0","Hasina","Needs Review",NA,NA
"333","Punis","Present",5,"1 - 9.9cm","1891","S0148mp1","Madagascar","Taotsara","Restoration","Restoration","3x3",593,1153,"main","Nested_3x3_within_30x30_2",NA,"Permanent",2,2,"2*2","Y0","Punis","Needs Review",NA,NA
"334","Voapika aluaudi","naturally_regenerating",1,"1 - 9.9cm","1795","S0052MP 66","Madagascar","FAFIALA","Restoration","Restoration","3x3",754,1554,"main","Nested_3x3_within_30x30_2",NA,"Permanent",2,2,"2m*2m","Y0","Voapika aluaudi","Needs Review",NA,NA
"335","Arbol bejuco, no conocido","Present",1,"1 - 9.9cm","1654","1654","Mexico","FONCET","Restoration","Restoration","3x3",1058,2125,"main","Nested_3x3_within_30x30_2",NA,"Permanent",0,0,"4X4","Y0","Arbol bejuco, no conocido","Needs Review",NA,NA
"336","Palo de agua","Present",1,"1 - 9.9cm","1711","1","Mexico","FONCET","Restoration","Restoration","3x3",1060,2134,"main","Nested_3x3_within_30x30_2",NA,"Permanent",1,2,"2 m por 2 m","Y0","Palo de agua","Needs Review",NA,NA
"337","Lombricera","Present",2,"1 - 9.9cm","809","809","Mexico","AMBIO","Restoration","Restoration","3x3",1084,2159,"main","Nested_3x3_within_30x30_2",NA,"Permanent",0,0,"4 M x 4 M","Y0","Lombricera","Needs Review",NA,NA
"338","Caca lol","planted",2,"<10cm planted","1604","1604","Mexico","CUCOS","Restoration","Restoration","3x3",1117,2225,"main","Nested_3x3_within_30x30_2",NA,"Permanent",0,0,"4x4","Y0","Caca lol","Needs Review",NA,NA
"339","Sycamore","naturally_regenerating",27,"1 - 9.9cm","2007","CI23-1","USA","Green Forests Work","Restoration","Restoration","3x3",1133,2236,"main","Nested_3x3_within_30x30_2",NA,"Permanent",0,0,"2.5x2.5 spacing","Y0","Sycamore","Needs Review",NA,NA
"340",NA,"naturally_regenerating",NA,"1 - 9.9cm","2007","CI23_P22","USA","Green Forests Work","Restoration","Restoration","3x3",1148,2258,"main","Nested_3x3_within_30x30_2",NA,"Permanent",0,0,"2 m x 2m","Y0",NA,"Needs Review",NA,NA
"341","Caco","planted",2,"<10cm planted","1601","1601","Mexico","CUCOS","Restoration","Restoration","3x3",1162,2269,"main","Nested_3x3_within_30x30_2",NA,"Permanent",0,0,"4x4","Y0","Caco","Needs Review",NA,NA
"342","Ninguno","don_t_know",0,"1 - 9.9cm","1692","REBITRI-EC-FSG-FONCET","Mexico","FONCET","Restoration","Restoration","3x3",1166,2273,"main","Nested_3x3_within_30x30_2",NA,"Permanent",1,0,"2x2","Y0","Ninguno","Needs Review",NA,NA
"343","0","Present",0,"1 - 9.9cm","1702","REBITRI-M-GCE-FONCET","Mexico","FONCET","Restoration","Restoration","3x3",1168,2275,"main","Nested_3x3_within_30x30_2",NA,"Permanent",0,0,"2x2","Y0","0","Needs Review",NA,NA
"344","Arbol desconocido (no identificado de calabaza)","Present",1,"1 - 9.9cm","1586","1586-2","Mexico","UCIRI","Restoration","Restoration","3x3",1232,2353,"main","Nested_3x3_within_30x30_2",NA,"Permanent",0,0,"2 m por 2 m","Y0","Arbol desconocido (no identificado de calabaza)","Needs Review",NA,NA
"345","Cage","Present",2,"1 - 9.9cm","1600","1600","Mexico","CUCOS","Restoration","Restoration","3x3",1235,2356,"main","Nested_3x3_within_30x30_2",NA,"Permanent",0,0,"4x4","Y0","Cage","Needs Review",NA,NA
"346","Cimarro","naturally_regenerating",1,"1 - 9.9cm","1489","1489","Mexico","CUCOS","Restoration","Restoration","3x3",1237,2358,"main","Nested_3x3_within_30x30_2",NA,"Permanent",0,0,"4x4","Y0","Cimarro","Needs Review",NA,NA
"347","Palo d piedra","naturally_regenerating",3,"1 - 9.9cm","1590","1590","Mexico","CUCOS","Restoration","Restoration","3x3",1241,2361,"main","Nested_3x3_within_30x30_2",NA,"Permanent",0,0,"4x4","Y0","Palo d piedra","Needs Review",NA,NA
"348","Huan che","naturally_regenerating",2,"1 - 9.9cm","1616","1616","Mexico","CUCOS","Restoration","Restoration","3x3",1243,2363,"main","Nested_3x3_within_30x30_2",NA,"Permanent",0,0,"4x4","Y0","Huan che","Needs Review",NA,NA
"349","cafeto","planted",1,"<10cm planted","1437","1437","Mexico","CUCOS","Restoration","Restoration","3x3",1247,2366,"main","Nested_3x3_within_30x30_2",NA,"Permanent",0,0,"5x5","Y0","cafeto","Needs Review",NA,NA
"350",NA,"planted",1,"<10cm planted","1445","1445","Mexico","CUCOS","Restoration","Restoration","3x3",1251,2371,"main","Nested_3x3_within_30x30_2",NA,"Permanent",0,0,"3.5x3.5","Y0",NA,"Needs Review",NA,NA
"351","homiguero","naturally_regenerating",1,"1 - 9.9cm","1447","1447","Mexico","CUCOS","Restoration","Restoration","3x3",1254,2373,"main","Nested_3x3_within_30x30_2",NA,"Permanent",0,0,"4x4","Y0","homiguero","Needs Review",NA,NA
"352","testing1 - delete this please","planted",1,"1 - 9.9cm","testing - delete this please","testing - delete this please","Malawi","Wells for Zoe","Control","Control","3x3",1309,2401,"main","Nested_3x3_within_30x30_2",NA,NA,0,1,NA,"Other","testing1 - delete this please","Needs Review",NA,NA
"353",".palo de ropa","naturally_regenerating",2,"1 - 9.9cm","1508","1508","Mexico","CUCOS","Restoration","Restoration","3x3",1311,2436,"main","Nested_3x3_within_30x30_2",NA,"Permanent",0,0,"3x4","Y0",".palo de ropa","Needs Review",NA,NA
"354","Huaje blanco","naturally_regenerating",2,"1 - 9.9cm","1512","1512","Mexico","CUCOS","Restoration","Restoration","3x3",1330,2454,"main","Nested_3x3_within_30x30_2",NA,"Permanent",0,0,"4x4","Y0","Huaje blanco","Needs Review",NA,NA
"355","Po hormiguero","naturally_regenerating",4,"1 - 9.9cm","1607","1607","Mexico","CUCOS","Restoration","Restoration","3x3",1334,2458,"main","Nested_3x3_within_30x30_2",NA,"Permanent",0,0,"4x4","Y0","Po hormiguero","Needs Review",NA,NA
"356","Caffe arábiga","Present",1,"1 - 9.9cm","1305","1305_1","Mexico","UCIRI","Restoration","Restoration","3x3",1340,2462,"main","Nested_3x3_within_30x30_2",NA,"Permanent",0,0,"Los árboles se plantaron con una separación de 2 m por 2 m","Y0","Caffe arábiga","Needs Review",NA,NA
"357","Matabuey","Present",1,"1 - 9.9cm","1904","1904","Mexico","FONCET","Restoration","Restoration","3x3",1591,2677,"main","Nested_3x3_within_30x30_2",NA,"Permanent",0,1,"Los árboles se plantaron con una separación de 3 m por 2 m","Y0","Matabuey","Needs Review",NA,NA
"358","Cimarron,","naturally_regenerating",2,"1 - 9.9cm","1534","1534","Mexico","CUCOS","Restoration","Restoration","3x3",1762,2932,"main","Nested_3x3_within_30x30_2",NA,"Permanent",0,0,"Gps","Y0","Cimarron,","Needs Review",NA,NA
"359","Palo de totomoxe","naturally_regenerating",1,"1 - 9.9cm","1517","1517","Mexico","CUCOS","Restoration","Restoration","3x3",1765,2939,"main","Nested_3x3_within_30x30_2",NA,"Permanent",0,0,"4x4","Y0","Palo de totomoxe","Needs Review",NA,NA
"360","Tepexilote","naturally_regenerating",1,"1 - 9.9cm","1493","1493","Mexico","CUCOS","Restoration","Restoration","3x3",1768,2942,"main","Nested_3x3_within_30x30_2",NA,"Permanent",0,0,"4x4","Y0","Tepexilote","Needs Review",NA,NA
"361","Chinizo","naturally_regenerating",2,"1 - 9.9cm","1440","1440","Mexico","CUCOS","Restoration","Restoration","3x3",1770,2944,"main","Nested_3x3_within_30x30_2",NA,"Permanent",0,0,"4x3","Y0","Chinizo","Needs Review",NA,NA
"362","Chamuzl","naturally_regenerating",1,"1 - 9.9cm","1471","1471","Mexico","CUCOS","Restoration","Restoration","3x3",1772,2946,"main","Nested_3x3_within_30x30_2",NA,"Permanent",0,0,"4x4","Y0","Chamuzl","Needs Review",NA,NA
"363","Palo Tejon","naturally_regenerating",2,"1 - 9.9cm","1532","1532","Mexico","CUCOS","Restoration","Restoration","3x3",1786,2959,"main","Nested_3x3_within_30x30_2",NA,"Permanent",0,0,"4x5","Y0","Palo Tejon","Needs Review",NA,NA
"364","Roble  laurel",NA,NA,NA,"1678","P2 Zapotal","Mexico","FONCET","Restoration","Restoration","3x3",1807,2985,"main","Nested_3x3_within_30x30_2",NA,"Permanent",0,0,"Si
","Y0","Roble  laurel","Needs Review",NA,NA
"365","Camarón","naturally_regenerating",1,"1 - 9.9cm","1570","1570","Mexico","CUCOS","Restoration","Restoration","3x3",1839,3038,"main","Nested_3x3_within_30x30_2",NA,"Permanent",0,0,"4x4","Y0","Camarón","Needs Review",NA,NA
"366","Ccoffea","Present",2,"1 - 9.9cm","1468","1468","Mexico","CUCOS","Restoration","Restoration","3x3",1848,3047,"main","Nested_3x3_within_30x30_2",NA,"Permanent",0,0,"4x4","Y0","Ccoffea","Needs Review",NA,NA
"367","Tejón","Present",1,"1 - 9.9cm","1480","1480","Mexico","CUCOS","Restoration","Restoration","3x3",1869,3067,"main","Nested_3x3_within_30x30_2",NA,"Permanent",0,0,"4x4","Y0","Tejón","Needs Review",NA,NA
"368","Teóroma cacao","planted",1,"<10cm planted","1564","1564-1","Mexico","UCIRI","Restoration","Restoration","3x3",1891,3083,"main","Nested_3x3_within_30x30_2",NA,"Permanent",0,0,"Los árboles se plantaron con una separación de 3 m por 3 m","Y0","Teóroma cacao","Needs Review",NA,NA
"369","sjdjd","planted",NA,"<10cm planted","S01","P01","Madagascar","CI Madagascar","Restoration","Restoration","30x30",3,50,"main","Planted_30x30",NA,"Permanent",0,0,"2msur2m","Y0","sjdjd","Needs Review",NA,NA
"370","jd","planted",NA,"<10cm planted","S01","P01","Madagascar","CI Madagascar","Restoration","Restoration","30x30",4,50,"main","Planted_30x30",NA,"Permanent",0,0,"2msur2m","Y0","jd","Needs Review",NA,NA
"371","ueyeg","planted",NA,"<10cm planted","S01","P01","Madagascar","CI Madagascar","Restoration","Restoration","30x30",5,50,"main","Planted_30x30",NA,"Permanent",0,0,"2msur2m","Y0","ueyeg","Needs Review",NA,NA
"372","yzyz","planted",NA,"<10cm planted","S01","P01","Madagascar","CI Madagascar","Restoration","Restoration","30x30",6,50,"main","Planted_30x30",NA,"Permanent",0,0,"2msur2m","Y0","yzyz","Needs Review",NA,NA
"373","Não possue","planted",0,"<10cm planted","40","Parcela 1","Brazil","GANB","Restoration","Restoration","30x30",17,104,"main","Planted_30x30",NA,"Permanent",0,1,"3x2","Y0","Não possue","Needs Review",NA,NA
"374","Mtondo","planted",56,"<10cm planted","180","M2","Malawi","Wells for Zoe","Restoration","Restoration","30x30",30,255,"main","Planted_30x30",NA,"Permanent",0,2,"2m by 2m","Y0","Mtondo","Needs Review",NA,NA
"375","mphakasa","planted",26,"<10cm planted","180","P10","Malawi","Wells for Zoe","Restoration","Restoration","30x30",53,266,"main","Planted_30x30",NA,"Permanent",0,0,"2m by 2m","Y0","mphakasa","Needs Review",NA,NA
"376","mlonde","planted",29,"<10cm planted","180","P10","Malawi","Wells for Zoe","Restoration","Restoration","30x30",54,266,"main","Planted_30x30",NA,"Permanent",0,0,"2m by 2m","Y0","mlonde","Needs Review",NA,NA
"377","chitimbe","planted",19,"<10cm planted","180","P10","Malawi","Wells for Zoe","Restoration","Restoration","30x30",55,266,"main","Planted_30x30",NA,"Permanent",0,0,"2m by 2m","Y0","chitimbe","Needs Review",NA,NA
"378","mbawa","planted",12,"<10cm planted","180","P10","Malawi","Wells for Zoe","Restoration","Restoration","30x30",56,266,"main","Planted_30x30",NA,"Permanent",0,0,"2m by 2m","Y0","m'bawa","Needs Review",NA,NA
"379","msambafumu","planted",14,"<10cm planted","180","P10","Malawi","Wells for Zoe","Restoration","Restoration","30x30",57,266,"main","Planted_30x30",NA,"Permanent",0,0,"2m by 2m","Y0","msambafumu","Needs Review",NA,NA
"380","mtondo","planted",4,"<10cm planted","180","P12","Malawi","Wells for Zoe","Restoration","Restoration","30x30",58,268,"main","Planted_30x30",NA,"Permanent",2,0,"2m by 2m","Y0","mtondo","Needs Review",NA,NA
"381","Mthethe","planted",1,"<10cm planted","180","m34","Malawi","Wells for Zoe","Restoration","Restoration","30x30",72,299,"main","Planted_30x30",NA,"Permanent",1,2,"2m by 2m","Y0","Mthethe","Needs Review",NA,NA
"382","ghgh","planted",NA,"<10cm planted","1783","S0040MP1","Madagascar","Amadese","Restoration","Restoration","30x30",109,743,"main","Planted_30x30",NA,"Permanent",2,0,"ghh","Y0","ghgh","Needs Review",NA,NA
"383","Letchi","planted",23,"<10cm planted","1836","S0092MP1","Madagascar","Taotsara","Restoration","Restoration","30x30",193,772,"main","Planted_30x30",NA,"Permanent",2,2,"4m sur 4m","Y0","Letchi","Needs Review",NA,NA
"384","Fomohilambo","planted",11,"<10cm planted","1862","S0119MP17","Madagascar","Taotsara","Restoration","Restoration","30x30",399,841,"main","Planted_30x30",NA,"Permanent",0,2,"2m.2m","Y0","Fomohilambo","Needs Review",NA,NA
"385","Handrarezina","planted",19,"<10cm planted","1862","S0119MP18","Madagascar","Taotsara","Restoration","Restoration","30x30",405,843,"main","Planted_30x30",NA,"Permanent",0,0,"2m.2m","Y0","Handrarezina","Needs Review",NA,NA
"386","Bracaena perieri","planted",3,"<10cm planted","1832","S0089MP1","Madagascar","Taotsara","Restoration","Restoration","30x30",577,898,"main","Planted_30x30",NA,"Permanent",0,0,"10*10","Y0","Bracaena perieri","Needs Review",NA,NA
"387","Psydia","planted",3,"<10cm planted","1851","S0108MP59","Madagascar","Taotsara","Restoration","Restoration","30x30",678,937,"main","Planted_30x30",NA,"Permanent",0,0,"2m.2m","Y0","Psydia","Needs Review",NA,NA
"388","Famohylambo","planted",1,"<10cm planted","1862","S0119MP","Madagascar","Taotsara","Restoration","Restoration","30x30",742,961,"main","Planted_30x30",NA,"Permanent",0,0,"2*2","Y0","Famohylambo","Needs Review",NA,NA
"389","Maintipototra","planted",2,"<10cm planted","1851","S0108MP75","Madagascar","Taotsara","Restoration","Restoration","30x30",781,972,"main","Planted_30x30",NA,"Permanent",0,2,"2*2","Y0","Maintipototra","Needs Review",NA,NA
"390","Filartran madagascariensis","planted",5,"<10cm planted","1836","S0093MP02","Madagascar","Taotsara","Restoration","Restoration","30x30",1146,1123,"main","Planted_30x30",NA,"Permanent",0,2,"2*2","Y0","Filartran madagascariensis","Needs Review",NA,NA
"391","Andrarezina","planted",60,"<10cm planted","1795","S0052MP71","Madagascar","FAFIALA","Restoration","Restoration","30x30",1892,1473,"main","Planted_30x30",NA,"Permanent",2,2,"1,5m*1,5m","Y0","Andrarezina","Needs Review",NA,NA
"392","Volomborona","planted",9,"<10cm planted","1795","S0052MP 108","Madagascar","FAFIALA","Restoration","Restoration","30x30",1921,1486,"main","Planted_30x30",NA,"Permanent",2,2,"2m* 2m","Y0","Volomborona","Needs Review",NA,NA
"393","Spondens dipsis","planted",5,"<10cm planted","1758","S0015MP62","Madagascar","Amadese","Restoration","Restoration","30x30",2938,1942,"main","Planted_30x30",NA,"Permanent",0,2,"Les arbres ont été plantés avec un espacement de 3m sur 3m","Y0","'Spondens dipsis''","Needs Review",NA,NA
"394","Malacate blanco","planted",2,"<10cm planted","747","747","Mexico","AMBIO","Restoration","Restoration","30x30",3417,2171,"main","Planted_30x30",NA,"Permanent",0,2,"4m x 4m","Y0","Malacate blanco","Needs Review",NA,NA
"395","Rabo de iaguana","planted",1,"<10cm planted","1483","1483","Mexico","CUCOS","Restoration","Restoration","30x30",3419,2214,"main","Planted_30x30",NA,"Permanent",0,0,"4m por 4m","Y0","Rabo de iaguana","Needs Review",NA,NA
"396","Nunguno","planted",0,"<10cm planted","1693","REBITRI-EC-MHP-FONCET","Mexico","FONCET","Restoration","Restoration","30x30",3457,2274,"main","Planted_30x30",NA,"Permanent",0,0,"2x2","Y0","Nunguno","Needs Review",NA,NA
"397","No","planted",0,"<10cm planted","1617","Alberto - F1","Mexico","FONCET","Restoration","Restoration","30x30",3733,2675,"main","Planted_30x30",NA,"Permanent",1,1,"Los árboles se plantaron con una separación de 3 m por 2 m","Y0","No","Needs Review",NA,NA
"398","Mario","planted",1,"<10cm planted","1678","P2 Zapotal","Mexico","FONCET","Restoration","Restoration","30x30",3833,2985,"main","Planted_30x30",NA,"Permanent",0,0,"Si
","Y0","Mario","Needs Review",NA,NA
"399","Lambinana (nom scientifique ?)","Present",1,"<1cm","1761","ATKC005","Madagascar","CI Madagascar","Control","Control","1x1",29,63,"main","Nested_1x1",NA,NA,0,2,NA,"Y0","Lambinana (nom scientifique ?)","Needs Review",NA,NA
"400","Fandridambo","Present",1,"<1cm","1851","S0108","Madagascar","Taotsara","Restoration","Restoration","1x1",162,926,"main","Nested_1x1",NA,"Permanent",0,2,"5m*5m","Y0","Fandridambo","Needs Review",NA,NA
"401","MN","planted",NA,"<10cm planted","1818","S0075MP 11","Madagascar","FAFIALA","Restoration","Restoration","1x1",439,1618,"main","Nested_1x1",NA,"Permanent",2,2,"2m sur 2m","Y0","MN","Needs Review",NA,NA
"402","RAS","don_t_know",NA,"<1cm","1749","S0006MP20","Madagascar","Amadese","Restoration","Restoration","1x1",559,1837,"main","Nested_1x1",NA,"Permanent",0,0,"Les arbres ont été plantés avec un espacement de 2m20 sur 2m20.","Y0","RAS","Needs Review",NA,NA
"403","","don_t_know",NA,"<1cm","1758","S0015MP57","Madagascar","Amadese","Restoration","Restoration","1x1",615,1930,"main","Nested_1x1",NA,"Permanent",2,2,"Les arbres ont été plantés avec un espacement de 2m20 sur 2m20","Y0","''","Needs Review",NA,NA
"404","un guanchal","naturally_regenerating",1,"<1cm","1448","1448","Mexico","CUCOS","Restoration","Restoration","1x1",768,2368,"main","Nested_1x1",NA,"Randomized",0,0,"3x3","Y0","un guanchal","Needs Review",NA,NA
"405","fdf",NA,NA,NA,"S01","P01","Madagascar","CI Madagascar","Restoration","Restoration","3x3",1,50,"main","Small_3x3",NA,"Permanent",0,0,"2msur2m","Y0","fdf","Needs Review",NA,NA
"406","Jirofo","planted",1,"<10cm planted","1870","S0127MP12","Madagascar","Taotsara","Restoration","Restoration","3x3",15,842,"main","Small_3x3",NA,"Permanent",0,0,"3*6","Y0","Jirofo","Needs Review",NA,NA
"407","Guarumo","Present",4,">10cm","1597","1597","Mexico","CUCOS","Control","Control","10x10",10,2362,"main","Control_10x10_2",NA,NA,0,0,NA,"Y0","Guarumo","Needs Review",NA,NA
"408","Pas despèces de 1 à 9,9 cm (DHP)",NA,NA,NA,"1758","ATKC002","Madagascar","CI Madagascar","Control","Control","30x30",2,60,"main","Census_30x30",NA,NA,0,2,NA,"Y0","Pas d'espèces de 1 à 9,9 cm (DHP)","Needs Review",NA,NA
"409","Lambinana ( nom scientifique??)","Present",2,"1 - 9.9cm","1761","ATKC005","Madagascar","CI Madagascar","Control","Control","30x30",6,63,"main","Census_30x30",NA,NA,0,2,NA,"Y0","Lambinana ( nom scientifique??)","Needs Review",NA,NA
"410","Autre espèce","don_t_know",1,"1 - 9.9cm","1761","ATKC005","Madagascar","CI Madagascar","Control","Control","30x30",7,63,"main","Census_30x30",NA,NA,0,2,NA,"Y0","Autre espèce","Needs Review",NA,NA
"411","Non",NA,NA,NA,"1795","CPl","Madagascar","CI Madagascar","Restoration","Control","30x30",78,379,"main","Census_30x30",NA,NA,0,2,NA,"Y0","Non","Needs Review",NA,NA
"412","vosefaka","Present",1,"1 - 9.9cm","1797","ASVCO54 AUTO","Madagascar","CI Madagascar","Restoration","Control","30x30",79,414,"main","Census_30x30",NA,NA,0,2,NA,"Y0","vosefaka","Needs Review",NA,NA
"413","volomborona","Present",16,"1 - 9.9cm","1797","ASVCO54 AUTO","Madagascar","CI Madagascar","Restoration","Control","30x30",80,414,"main","Census_30x30",NA,NA,0,2,NA,"Y0","volomborona","Needs Review",NA,NA
"414","fotsiambo kijejalahy","Present",3,"1 - 9.9cm","1797","ASVCO54 AUTO","Madagascar","CI Madagascar","Restoration","Control","30x30",81,414,"main","Census_30x30",NA,NA,0,2,NA,"Y0","fotsiambo kijejalahy","Needs Review",NA,NA
"415","Hasina","don_t_know",1,"1 - 9.9cm","1797","ASVCO54 AUTO","Madagascar","CI Madagascar","Restoration","Control","30x30",82,414,"main","Census_30x30",NA,NA,0,2,NA,"Y0","Hasina","Needs Review",NA,NA
"416","Voapika","Present",3,"1 - 9.9cm","1758","S0015MP13","Madagascar","Amadese","Restoration","Restoration","30x30",87,744,"main","Census_30x30",NA,"Permanent",2,2,"Les arbres ont été plantés avec un espacement de 2m20 x 2m20
Denivelation abrupte","Y0","Voapika","Needs Review",NA,NA
"417","Astéraceas","don_t_know",1,"1 - 9.9cm","1862","S0119MP13","Madagascar","Taotsara","Restoration","Restoration","30x30",91,831,"main","Census_30x30",NA,"Permanent",0,2,"2m.2m","Y0","Astéraceas","Needs Review",NA,NA
"418","Jusrica sp","naturally_regenerating",2,"1 - 9.9cm","1795","S0052MP141","Madagascar","FAFIALA","Restoration","Restoration","30x30",112,1240,"main","Census_30x30",NA,"Permanent",2,2,"2 m sur 2 m","Y0","Jusrica sp","Needs Review",NA,NA
"419",",",NA,NA,NA,"1797","S0054MP99","Madagascar","FAFIALA","Restoration","Restoration","30x30",334,1634,"main","Census_30x30",NA,"Permanent",2,2,"2m sur 2m","Y0",",","Needs Review",NA,NA
"420","Eugénie off. Cloiselli","Present",6,"1 - 9.9cm","1758","S0015MP32","Madagascar","Amadese","Restoration","Restoration","30x30",364,1881,"main","Census_30x30",NA,"Permanent",1,2,"Les arbres ont été plantés avec un espacement de 2m20 sur 2m20","Y0","Eugénie off. Cloiselli","Needs Review",NA,NA
"421",".","planted",NA,"<10cm planted","1891","S0148CP02","Madagascar","CI Madagascar","Restoration","Control","30x30",34,136,"main","Planted_30x30_2",NA,NA,0,2,NA,"Y0",".","Needs Review",NA,NA
"422","none","planted",NA,"<10cm planted","1797","S0054CP02","Madagascar","CI Madagascar","Restoration","Control","30x30",70,415,"main","Planted_30x30_2",NA,NA,0,2,NA,"Y0","none","Needs Review",NA,NA
