"Species","Tree_Type","size_class","Timeframe","Country","Organization_Name","Site_ID","Plot_ID","SiteType","Plot_Size","tree_index","main_index","_30x30_Plot_TreeIDNumber","_30X30_Plot_TreeTrunk","_30x30_Plot_TreeDBH","_parent_table_name","origin_table","Plot_Permanence","Resample_Main_Plot","Resample_3x3_Subplot","Restoration_Technique"
"Sp1","planted",">10cm","Y2.5","Brazil","GANB","#40_Test","40_001_Test","Restoration","30x30",1,1,NA,NA,NA,"main","_30x30_Plot_Repeat","Permanent","0","0","3x2"
"Sp2","Present",">10cm","Y2.5","Brazil","GANB","#40_Test","40_001_Test","Restoration","30x30",2,1,NA,NA,NA,"main","_30x30_Plot_Repeat","Permanent","0","0","3x2"
"Sp3","naturally_regenerating",">10cm","Y2.5","Brazil","GANB","#40_Test","40_001_Test","Restoration","30x30",3,1,NA,NA,NA,"main","_30x30_Plot_Repeat","Permanent","0","0","3x2"
"Myrsine guianensis","Present",">10cm","Y0","Brazil","GANB","P1 - ENR - 180","P1 - ENR - 180","Restoration","30x30",4,3,NA,NA,NA,"main","_30x30_Plot_Repeat","Permanent","0","0","4x3 (3 entre linhas)"
"Myrsine guianensis","Present",">10cm","Y0","Brazil","GANB","P1 - ENR - 180","P1 - ENR - 180","Restoration","30x30",5,3,NA,NA,NA,"main","_30x30_Plot_Repeat","Permanent","0","0","4x3 (3 entre linhas)"
"Jacaranda ulei","Present",">10cm","Y0","Brazil","GANB","P1 - ENR - 180","P1 - ENR - 180","Restoration","30x30",6,3,NA,NA,NA,"main","_30x30_Plot_Repeat","Permanent","0","0","4x3 (3 entre linhas)"
"Syagrus botryophora","Present",">10cm","Y0","Brazil","GANB","P1 - RN - 180","P1 - RN - 180","Restoration","30x30",7,4,NA,NA,NA,"main","_30x30_Plot_Repeat","Permanent","0","0","Não haverá plantio de mudas, apenas limpeza de área e coroamento de regenerantes."
"Senefeldera multiflora (Mart.) Muell. Arg.","Present",">10cm","Y0","Brazil","GANB","P1 - RN - 180","P1 - RN - 180","Restoration","30x30",8,4,NA,NA,NA,"main","_30x30_Plot_Repeat","Permanent","0","0","Não haverá plantio de mudas, apenas limpeza de área e coroamento de regenerantes."
"Syagrus botryophora (Mart.) Mart.","Present",">10cm","Y0","Brazil","GANB","P1 - RN - 180","P1 - RN - 180","Restoration","30x30",9,4,NA,NA,NA,"main","_30x30_Plot_Repeat","Permanent","0","0","Não haverá plantio de mudas, apenas limpeza de área e coroamento de regenerantes."
"Vismia martiniana","Present",">10cm","Y0","Brazil","GANB","P1 - RN - 180","P1 - RN - 180","Restoration","30x30",10,4,NA,NA,NA,"main","_30x30_Plot_Repeat","Permanent","0","0","Não haverá plantio de mudas, apenas limpeza de área e coroamento de regenerantes."
"Zanthoxylum nemorale Mart.","Present",">10cm","Y0","Brazil","GANB","P1 - RN - 180","P1 - RN - 180","Restoration","30x30",11,4,NA,NA,NA,"main","_30x30_Plot_Repeat","Permanent","0","0","Não haverá plantio de mudas, apenas limpeza de área e coroamento de regenerantes."
"Annona silvestris Vell.","Present",">10cm","Y0","Brazil","GANB","P1 - RN - 180","P1 - RN - 180","Restoration","30x30",12,4,NA,NA,NA,"main","_30x30_Plot_Repeat","Permanent","0","0","Não haverá plantio de mudas, apenas limpeza de área e coroamento de regenerantes."
"Vismia martiniana","Present",">10cm","Y0","Brazil","GANB","P1 - RN - 180","P1 - RN - 180","Restoration","30x30",13,4,NA,NA,NA,"main","_30x30_Plot_Repeat","Permanent","0","0","Não haverá plantio de mudas, apenas limpeza de área e coroamento de regenerantes."
"Annona silvestris Vell.","Present",">10cm","Y0","Brazil","GANB","P1 - RN - 180","P1 - RN - 180","Restoration","30x30",14,4,NA,NA,NA,"main","_30x30_Plot_Repeat","Permanent","0","0","Não haverá plantio de mudas, apenas limpeza de área e coroamento de regenerantes."
"Byrsonima verbascifolia (L.) DC.","Present",">10cm","Y0","Brazil","GANB","P1 - RN - 180","P1 - RN - 180","Restoration","30x30",15,4,NA,NA,NA,"main","_30x30_Plot_Repeat","Permanent","0","0","Não haverá plantio de mudas, apenas limpeza de área e coroamento de regenerantes."
"Miconia sp.","Present",">10cm","Y0","Brazil","GANB","P1 - RN - 180","P1 - RN - 180","Restoration","30x30",16,4,NA,NA,NA,"main","_30x30_Plot_Repeat","Permanent","0","0","Não haverá plantio de mudas, apenas limpeza de área e coroamento de regenerantes."
"Eschweilera ovata","Present",">10cm","Y0","Brazil","GANB","P1 - RN - 180","P1 - RN - 180","Restoration","30x30",17,4,NA,NA,NA,"main","_30x30_Plot_Repeat","Permanent","0","0","Não haverá plantio de mudas, apenas limpeza de área e coroamento de regenerantes."
"Syagrus botryophora (Mart.) Mart.","Present",">10cm","Y0","Brazil","GANB","P1 - RN - 180","P1 - RN - 180","Restoration","30x30",18,4,NA,NA,NA,"main","_30x30_Plot_Repeat","Permanent","0","0","Não haverá plantio de mudas, apenas limpeza de área e coroamento de regenerantes."
"Byrsonima verbascifolia","Present",">10cm","Y0","Brazil","GANB","P1 - RN - 180","P1 - RN - 180","Restoration","30x30",19,4,NA,NA,NA,"main","_30x30_Plot_Repeat","Permanent","0","0","Não haverá plantio de mudas, apenas limpeza de área e coroamento de regenerantes."
"Xylopia frutescens","Present",">10cm","Y0","Brazil","GANB","P1 - RN - 180","P1 - RN - 180","Restoration","30x30",20,4,NA,NA,NA,"main","_30x30_Plot_Repeat","Permanent","0","0","Não haverá plantio de mudas, apenas limpeza de área e coroamento de regenerantes."
"Syagrus botryophora (Mart.) Mart.","Present",">10cm","Y0","Brazil","GANB","P1 - RN - 180","P1 - RN - 180","Restoration","30x30",21,4,NA,NA,NA,"main","_30x30_Plot_Repeat","Permanent","0","0","Não haverá plantio de mudas, apenas limpeza de área e coroamento de regenerantes."
"Syagrus botryophora (Mart.) Mart.","Present",">10cm","Y0","Brazil","GANB","P1 - RN - 180","P1 - RN - 180","Restoration","30x30",22,4,NA,NA,NA,"main","_30x30_Plot_Repeat","Permanent","0","0","Não haverá plantio de mudas, apenas limpeza de área e coroamento de regenerantes."
"Xylopia frutescens","Present",">10cm","Y0","Brazil","GANB","P1 - RN - 180","P1 - RN - 180","Restoration","30x30",23,4,NA,NA,NA,"main","_30x30_Plot_Repeat","Permanent","0","0","Não haverá plantio de mudas, apenas limpeza de área e coroamento de regenerantes."
"Syagrus botryophora (Mart.) Mart.","Present",">10cm","Y0","Brazil","GANB","P1 - RN - 180","P1 - RN - 180","Restoration","30x30",24,4,NA,NA,NA,"main","_30x30_Plot_Repeat","Permanent","0","0","Não haverá plantio de mudas, apenas limpeza de área e coroamento de regenerantes."
"Syagrus botryophora (Mart.) Mart.","Present",">10cm","Y0","Brazil","GANB","P1 - RN - 180","P1 - RN - 180","Restoration","30x30",25,4,NA,NA,NA,"main","_30x30_Plot_Repeat","Permanent","0","0","Não haverá plantio de mudas, apenas limpeza de área e coroamento de regenerantes."
"Syagrus botryophora (Mart.) Mart.","Present",">10cm","Y0","Brazil","GANB","P1 - RN - 180","P1 - RN - 180","Restoration","30x30",26,4,NA,NA,NA,"main","_30x30_Plot_Repeat","Permanent","0","0","Não haverá plantio de mudas, apenas limpeza de área e coroamento de regenerantes."
"Syagrus botryophora (Mart.) Mart.","Present",">10cm","Y0","Brazil","GANB","P1 - RN - 180","P1 - RN - 180","Restoration","30x30",27,4,NA,NA,NA,"main","_30x30_Plot_Repeat","Permanent","0","0","Não haverá plantio de mudas, apenas limpeza de área e coroamento de regenerantes."
"Syagrus botryophora (Mart.) Mart.","Present",">10cm","Y0","Brazil","GANB","P1 - RN - 180","P1 - RN - 180","Restoration","30x30",28,4,NA,NA,NA,"main","_30x30_Plot_Repeat","Permanent","0","0","Não haverá plantio de mudas, apenas limpeza de área e coroamento de regenerantes."
"Byrsonima verbascifolia","Present",">10cm","Y0","Brazil","GANB","P1 - RN - 180","P1 - RN - 180","Restoration","30x30",29,4,NA,NA,NA,"main","_30x30_Plot_Repeat","Permanent","0","0","Não haverá plantio de mudas, apenas limpeza de área e coroamento de regenerantes."
"Inga edulis","Present",">10cm","Y0","Brazil","GANB","P1 - RN - 180","P1 - RN - 180","Restoration","30x30",30,4,NA,NA,NA,"main","_30x30_Plot_Repeat","Permanent","0","0","Não haverá plantio de mudas, apenas limpeza de área e coroamento de regenerantes."
"Byrsonima sericea DC.","Present",">10cm","Y0","Brazil","GANB","P1 - RN - 180","P1 - RN - 180","Restoration","30x30",31,4,NA,NA,NA,"main","_30x30_Plot_Repeat","Permanent","0","0","Não haverá plantio de mudas, apenas limpeza de área e coroamento de regenerantes."
"Miconia sp.","Present",">10cm","Y0","Brazil","GANB","P1 - RN - 180","P1 - RN - 180","Restoration","30x30",32,4,NA,NA,NA,"main","_30x30_Plot_Repeat","Permanent","0","0","Não haverá plantio de mudas, apenas limpeza de área e coroamento de regenerantes."
"Miconia sp.","Present",">10cm","Y0","Brazil","GANB","P1 - RN - 180","P1 - RN - 180","Restoration","30x30",33,4,NA,NA,NA,"main","_30x30_Plot_Repeat","Permanent","0","0","Não haverá plantio de mudas, apenas limpeza de área e coroamento de regenerantes."
"Tapirira guianensis Aubl.","Present",">10cm","Y0","Brazil","GANB","P1 - RN - 180","P1 - RN - 180","Restoration","30x30",34,4,NA,NA,NA,"main","_30x30_Plot_Repeat","Permanent","0","0","Não haverá plantio de mudas, apenas limpeza de área e coroamento de regenerantes."
"Tabernaemontana sp (2)","Present",">10cm","Y0","Brazil","GANB","P3 - ENR - 180","P3 - ENR - 180","Restoration","30x30",35,5,NA,NA,NA,"main","_30x30_Plot_Repeat","Permanent","0","0","3x4"
"Jacaranda semisserrata Cham.","Present",">10cm","Y0","Brazil","GANB","P3 - ENR - 180","P3 - ENR - 180","Restoration","30x30",36,5,NA,NA,NA,"main","_30x30_Plot_Repeat","Permanent","0","0","3x4"
"Tabernaemontana sp (2)","Present",">10cm","Y0","Brazil","GANB","P3 - ENR - 180","P3 - ENR - 180","Restoration","30x30",37,5,NA,NA,NA,"main","_30x30_Plot_Repeat","Permanent","0","0","3x4"
"Jacaranda semisserrata Cham.","Present",">10cm","Y0","Brazil","GANB","P3 - ENR - 180","P3 - ENR - 180","Restoration","30x30",38,5,NA,NA,NA,"main","_30x30_Plot_Repeat","Permanent","0","0","3x4"
"Lecythis lurida","Present",">10cm","Y0","Brazil","GANB","P3 - ENR - 180","P3 - ENR - 180","Restoration","30x30",39,5,NA,NA,NA,"main","_30x30_Plot_Repeat","Permanent","0","0","3x4"
"Margaritaria nobilis","Present",">10cm","Y0","Brazil","GANB","P3 - ENR - 180","P3 - ENR - 180","Restoration","30x30",40,5,NA,NA,NA,"main","_30x30_Plot_Repeat","Permanent","0","0","3x4"
"Jacaranda semisserrata","Present",">10cm","Y0","Brazil","GANB","P3 - ENR - 180","P3 - ENR - 180","Restoration","30x30",41,5,NA,NA,NA,"main","_30x30_Plot_Repeat","Permanent","0","0","3x4"
"Tabernaemontana sp","Present",">10cm","Y0","Brazil","GANB","P3 - ENR - 180","P3 - ENR - 180","Restoration","30x30",42,5,NA,NA,NA,"main","_30x30_Plot_Repeat","Permanent","0","0","3x4"
"Compamanesia dichotoma","Present",">10cm","Y0","Brazil","GANB","P2 - ENR - 180","P2 -  ENR - 180","Restoration","30x30",43,6,NA,NA,NA,"main","_30x30_Plot_Repeat","Permanent","0","0","4x3"
"Tapirira guianensis","Present",">10cm","Y0","Brazil","GANB","P2 - ENR - 180","P2 -  ENR - 180","Restoration","30x30",44,6,NA,NA,NA,"main","_30x30_Plot_Repeat","Permanent","0","0","4x3"
"Eschweilera ovata","Present",">10cm","Y0","Brazil","GANB","P2 - ENR - 180","P2 -  ENR - 180","Restoration","30x30",45,6,NA,NA,NA,"main","_30x30_Plot_Repeat","Permanent","0","0","4x3"
"Schefflera morototoni","Present",">10cm","Y0","Brazil","GANB","P2 - ENR - 180","P2 -  ENR - 180","Restoration","30x30",46,6,NA,NA,NA,"main","_30x30_Plot_Repeat","Permanent","0","0","4x3"
"Pogonophora schomburgkiana","Present",">10cm","Y0","Brazil","GANB","P2 - ENR - 180","P2 -  ENR - 180","Restoration","30x30",47,6,NA,NA,NA,"main","_30x30_Plot_Repeat","Permanent","0","0","4x3"
"Myrcia falla","Present",">10cm","Y0","Brazil","GANB","P2 - ENR - 180","P2 -  ENR - 180","Restoration","30x30",48,6,NA,NA,NA,"main","_30x30_Plot_Repeat","Permanent","0","0","4x3"
"Pouteira venosa","Present",">10cm","Y0","Brazil","GANB","P2 - ENR - 180","P2 -  ENR - 180","Restoration","30x30",49,6,NA,NA,NA,"main","_30x30_Plot_Repeat","Permanent","0","0","4x3"
"Byrsonima sericea","Present",">10cm","Y0","Brazil","GANB","P2 - ENR - 180","P2 -  ENR - 180","Restoration","30x30",50,6,NA,NA,NA,"main","_30x30_Plot_Repeat","Permanent","0","0","4x3"
"Zanthoxylum nemorale","Present",">10cm","Y0","Brazil","GANB","P2 - ENR - 180","P2 -  ENR - 180","Restoration","30x30",51,6,NA,NA,NA,"main","_30x30_Plot_Repeat","Permanent","0","0","4x3"
"Pterocarpus rhorii","Present",">10cm","Y0","Brazil","GANB","P2 - ENR - 180","P2 -  ENR - 180","Restoration","30x30",52,6,NA,NA,NA,"main","_30x30_Plot_Repeat","Permanent","0","0","4x3"
"Sloanea obtusifolia","Present",">10cm","Y0","Brazil","GANB","P2 - RN - 180","P2  - RN - 180","Restoration","30x30",53,7,NA,NA,NA,"main","_30x30_Plot_Repeat","Permanent","0","0","Não haverá plantio de mudas"
"Tapirira guianensis Aubl.","Present",">10cm","Y0","Brazil","GANB","P2 - RN - 180","P2  - RN - 180","Restoration","30x30",54,7,NA,NA,NA,"main","_30x30_Plot_Repeat","Permanent","0","0","Não haverá plantio de mudas"
"Tapirira guianensis Aubl.","Present",">10cm","Y0","Brazil","GANB","P2 - RN - 180","P2  - RN - 180","Restoration","30x30",55,7,NA,NA,NA,"main","_30x30_Plot_Repeat","Permanent","0","0","Não haverá plantio de mudas"
"Tapirira guianensis Aubl.","Present",">10cm","Y0","Brazil","GANB","P2 - RN - 180","P2  - RN - 180","Restoration","30x30",56,7,NA,NA,NA,"main","_30x30_Plot_Repeat","Permanent","0","0","Não haverá plantio de mudas"
"Lecythis pisonis","Present",">10cm","Y0","Brazil","GANB","P2 - RN - 180","P2  - RN - 180","Restoration","30x30",57,7,NA,NA,NA,"main","_30x30_Plot_Repeat","Permanent","0","0","Não haverá plantio de mudas"
"Thyrsodium spruceanum","Present",">10cm","Y0","Brazil","GANB","P2 - RN - 180","P2  - RN - 180","Restoration","30x30",58,7,NA,NA,NA,"main","_30x30_Plot_Repeat","Permanent","0","0","Não haverá plantio de mudas"
"Zanthoxylum nemorale","Present",">10cm","Y0","Brazil","GANB","P2 - RN - 180","P2  - RN - 180","Restoration","30x30",59,7,NA,NA,NA,"main","_30x30_Plot_Repeat","Permanent","0","0","Não haverá plantio de mudas"
"Pouteria venosa","Present",">10cm","Y0","Brazil","GANB","P2 - RN - 180","P2  - RN - 180","Restoration","30x30",60,7,NA,NA,NA,"main","_30x30_Plot_Repeat","Permanent","0","0","Não haverá plantio de mudas"
"Zanthoxylum nemorale","Present",">10cm","Y0","Brazil","GANB","P2 - RN - 180","P2  - RN - 180","Restoration","30x30",61,7,NA,NA,NA,"main","_30x30_Plot_Repeat","Permanent","0","0","Não haverá plantio de mudas"
"Eschweilera mattos-silvae","Present",">10cm","Y0","Brazil","GANB","P2 - RN - 180","P2  - RN - 180","Restoration","30x30",62,7,NA,NA,NA,"main","_30x30_Plot_Repeat","Permanent","0","0","Não haverá plantio de mudas"
"Xylopia frutescens","Present",">10cm","Y0","Brazil","GANB","P2 - RN - 180","P2  - RN - 180","Restoration","30x30",63,7,NA,NA,NA,"main","_30x30_Plot_Repeat","Permanent","0","0","Não haverá plantio de mudas"
"Xylopia frutescens","Present",">10cm","Y0","Brazil","GANB","P2 - RN - 180","P2  - RN - 180","Restoration","30x30",64,7,NA,NA,NA,"main","_30x30_Plot_Repeat","Permanent","0","0","Não haverá plantio de mudas"
"Andira fraxinifolia","Present",">10cm","Y0","Brazil","GANB","P2 - RN - 180","P2  - RN - 180","Restoration","30x30",65,7,NA,NA,NA,"main","_30x30_Plot_Repeat","Permanent","0","0","Não haverá plantio de mudas"
"Annona silvestris","Present",">10cm","Y0","Brazil","GANB","P2 - RN - 180","P2  - RN - 180","Restoration","30x30",66,7,NA,NA,NA,"main","_30x30_Plot_Repeat","Permanent","0","0","Não haverá plantio de mudas"
"Margaritaria nobilis","Present",">10cm","Y0","Brazil","GANB","P2 - RN - 180","P2  - RN - 180","Restoration","30x30",67,7,NA,NA,NA,"main","_30x30_Plot_Repeat","Permanent","0","0","Não haverá plantio de mudas"
"Jacaranda semisserrata","Present",">10cm","Y0","Brazil","GANB","P2 - RN - 180","P2  - RN - 180","Restoration","30x30",68,7,NA,NA,NA,"main","_30x30_Plot_Repeat","Permanent","0","0","Não haverá plantio de mudas"
"Casearia commersoniana","Present",">10cm","Y0","Brazil","GANB","P2 - RN - 180","P2  - RN - 180","Restoration","30x30",69,7,NA,NA,NA,"main","_30x30_Plot_Repeat","Permanent","0","0","Não haverá plantio de mudas"
"Moldenhawera blanchetiana","Present",">10cm","Y0","Brazil","GANB","P2 - RN - 180","P2  - RN - 180","Restoration","30x30",70,7,NA,NA,NA,"main","_30x30_Plot_Repeat","Permanent","0","0","Não haverá plantio de mudas"
"Eschweilera ovata","Present",">10cm","Y0","Brazil","GANB","P2 - RN - 180","P2  - RN - 180","Restoration","30x30",71,7,NA,NA,NA,"main","_30x30_Plot_Repeat","Permanent","0","0","Não haverá plantio de mudas"
"Melanoxylon brauna","Present",">10cm","Y0","Brazil","GANB","P2 - RN - 180","P2  - RN - 180","Restoration","30x30",72,7,NA,NA,NA,"main","_30x30_Plot_Repeat","Permanent","0","0","Não haverá plantio de mudas"
"Inga affinis","Present",">10cm","Y0","Brazil","GANB","P2 - RN - 180","P2  - RN - 180","Restoration","30x30",73,7,NA,NA,NA,"main","_30x30_Plot_Repeat","Permanent","0","0","Não haverá plantio de mudas"
"Syagrus botryophora","Present",">10cm","Y0","Brazil","GANB","P2 - RN - 180","P2  - RN - 180","Restoration","30x30",74,7,NA,NA,NA,"main","_30x30_Plot_Repeat","Permanent","0","0","Não haverá plantio de mudas"
"Syagrus botryophora","Present",">10cm","Y0","Brazil","GANB","P2 - RN - 180","P2  - RN - 180","Restoration","30x30",75,7,NA,NA,NA,"main","_30x30_Plot_Repeat","Permanent","0","0","Não haverá plantio de mudas"
"Syagrus botryophora","Present",">10cm","Y0","Brazil","GANB","P2 - RN - 180","P2  - RN - 180","Restoration","30x30",76,7,NA,NA,NA,"main","_30x30_Plot_Repeat","Permanent","0","0","Não haverá plantio de mudas"
"Syagrus botryophora","Present",">10cm","Y0","Brazil","GANB","P2 - RN - 180","P2  - RN - 180","Restoration","30x30",77,7,NA,NA,NA,"main","_30x30_Plot_Repeat","Permanent","0","0","Não haverá plantio de mudas"
"Vismia martiana","Present",">10cm","Y0","Brazil","GANB","P2 - RN - 180","P2  - RN - 180","Restoration","30x30",78,7,NA,NA,NA,"main","_30x30_Plot_Repeat","Permanent","0","0","Não haverá plantio de mudas"
"Moldenhawera blanchetiana","Present",">10cm","Y0","Brazil","GANB","P2 - RN - 180","P2  - RN - 180","Restoration","30x30",79,7,NA,NA,NA,"main","_30x30_Plot_Repeat","Permanent","0","0","Não haverá plantio de mudas"
"Moldenhawera blanchetiana","Present",">10cm","Y0","Brazil","GANB","P2 - RN - 180","P2  - RN - 180","Restoration","30x30",80,7,NA,NA,NA,"main","_30x30_Plot_Repeat","Permanent","0","0","Não haverá plantio de mudas"
"Pera glabrata","Present",">10cm","Y0","Brazil","GANB","P2 - RN - 180","P2  - RN - 180","Restoration","30x30",81,7,NA,NA,NA,"main","_30x30_Plot_Repeat","Permanent","0","0","Não haverá plantio de mudas"
"Zanthoxylum nemorale","Present",">10cm","Y0","Brazil","GANB","P2 - RN - 180","P2  - RN - 180","Restoration","30x30",82,7,NA,NA,NA,"main","_30x30_Plot_Repeat","Permanent","0","0","Não haverá plantio de mudas"
"Zanthoxylum nemorale","Present",">10cm","Y0","Brazil","GANB","P2 - RN - 180","P2  - RN - 180","Restoration","30x30",83,7,NA,NA,NA,"main","_30x30_Plot_Repeat","Permanent","0","0","Não haverá plantio de mudas"
"Inga affinis","Present",">10cm","Y0","Brazil","GANB","P2 - RN - 180","P2  - RN - 180","Restoration","30x30",84,7,NA,NA,NA,"main","_30x30_Plot_Repeat","Permanent","0","0","Não haverá plantio de mudas"
"Syagrus botryophora","Present",">10cm","Y0","Brazil","GANB","P2 - RN - 180","P2  - RN - 180","Restoration","30x30",85,7,NA,NA,NA,"main","_30x30_Plot_Repeat","Permanent","0","0","Não haverá plantio de mudas"
"Tapira guianensis Aubl.","Present",">10cm","Y0","Brazil","GANB","P3 - RN - 180","P3 - RN - 180","Restoration","30x30",86,8,NA,NA,NA,"main","_30x30_Plot_Repeat","Permanent","0","0","Não haverá plantio de mudas nativas"
"Byrsonima sericea DC.","Present",">10cm","Y0","Brazil","GANB","P3 - RN - 180","P3 - RN - 180","Restoration","30x30",87,8,NA,NA,NA,"main","_30x30_Plot_Repeat","Permanent","0","0","Não haverá plantio de mudas nativas"
"Thyrsodium spruceanum","Present",">10cm","Y0","Brazil","GANB","P3 - RN - 180","P3 - RN - 180","Restoration","30x30",88,8,NA,NA,NA,"main","_30x30_Plot_Repeat","Permanent","0","0","Não haverá plantio de mudas nativas"
"Tapirira guianensis Aubl.","Present",">10cm","Y0","Brazil","GANB","P3 - RN - 180","P3 - RN - 180","Restoration","30x30",89,8,NA,NA,NA,"main","_30x30_Plot_Repeat","Permanent","0","0","Não haverá plantio de mudas nativas"
"Xylopia frutescens Aubl.","Present",">10cm","Y0","Brazil","GANB","P3 - RN - 180","P3 - RN - 180","Restoration","30x30",90,8,NA,NA,NA,"main","_30x30_Plot_Repeat","Permanent","0","0","Não haverá plantio de mudas nativas"
"Xylopia frutescens Aubl","Present",">10cm","Y0","Brazil","GANB","P3 - RN - 180","P3 - RN - 180","Restoration","30x30",91,8,NA,NA,NA,"main","_30x30_Plot_Repeat","Permanent","0","0","Não haverá plantio de mudas nativas"
"Tapirira guianensis Aubl.","Present",">10cm","Y0","Brazil","GANB","P3 - RN - 180","P3 - RN - 180","Restoration","30x30",92,8,NA,NA,NA,"main","_30x30_Plot_Repeat","Permanent","0","0","Não haverá plantio de mudas nativas"
"Bowdichia virgilioides","Present",">10cm","Y0","Brazil","GANB","P3 - RN - 180","P3 - RN - 180","Restoration","30x30",93,8,NA,NA,NA,"main","_30x30_Plot_Repeat","Permanent","0","0","Não haverá plantio de mudas nativas"
"Byrsonima sericea","Present",">10cm","Y0","Brazil","GANB","P3 - RN - 180","P3 - RN - 180","Restoration","30x30",94,8,NA,NA,NA,"main","_30x30_Plot_Repeat","Permanent","0","0","Não haverá plantio de mudas nativas"
"Pera heteranthera","Present",">10cm","Y0","Brazil","GANB","P3 - RN - 180","P3 - RN - 180","Restoration","30x30",95,8,NA,NA,NA,"main","_30x30_Plot_Repeat","Permanent","0","0","Não haverá plantio de mudas nativas"
"Bowdichia virgilioides","Present",">10cm","Y0","Brazil","GANB","P3 - RN - 180","P3 - RN - 180","Restoration","30x30",96,8,NA,NA,NA,"main","_30x30_Plot_Repeat","Permanent","0","0","Não haverá plantio de mudas nativas"
"Pera glabrata","Present",">10cm","Y0","Brazil","GANB","P3 - RN - 180","P3 - RN - 180","Restoration","30x30",97,8,NA,NA,NA,"main","_30x30_Plot_Repeat","Permanent","0","0","Não haverá plantio de mudas nativas"
"Byrsonima sericea","Present",">10cm","Y0","Brazil","GANB","P3 - RN - 180","P3 - RN - 180","Restoration","30x30",98,8,NA,NA,NA,"main","_30x30_Plot_Repeat","Permanent","0","0","Não haverá plantio de mudas nativas"
"Pera glabrata","Present",">10cm","Y0","Brazil","GANB","P3 - RN - 180","P3 - RN - 180","Restoration","30x30",99,8,NA,NA,NA,"main","_30x30_Plot_Repeat","Permanent","0","0","Não haverá plantio de mudas nativas"
"Desconhecida","Present",">10cm","Y0","Brazil","GANB","P3 - RN - 180","P3 - RN - 180","Restoration","30x30",100,8,NA,NA,NA,"main","_30x30_Plot_Repeat","Permanent","0","0","Não haverá plantio de mudas nativas"
"Byrsonima sericea","Present",">10cm","Y0","Brazil","GANB","P3 - RN - 180","P3 - RN - 180","Restoration","30x30",101,8,NA,NA,NA,"main","_30x30_Plot_Repeat","Permanent","0","0","Não haverá plantio de mudas nativas"
"Thyrsodium spruceanum","Present",">10cm","Y0","Brazil","GANB","P3 - RN - 180","P3 - RN - 180","Restoration","30x30",102,8,NA,NA,NA,"main","_30x30_Plot_Repeat","Permanent","0","0","Não haverá plantio de mudas nativas"
"Tapirira guianensis","Present",">10cm","Y0","Brazil","GANB","P3 - RN - 180","P3 - RN - 180","Restoration","30x30",103,8,NA,NA,NA,"main","_30x30_Plot_Repeat","Permanent","0","0","Não haverá plantio de mudas nativas"
"Tapirira guianensis","Present",">10cm","Y0","Brazil","GANB","P3 - RN - 180","P3 - RN - 180","Restoration","30x30",104,8,NA,NA,NA,"main","_30x30_Plot_Repeat","Permanent","0","0","Não haverá plantio de mudas nativas"
"Balizia pedicellare","Present",">10cm","Y0","Brazil","GANB","P4 - RN - 180","P4 - RN - 180","Restoration","30x30",105,9,NA,NA,NA,"main","_30x30_Plot_Repeat","Permanent","0","0","Não haverá plantio"
"Balizia pedicellare","Present",">10cm","Y0","Brazil","GANB","P4 - RN - 180","P4 - RN - 180","Restoration","30x30",106,9,NA,NA,NA,"main","_30x30_Plot_Repeat","Permanent","0","0","Não haverá plantio"
"Tapirira guianensis","Present",">10cm","Y0","Brazil","GANB","P4 - RN - 180","P4 - RN - 180","Restoration","30x30",107,9,NA,NA,NA,"main","_30x30_Plot_Repeat","Permanent","0","0","Não haverá plantio"
"Schefflera morototoni","Present",">10cm","Y0","Brazil","GANB","P4 - RN - 180","P4 - RN - 180","Restoration","30x30",108,9,NA,NA,NA,"main","_30x30_Plot_Repeat","Permanent","0","0","Não haverá plantio"
"Tapirira guianensis","Present",">10cm","Y0","Brazil","GANB","P4 - RN - 180","P4 - RN - 180","Restoration","30x30",109,9,NA,NA,NA,"main","_30x30_Plot_Repeat","Permanent","0","0","Não haverá plantio"
"Andira fraxinifolia","Present",">10cm","Y0","Brazil","GANB","P4 - RN - 180","P4 - RN - 180","Restoration","30x30",110,9,NA,NA,NA,"main","_30x30_Plot_Repeat","Permanent","0","0","Não haverá plantio"
"Thyrsodium spruceanum","Present",">10cm","Y0","Brazil","GANB","P4 - RN - 180","P4 - RN - 180","Restoration","30x30",111,9,NA,NA,NA,"main","_30x30_Plot_Repeat","Permanent","0","0","Não haverá plantio"
"Thyrsodium spruceanum","Present",">10cm","Y0","Brazil","GANB","P4 - RN - 180","P4 - RN - 180","Restoration","30x30",112,9,NA,NA,NA,"main","_30x30_Plot_Repeat","Permanent","0","0","Não haverá plantio"
"Byrsonima sericea","Present",">10cm","Y0","Brazil","GANB","P4 - RN - 180","P4 - RN - 180","Restoration","30x30",113,9,NA,NA,NA,"main","_30x30_Plot_Repeat","Permanent","0","0","Não haverá plantio"
"Byrsonima sericea","Present",">10cm","Y0","Brazil","GANB","P4 - RN - 180","P4 - RN - 180","Restoration","30x30",114,9,NA,NA,NA,"main","_30x30_Plot_Repeat","Permanent","0","0","Não haverá plantio"
"Albizia polycephalum","Present",">10cm","Y0","Brazil","GANB","P4 - ENR - 180","P4 - ENR - 180","Restoration","30x30",115,10,NA,NA,NA,"main","_30x30_Plot_Repeat","Permanent","0","0","4x3"
"Eschweilera ovata","Present",">10cm","Y0","Brazil","GANB","P4 - ENR - 180","P4 - ENR - 180","Restoration","30x30",116,10,NA,NA,NA,"main","_30x30_Plot_Repeat","Permanent","0","0","4x3"
"Byrsonima sericea","Present",">10cm","Y0","Brazil","GANB","P4 - ENR - 180","P4 - ENR - 180","Restoration","30x30",117,10,NA,NA,NA,"main","_30x30_Plot_Repeat","Permanent","0","0","4x3"
"Byrsonima sericea","Present",">10cm","Y0","Brazil","GANB","P4 - ENR - 180","P4 - ENR - 180","Restoration","30x30",118,10,NA,NA,NA,"main","_30x30_Plot_Repeat","Permanent","0","0","4x3"
"Byrsonima sericea","Present",">10cm","Y0","Brazil","GANB","P4 - ENR - 180","P4 - ENR - 180","Restoration","30x30",119,10,NA,NA,NA,"main","_30x30_Plot_Repeat","Permanent","0","0","4x3"
"Eschweilera ovata","Present",">10cm","Y0","Brazil","GANB","P4 - ENR - 180","P4 - ENR - 180","Restoration","30x30",120,10,NA,NA,NA,"main","_30x30_Plot_Repeat","Permanent","0","0","4x3"
"Cuspia sp.","Present",">10cm","Y0","Brazil","GANB","P4 - ENR - 180","P4 - ENR - 180","Restoration","30x30",121,10,NA,NA,NA,"main","_30x30_Plot_Repeat","Permanent","0","0","4x3"
"Byrsonima sericea","Present",">10cm","Y0","Brazil","GANB","P4 - ENR - 180","P4 - ENR - 180","Restoration","30x30",122,10,NA,NA,NA,"main","_30x30_Plot_Repeat","Permanent","0","0","4x3"
"Syagrus botryophora","Present",">10cm","Y0","Brazil","GANB","P4 - ENR - 180","P4 - ENR - 180","Restoration","30x30",123,10,NA,NA,NA,"main","_30x30_Plot_Repeat","Permanent","0","0","4x3"
"Byrsonima sericea","Present",">10cm","Y0","Brazil","GANB","P5 - ENR - 180","P5 - ENR - 180","Restoration","30x30",124,11,NA,NA,NA,"main","_30x30_Plot_Repeat","Permanent","0","0","4x3"
"Tapirira guianensis","Present",">10cm","Y0","Brazil","GANB","P5 - ENR - 180","P5 - ENR - 180","Restoration","30x30",125,11,NA,NA,NA,"main","_30x30_Plot_Repeat","Permanent","0","0","4x3"
"Byrsonima sericea","Present",">10cm","Y0","Brazil","GANB","P5 - ENR - 180","P5 - ENR - 180","Restoration","30x30",126,11,NA,NA,NA,"main","_30x30_Plot_Repeat","Permanent","0","0","4x3"
"Dimorphandra jorgei","Present",">10cm","Y0","Brazil","GANB","P5 - ENR - 180","P5 - ENR - 180","Restoration","30x30",127,11,NA,NA,NA,"main","_30x30_Plot_Repeat","Permanent","0","0","4x3"
"Byrsonima verbascifolia","Present",">10cm","Y0","Brazil","GANB","P5 - RN - 180","P5 - RN - 180","Restoration","30x30",128,12,NA,NA,NA,"main","_30x30_Plot_Repeat","Permanent","0","1","Não haverá plantio de mudas"
"Abarema sp.","Present",">10cm","Y0","Brazil","GANB","P5 - RN - 180","P5 - RN - 180","Restoration","30x30",129,12,NA,NA,NA,"main","_30x30_Plot_Repeat","Permanent","0","1","Não haverá plantio de mudas"
"Piptadenia macrocarpa","Present",">10cm","Y0","Brazil","GANB","P5 - RN - 180","P5 - RN - 180","Restoration","30x30",130,12,NA,NA,NA,"main","_30x30_Plot_Repeat","Permanent","0","1","Não haverá plantio de mudas"
"Piptadenia macrocarpa","Present",">10cm","Y0","Brazil","GANB","P5 - RN - 180","P5 - RN - 180","Restoration","30x30",131,12,NA,NA,NA,"main","_30x30_Plot_Repeat","Permanent","0","1","Não haverá plantio de mudas"
"Piptadenia macrocarpa","Present",">10cm","Y0","Brazil","GANB","P5 - RN - 180","P5 - RN - 180","Restoration","30x30",132,12,NA,NA,NA,"main","_30x30_Plot_Repeat","Permanent","0","1","Não haverá plantio de mudas"
"Xylopia frutescens","Present",">10cm","Y0","Brazil","GANB","P5 - RN - 180","P5 - RN - 180","Restoration","30x30",133,12,NA,NA,NA,"main","_30x30_Plot_Repeat","Permanent","0","1","Não haverá plantio de mudas"
"Piptadenia macrocarpa","Present",">10cm","Y0","Brazil","GANB","P5 - RN - 180","P5 - RN - 180","Restoration","30x30",134,12,NA,NA,NA,"main","_30x30_Plot_Repeat","Permanent","0","1","Não haverá plantio de mudas"
"Xylopia frutescens","Present",">10cm","Y0","Brazil","GANB","P5 - RN - 180","P5 - RN - 180","Restoration","30x30",135,12,NA,NA,NA,"main","_30x30_Plot_Repeat","Permanent","0","1","Não haverá plantio de mudas"
"Piptadenia macrocarpa","Present",">10cm","Y0","Brazil","GANB","P5 - RN - 180","P5 - RN - 180","Restoration","30x30",136,12,NA,NA,NA,"main","_30x30_Plot_Repeat","Permanent","0","1","Não haverá plantio de mudas"
"Piptadenia macrocarpa","Present",">10cm","Y0","Brazil","GANB","P5 - RN - 180","P5 - RN - 180","Restoration","30x30",137,12,NA,NA,NA,"main","_30x30_Plot_Repeat","Permanent","0","1","Não haverá plantio de mudas"
"Piptadenia macrocarpa","Present",">10cm","Y0","Brazil","GANB","P5 - RN - 180","P5 - RN - 180","Restoration","30x30",138,12,NA,NA,NA,"main","_30x30_Plot_Repeat","Permanent","0","1","Não haverá plantio de mudas"
"Piptadenia macrocarpa","Present",">10cm","Y0","Brazil","GANB","P5 - RN - 180","P5 - RN - 180","Restoration","30x30",139,12,NA,NA,NA,"main","_30x30_Plot_Repeat","Permanent","0","1","Não haverá plantio de mudas"
"Tapirira guianensis","Present",">10cm","Y0","Brazil","GANB","P5 - RN - 180","P5 - RN - 180","Restoration","30x30",140,12,NA,NA,NA,"main","_30x30_Plot_Repeat","Permanent","0","1","Não haverá plantio de mudas"
"Piptadenia macrocarpa","Present",">10cm","Y0","Brazil","GANB","P5 - RN - 180","P5 - RN - 180","Restoration","30x30",141,12,NA,NA,NA,"main","_30x30_Plot_Repeat","Permanent","0","1","Não haverá plantio de mudas"
"Piptadenia macrocarpa","Present",">10cm","Y0","Brazil","GANB","P5 - RN - 180","P5 - RN - 180","Restoration","30x30",142,12,NA,NA,NA,"main","_30x30_Plot_Repeat","Permanent","0","1","Não haverá plantio de mudas"
"Piptadenia macrocarpa","Present",">10cm","Y0","Brazil","GANB","P5 - RN - 180","P5 - RN - 180","Restoration","30x30",143,12,NA,NA,NA,"main","_30x30_Plot_Repeat","Permanent","0","1","Não haverá plantio de mudas"
"Piptadenia macrocarpa","Present",">10cm","Y0","Brazil","GANB","P5 - RN - 180","P5 - RN - 180","Restoration","30x30",144,12,NA,NA,NA,"main","_30x30_Plot_Repeat","Permanent","0","1","Não haverá plantio de mudas"
"Piptadenia macrocarpa","Present",">10cm","Y0","Brazil","GANB","P5 - RN - 180","P5 - RN - 180","Restoration","30x30",145,12,NA,NA,NA,"main","_30x30_Plot_Repeat","Permanent","0","1","Não haverá plantio de mudas"
"Piptadenia macrocarpa","Present",">10cm","Y0","Brazil","GANB","P5 - RN - 180","P5 - RN - 180","Restoration","30x30",146,12,NA,NA,NA,"main","_30x30_Plot_Repeat","Permanent","0","1","Não haverá plantio de mudas"
"Piptadenia macrocarpa","Present",">10cm","Y0","Brazil","GANB","P5 - RN - 180","P5 - RN - 180","Restoration","30x30",147,12,NA,NA,NA,"main","_30x30_Plot_Repeat","Permanent","0","1","Não haverá plantio de mudas"
"Piptadenia macrocarpa","Present",">10cm","Y0","Brazil","GANB","P5 - RN - 180","P5 - RN - 180","Restoration","30x30",148,12,NA,NA,NA,"main","_30x30_Plot_Repeat","Permanent","0","1","Não haverá plantio de mudas"
"Byrsonima sericea","Present",">10cm","Y0","Brazil","GANB","P5 - RN - 180","P5 - RN - 180","Restoration","30x30",149,12,NA,NA,NA,"main","_30x30_Plot_Repeat","Permanent","0","1","Não haverá plantio de mudas"
"Eschweilera ovata","Present",">10cm","Y0","Brazil","GANB","P5 - RN - 180","P5 - RN - 180","Restoration","30x30",150,12,NA,NA,NA,"main","_30x30_Plot_Repeat","Permanent","0","1","Não haverá plantio de mudas"
"Myrcia fallax","Present",">10cm","Y0","Brazil","GANB","P5 - RN - 180","P5 - RN - 180","Restoration","30x30",151,12,NA,NA,NA,"main","_30x30_Plot_Repeat","Permanent","0","1","Não haverá plantio de mudas"
"Piptadenia macrocarpa","Present",">10cm","Y0","Brazil","GANB","P5 - RN - 180","P5 - RN - 180","Restoration","30x30",152,12,NA,NA,NA,"main","_30x30_Plot_Repeat","Permanent","0","1","Não haverá plantio de mudas"
"Piptadenia macrocarpa","Present",">10cm","Y0","Brazil","GANB","P5 - RN - 180","P5 - RN - 180","Restoration","30x30",153,12,NA,NA,NA,"main","_30x30_Plot_Repeat","Permanent","0","1","Não haverá plantio de mudas"
"Piptadenia macrocarpa","Present",">10cm","Y0","Brazil","GANB","P5 - RN - 180","P5 - RN - 180","Restoration","30x30",154,12,NA,NA,NA,"main","_30x30_Plot_Repeat","Permanent","0","1","Não haverá plantio de mudas"
"Byrsonima sericea","Present",">10cm","Y0","Brazil","GANB","P5 - RN - 180","P5 - RN - 180","Restoration","30x30",155,12,NA,NA,NA,"main","_30x30_Plot_Repeat","Permanent","0","1","Não haverá plantio de mudas"
"Eschweilera ovata","Present",">10cm","Y0","Brazil","GANB","P5 - RN - 180","P5 - RN - 180","Restoration","30x30",156,12,NA,NA,NA,"main","_30x30_Plot_Repeat","Permanent","0","1","Não haverá plantio de mudas"
"Himatanthus phagedaenicus","Present",">10cm","Y0","Brazil","GANB","P5 - RN - 180","P5 - RN - 180","Restoration","30x30",157,12,NA,NA,NA,"main","_30x30_Plot_Repeat","Permanent","0","1","Não haverá plantio de mudas"
"Eschweilera ovata","Present",">10cm","Y0","Brazil","GANB","P5 - RN - 180","P5 - RN - 180","Restoration","30x30",158,12,NA,NA,NA,"main","_30x30_Plot_Repeat","Permanent","0","1","Não haverá plantio de mudas"
"Senefeldera multiflora","Present",">10cm","Y0","Brazil","GANB","P5 - RN - 180","P5 - RN - 180","Restoration","30x30",159,12,NA,NA,NA,"main","_30x30_Plot_Repeat","Permanent","0","1","Não haverá plantio de mudas"
"Thyrsodium spruceanum","Present",">10cm","Y0","Brazil","GANB","P5 - RN - 180","P5 - RN - 180","Restoration","30x30",160,12,NA,NA,NA,"main","_30x30_Plot_Repeat","Permanent","0","1","Não haverá plantio de mudas"
"Andira sp.","Present",">10cm","Y0","Brazil","GANB","P5 - RN - 180","P5 - RN - 180","Restoration","30x30",161,12,NA,NA,NA,"main","_30x30_Plot_Repeat","Permanent","0","1","Não haverá plantio de mudas"
"Thyrsodium spruceanum","Present",">10cm","Y0","Brazil","GANB","P5 - RN - 180","P5 - RN - 180","Restoration","30x30",162,12,NA,NA,NA,"main","_30x30_Plot_Repeat","Permanent","0","1","Não haverá plantio de mudas"
"Thyrsodium spruceanum","Present",">10cm","Y0","Brazil","GANB","P5 - RN - 180","P5 - RN - 180","Restoration","30x30",163,12,NA,NA,NA,"main","_30x30_Plot_Repeat","Permanent","0","1","Não haverá plantio de mudas"
"Thyrsodium spruceanum","Present",">10cm","Y0","Brazil","GANB","P5 - RN - 180","P5 - RN - 180","Restoration","30x30",164,12,NA,NA,NA,"main","_30x30_Plot_Repeat","Permanent","0","1","Não haverá plantio de mudas"
"Thyrsodium spruceanum","Present",">10cm","Y0","Brazil","GANB","P5 - RN - 180","P5 - RN - 180","Restoration","30x30",165,12,NA,NA,NA,"main","_30x30_Plot_Repeat","Permanent","0","1","Não haverá plantio de mudas"
"Thyrsodium spruceanum","Present",">10cm","Y0","Brazil","GANB","P5 - RN - 180","P5 - RN - 180","Restoration","30x30",166,12,NA,NA,NA,"main","_30x30_Plot_Repeat","Permanent","0","1","Não haverá plantio de mudas"
"Melanoxylon brauna","Present",">10cm","Y0","Brazil","GANB","PControle -ENR","PControle - ENR","Control","30x30",167,13,NA,NA,NA,"main","_30x30_Plot_Repeat","Permanent","0","0","3x4"
"Jacaranda semisserrata","Present",">10cm","Y0","Brazil","GANB","PControle -ENR","PControle - ENR","Control","30x30",168,13,NA,NA,NA,"main","_30x30_Plot_Repeat","Permanent","0","0","3x4"
"Melanoxylon brauna","Present",">10cm","Y0","Brazil","GANB","PControle -ENR","PControle - ENR","Control","30x30",169,13,NA,NA,NA,"main","_30x30_Plot_Repeat","Permanent","0","0","3x4"
"Melanoxylon brauna","Present",">10cm","Y0","Brazil","GANB","PControle -ENR","PControle - ENR","Control","30x30",170,13,NA,NA,NA,"main","_30x30_Plot_Repeat","Permanent","0","0","3x4"
"Melanoxylon brauna","Present",">10cm","Y0","Brazil","GANB","PControle -ENR","PControle - ENR","Control","30x30",171,13,NA,NA,NA,"main","_30x30_Plot_Repeat","Permanent","0","0","3x4"
"Compamanesia dichotoma","Present",">10cm","Y0","Brazil","GANB","PControle -ENR","PControle - ENR","Control","30x30",172,13,NA,NA,NA,"main","_30x30_Plot_Repeat","Permanent","0","0","3x4"
"Randia armata","Present",">10cm","Y0","Brazil","GANB","PControle -ENR","PControle - ENR","Control","30x30",173,13,NA,NA,NA,"main","_30x30_Plot_Repeat","Permanent","0","0","3x4"
"Margaritaria nobilis","Present",">10cm","Y0","Brazil","GANB","PControle -ENR","PControle - ENR","Control","30x30",174,13,NA,NA,NA,"main","_30x30_Plot_Repeat","Permanent","0","0","3x4"
"Melanoxylon brauna","Present",">10cm","Y0","Brazil","GANB","PControle -ENR","PControle - ENR","Control","30x30",175,13,NA,NA,NA,"main","_30x30_Plot_Repeat","Permanent","0","0","3x4"
"Ormosia sp.","Present",">10cm","Y0","Brazil","GANB","PControle -ENR","PControle - ENR","Control","30x30",176,13,NA,NA,NA,"main","_30x30_Plot_Repeat","Permanent","0","0","3x4"
"Melanoxylon brauna","Present",">10cm","Y0","Brazil","GANB","PControle -ENR","PControle - ENR","Control","30x30",177,13,NA,NA,NA,"main","_30x30_Plot_Repeat","Permanent","0","0","3x4"
"Randia armata","Present",">10cm","Y0","Brazil","GANB","PControle -ENR","PControle - ENR","Control","30x30",178,13,NA,NA,NA,"main","_30x30_Plot_Repeat","Permanent","0","0","3x4"
"Melanoxylon brauna","Present",">10cm","Y0","Brazil","GANB","PControle -ENR","PControle - ENR","Control","30x30",179,13,NA,NA,NA,"main","_30x30_Plot_Repeat","Permanent","0","0","3x4"
"Sloanea obtusifolia","Present",">10cm","Y0","Brazil","GANB","PControle -ENR","PControle - ENR","Control","30x30",180,13,NA,NA,NA,"main","_30x30_Plot_Repeat","Permanent","0","0","3x4"
"Centrolobium robustum","Present",">10cm","Y0","Brazil","GANB","PControle -ENR","PControle - ENR","Control","30x30",181,13,NA,NA,NA,"main","_30x30_Plot_Repeat","Permanent","0","0","3x4"
"Melanoxylon brauna","Present",">10cm","Y0","Brazil","GANB","PControle -ENR","PControle - ENR","Control","30x30",182,13,NA,NA,NA,"main","_30x30_Plot_Repeat","Permanent","0","0","3x4"
"Centrolobium robustum","Present",">10cm","Y0","Brazil","GANB","PControle -ENR","PControle - ENR","Control","30x30",183,13,NA,NA,NA,"main","_30x30_Plot_Repeat","Permanent","0","0","3x4"
"Albizia polycephalum","Present",">10cm","Y0","Brazil","GANB","PControle -ENR","PControle - ENR","Control","30x30",184,13,NA,NA,NA,"main","_30x30_Plot_Repeat","Permanent","0","0","3x4"
"Albizia polycephalum","Present",">10cm","Y0","Brazil","GANB","PControle -ENR","PControle - ENR","Control","30x30",185,13,NA,NA,NA,"main","_30x30_Plot_Repeat","Permanent","0","0","3x4"
"Centrolobium robustum","Present",">10cm","Y0","Brazil","GANB","PControle -ENR","PControle - ENR","Control","30x30",186,13,NA,NA,NA,"main","_30x30_Plot_Repeat","Permanent","0","0","3x4"
"Melanoxylon brauna","Present",">10cm","Y0","Brazil","GANB","PControle -ENR","PControle - ENR","Control","30x30",187,13,NA,NA,NA,"main","_30x30_Plot_Repeat","Permanent","0","0","3x4"
"Albizia polycephalum","Present",">10cm","Y0","Brazil","GANB","PControle -ENR","PControle - ENR","Control","30x30",188,13,NA,NA,NA,"main","_30x30_Plot_Repeat","Permanent","0","0","3x4"
"Andira anthelmia","Present",">10cm","Y0","Brazil","GANB","PControle -ENR","PControle - ENR","Control","30x30",189,13,NA,NA,NA,"main","_30x30_Plot_Repeat","Permanent","0","0","3x4"
"Byrsonima sericea","Present",">10cm","Y0","Brazil","GANB","P6 - ENR - 180","P6 - ENR - 180","Restoration","30x30",190,14,NA,NA,NA,"main","_30x30_Plot_Repeat","Permanent","0","2","4x3"
"Miconia sp","Present",">10cm","Y0","Brazil","GANB","P6 - ENR - 180","P6 - ENR - 180","Restoration","30x30",191,14,NA,NA,NA,"main","_30x30_Plot_Repeat","Permanent","0","2","4x3"
"Pera glabrata","Present",">10cm","Y0","Brazil","GANB","P7-ENR-180","P7-ENR-180","Restoration","30x30",192,15,NA,NA,NA,"main","_30x30_Plot_Repeat","Permanent","0","1","4x3"
"Margaritaria nobilis","Present",">10cm","Y0","Brazil","GANB","P10- ENR 180","P10-ENR 180","Restoration","30x30",193,16,NA,NA,NA,"main","_30x30_Plot_Repeat","Permanent","0","0","4x3"
"Xylopia frutescens","Present",">10cm","Y0","Brazil","GANB","P10- ENR 180","P10-ENR 180","Restoration","30x30",194,16,NA,NA,NA,"main","_30x30_Plot_Repeat","Permanent","0","0","4x3"
"Tabebuia sp","Present",">10cm","Y0","Brazil","GANB","P10- ENR 180","P10-ENR 180","Restoration","30x30",195,16,NA,NA,NA,"main","_30x30_Plot_Repeat","Permanent","0","0","4x3"
"Inga affinis","Present",">10cm","Y0","Brazil","GANB","P10- ENR 180","P10-ENR 180","Restoration","30x30",196,16,NA,NA,NA,"main","_30x30_Plot_Repeat","Permanent","0","0","4x3"
"Annona silvestris","Present",">10cm","Y0","Brazil","GANB","P10- ENR 180","P10-ENR 180","Restoration","30x30",197,16,NA,NA,NA,"main","_30x30_Plot_Repeat","Permanent","0","0","4x3"
"Emmotum nitens","Present",">10cm","Y0","Brazil","GANB","P10- ENR 180","P10-ENR 180","Restoration","30x30",198,16,NA,NA,NA,"main","_30x30_Plot_Repeat","Permanent","0","0","4x3"
"Arapatiella psilophylla","Present",">10cm","Y0","Brazil","GANB","P10- ENR 180","P10-ENR 180","Restoration","30x30",199,16,NA,NA,NA,"main","_30x30_Plot_Repeat","Permanent","0","0","4x3"
"Vismia martiniana","Present",">10cm","Y0","Brazil","GANB","P10- ENR 180","P10-ENR 180","Restoration","30x30",200,16,NA,NA,NA,"main","_30x30_Plot_Repeat","Permanent","0","0","4x3"
"Jacaranda ulei","Present",">10cm","Y0","Brazil","GANB","P10- ENR 180","P10-ENR 180","Restoration","30x30",201,16,NA,NA,NA,"main","_30x30_Plot_Repeat","Permanent","0","0","4x3"
"Jacaranda ulei","Present",">10cm","Y0","Brazil","GANB","P10- ENR 180","P10-ENR 180","Restoration","30x30",202,16,NA,NA,NA,"main","_30x30_Plot_Repeat","Permanent","0","0","4x3"
"Compomanesia dichotoma","Present",">10cm","Y0","Brazil","GANB","P10- ENR 180","P10-ENR 180","Restoration","30x30",203,16,NA,NA,NA,"main","_30x30_Plot_Repeat","Permanent","0","0","4x3"
"Swartzia polida","Present",">10cm","Y0","Brazil","GANB","P10- ENR 180","P10-ENR 180","Restoration","30x30",204,16,NA,NA,NA,"main","_30x30_Plot_Repeat","Permanent","0","0","4x3"
"Swartzia polida","Present",">10cm","Y0","Brazil","GANB","P10- ENR 180","P10-ENR 180","Restoration","30x30",205,16,NA,NA,NA,"main","_30x30_Plot_Repeat","Permanent","0","0","4x3"
"Swartzia polida",NA,NA,"Y0","Brazil","GANB","P10- ENR 180","P10-ENR 180","Restoration","30x30",206,16,NA,NA,NA,"main","_30x30_Plot_Repeat","Permanent","0","0","4x3"
"Xylopia aromatica","Present",">10cm","Y0","Brazil","GANB","P10- ENR 180","P10-ENR 180","Restoration","30x30",207,16,NA,NA,NA,"main","_30x30_Plot_Repeat","Permanent","0","0","4x3"
"Inga affinis","Present",">10cm","Y0","Brazil","GANB","P10- ENR 180","P10-ENR 180","Restoration","30x30",208,16,NA,NA,NA,"main","_30x30_Plot_Repeat","Permanent","0","0","4x3"
"Jacaranda ulei","Present",">10cm","Y0","Brazil","GANB","P10- ENR 180","P10-ENR 180","Restoration","30x30",209,16,NA,NA,NA,"main","_30x30_Plot_Repeat","Permanent","0","0","4x3"
"Copaífera sp","Present",">10cm","Y0","Brazil","GANB","P10- ENR 180","P10-ENR 180","Restoration","30x30",210,16,NA,NA,NA,"main","_30x30_Plot_Repeat","Permanent","0","0","4x3"
"Xylopia aromatica","Present",">10cm","Y0","Brazil","GANB","P10- ENR 180","P10-ENR 180","Restoration","30x30",211,16,NA,NA,NA,"main","_30x30_Plot_Repeat","Permanent","0","0","4x3"
"Swartzia polida","Present",">10cm","Y0","Brazil","GANB","P10- ENR 180","P10-ENR 180","Restoration","30x30",212,16,NA,NA,NA,"main","_30x30_Plot_Repeat","Permanent","0","0","4x3"
"Coussapoa sp","Present",">10cm","Y0","Brazil","GANB","P10- ENR 180","P10-ENR 180","Restoration","30x30",213,16,NA,NA,NA,"main","_30x30_Plot_Repeat","Permanent","0","0","4x3"
"Swartzia polida","Present",">10cm","Y0","Brazil","GANB","P10- ENR 180","P10-ENR 180","Restoration","30x30",214,16,NA,NA,NA,"main","_30x30_Plot_Repeat","Permanent","0","0","4x3"
"Thyrsodium spruceanum","Present",">10cm","Y0","Brazil","GANB","P10- ENR 180","P10-ENR 180","Restoration","30x30",215,16,NA,NA,NA,"main","_30x30_Plot_Repeat","Permanent","0","0","4x3"
"Xylopia aromatica","Present",">10cm","Y0","Brazil","GANB","P10- ENR 180","P10-ENR 180","Restoration","30x30",216,16,NA,NA,NA,"main","_30x30_Plot_Repeat","Permanent","0","0","4x3"
"Swartzia polida","Present",">10cm","Y0","Brazil","GANB","P10- ENR 180","P10-ENR 180","Restoration","30x30",217,16,NA,NA,NA,"main","_30x30_Plot_Repeat","Permanent","0","0","4x3"
"Casearia sylvestris","Present",">10cm","Y0","Brazil","GANB","P10- ENR 180","P10-ENR 180","Restoration","30x30",218,16,NA,NA,NA,"main","_30x30_Plot_Repeat","Permanent","0","0","4x3"
"Inga affinis","Present",">10cm","Y0","Brazil","GANB","P10- ENR 180","P10-ENR 180","Restoration","30x30",219,16,NA,NA,NA,"main","_30x30_Plot_Repeat","Permanent","0","0","4x3"
"Casearia sylvestris","Present",">10cm","Y0","Brazil","GANB","P10- ENR 180","P10-ENR 180","Restoration","30x30",220,16,NA,NA,NA,"main","_30x30_Plot_Repeat","Permanent","0","0","4x3"
"Syagrus botryophora","Present",">10cm","Y0","Brazil","GANB","P10- ENR 180","P10-ENR 180","Restoration","30x30",221,16,NA,NA,NA,"main","_30x30_Plot_Repeat","Permanent","0","0","4x3"
"Eschweilera ovata","Present",">10cm","Y0","Brazil","GANB","P10- ENR 180","P10-ENR 180","Restoration","30x30",222,16,NA,NA,NA,"main","_30x30_Plot_Repeat","Permanent","0","0","4x3"
"Tabebuia sp","Present",">10cm","Y0","Brazil","GANB","P10- ENR 180","P10-ENR 180","Restoration","30x30",223,16,NA,NA,NA,"main","_30x30_Plot_Repeat","Permanent","0","0","4x3"
"Thyrsodium spruceanum","Present",">10cm","Y0","Brazil","GANB","P10- ENR 180","P10-ENR 180","Restoration","30x30",224,16,NA,NA,NA,"main","_30x30_Plot_Repeat","Permanent","0","0","4x3"
"Inga affinis","Present",">10cm","Y0","Brazil","GANB","P10- ENR 180","P10-ENR 180","Restoration","30x30",225,16,NA,NA,NA,"main","_30x30_Plot_Repeat","Permanent","0","0","4x3"
"Annona silvestris","Present",">10cm","Y0","Brazil","GANB","P10- ENR 180","P10-ENR 180","Restoration","30x30",226,16,NA,NA,NA,"main","_30x30_Plot_Repeat","Permanent","0","0","4x3"
"Annona silvestris","Present",">10cm","Y0","Brazil","GANB","P10- ENR 180","P10-ENR 180","Restoration","30x30",227,16,NA,NA,NA,"main","_30x30_Plot_Repeat","Permanent","0","0","4x3"
"Lecythis lurida","Present",">10cm","Y0","Brazil","GANB","P10- ENR 180","P10-ENR 180","Restoration","30x30",228,16,NA,NA,NA,"main","_30x30_Plot_Repeat","Permanent","0","0","4x3"
"Melanoxylon brauna","Present",">10cm","Y0","Brazil","GANB","P10- RN 180","P10- RN 180","Restoration","30x30",229,17,NA,NA,NA,"main","_30x30_Plot_Repeat","Permanent","0","0","Não haverá plantio de mudas"
"Melanoxylon brauna","Present",">10cm","Y0","Brazil","GANB","P10- RN 180","P10- RN 180","Restoration","30x30",230,17,NA,NA,NA,"main","_30x30_Plot_Repeat","Permanent","0","0","Não haverá plantio de mudas"
"Melanoxylon brauna","Present",">10cm","Y0","Brazil","GANB","P10- RN 180","P10- RN 180","Restoration","30x30",231,17,NA,NA,NA,"main","_30x30_Plot_Repeat","Permanent","0","0","Não haverá plantio de mudas"
"Randia armata","Present",">10cm","Y0","Brazil","GANB","P10- RN 180","P10- RN 180","Restoration","30x30",232,17,NA,NA,NA,"main","_30x30_Plot_Repeat","Permanent","0","0","Não haverá plantio de mudas"
"Croton floribundus","Present",">10cm","Y0","Brazil","GANB","P10- RN 180","P10- RN 180","Restoration","30x30",233,17,NA,NA,NA,"main","_30x30_Plot_Repeat","Permanent","0","0","Não haverá plantio de mudas"
"Syagrus botryophora","Present",">10cm","Y0","Brazil","GANB","P10- RN 180","P10- RN 180","Restoration","30x30",234,17,NA,NA,NA,"main","_30x30_Plot_Repeat","Permanent","0","0","Não haverá plantio de mudas"
"Margaritaria nobilis","Present",">10cm","Y0","Brazil","GANB","P10- RN 180","P10- RN 180","Restoration","30x30",235,17,NA,NA,NA,"main","_30x30_Plot_Repeat","Permanent","0","0","Não haverá plantio de mudas"
"Eschweilera ovata","Present",">10cm","Y0","Brazil","GANB","P10- RN 180","P10- RN 180","Restoration","30x30",236,17,NA,NA,NA,"main","_30x30_Plot_Repeat","Permanent","0","0","Não haverá plantio de mudas"
"Syagrus botryophora","Present",">10cm","Y0","Brazil","GANB","P10- RN 180","P10- RN 180","Restoration","30x30",237,17,NA,NA,NA,"main","_30x30_Plot_Repeat","Permanent","0","0","Não haverá plantio de mudas"
"Melanoxylon brauna","Present",">10cm","Y0","Brazil","GANB","P10- RN 180","P10- RN 180","Restoration","30x30",238,17,NA,NA,NA,"main","_30x30_Plot_Repeat","Permanent","0","0","Não haverá plantio de mudas"
"Annona silvestris","Present",">10cm","Y0","Brazil","GANB","P10- RN 180","P10- RN 180","Restoration","30x30",239,17,NA,NA,NA,"main","_30x30_Plot_Repeat","Permanent","0","0","Não haverá plantio de mudas"
"Annona silvestris","Present",">10cm","Y0","Brazil","GANB","P10- RN 180","P10- RN 180","Restoration","30x30",240,17,NA,NA,NA,"main","_30x30_Plot_Repeat","Permanent","0","0","Não haverá plantio de mudas"
"Swartzia polida","Present",">10cm","Y0","Brazil","GANB","P10- RN 180","P10- RN 180","Restoration","30x30",241,17,NA,NA,NA,"main","_30x30_Plot_Repeat","Permanent","0","0","Não haverá plantio de mudas"
"Melanoxylon brauna","Present",">10cm","Y0","Brazil","GANB","P10- RN 180","P10- RN 180","Restoration","30x30",242,17,NA,NA,NA,"main","_30x30_Plot_Repeat","Permanent","0","0","Não haverá plantio de mudas"
"Xylopia aromatica","Present",">10cm","Y0","Brazil","GANB","P10- RN 180","P10- RN 180","Restoration","30x30",243,17,NA,NA,NA,"main","_30x30_Plot_Repeat","Permanent","0","0","Não haverá plantio de mudas"
"Ormosia sp","Present",">10cm","Y0","Brazil","GANB","P10- RN 180","P10- RN 180","Restoration","30x30",244,17,NA,NA,NA,"main","_30x30_Plot_Repeat","Permanent","0","0","Não haverá plantio de mudas"
"Annona silvestris","Present",">10cm","Y0","Brazil","GANB","P10- RN 180","P10- RN 180","Restoration","30x30",245,17,NA,NA,NA,"main","_30x30_Plot_Repeat","Permanent","0","0","Não haverá plantio de mudas"
"Allophylus sericeus","Present",">10cm","Y0","Brazil","GANB","P10- RN 180","P10- RN 180","Restoration","30x30",246,17,NA,NA,NA,"main","_30x30_Plot_Repeat","Permanent","0","0","Não haverá plantio de mudas"
"Annona silvestris","Present",">10cm","Y0","Brazil","GANB","P10- RN 180","P10- RN 180","Restoration","30x30",247,17,NA,NA,NA,"main","_30x30_Plot_Repeat","Permanent","0","0","Não haverá plantio de mudas"
"Guatteria sp","Present",">10cm","Y0","Brazil","GANB","P10- RN 180","P10- RN 180","Restoration","30x30",248,17,NA,NA,NA,"main","_30x30_Plot_Repeat","Permanent","0","0","Não haverá plantio de mudas"
"Syagrus botryophora","Present",">10cm","Y0","Brazil","GANB","P10- RN 180","P10- RN 180","Restoration","30x30",249,17,NA,NA,NA,"main","_30x30_Plot_Repeat","Permanent","0","0","Não haverá plantio de mudas"
"Copaífera sp","Present",">10cm","Y0","Brazil","GANB","P10- RN 180","P10- RN 180","Restoration","30x30",250,17,NA,NA,NA,"main","_30x30_Plot_Repeat","Permanent","0","0","Não haverá plantio de mudas"
"Melanoxylon brauna","Present",">10cm","Y0","Brazil","GANB","P10- RN 180","P10- RN 180","Restoration","30x30",251,17,NA,NA,NA,"main","_30x30_Plot_Repeat","Permanent","0","0","Não haverá plantio de mudas"
"Syagrus botryophora","Present",">10cm","Y0","Brazil","GANB","P10- RN 180","P10- RN 180","Restoration","30x30",252,17,NA,NA,NA,"main","_30x30_Plot_Repeat","Permanent","0","0","Não haverá plantio de mudas"
"Byrsonima crassifolia","Present",">10cm","Y0","Brazil","GANB","P10- RN 180","P10- RN 180","Restoration","30x30",253,17,NA,NA,NA,"main","_30x30_Plot_Repeat","Permanent","0","0","Não haverá plantio de mudas"
"Syagrus botryophora","Present",">10cm","Y0","Brazil","GANB","P10- RN 180","P10- RN 180","Restoration","30x30",254,17,NA,NA,NA,"main","_30x30_Plot_Repeat","Permanent","0","0","Não haverá plantio de mudas"
"Syagrus botryophora","Present",">10cm","Y0","Brazil","GANB","P10- RN 180","P10- RN 180","Restoration","30x30",255,17,NA,NA,NA,"main","_30x30_Plot_Repeat","Permanent","0","0","Não haverá plantio de mudas"
"Syagrus botryophora","Present",">10cm","Y0","Brazil","GANB","P10- RN 180","P10- RN 180","Restoration","30x30",256,17,NA,NA,NA,"main","_30x30_Plot_Repeat","Permanent","0","0","Não haverá plantio de mudas"
"Syagrus botryophora","Present",">10cm","Y0","Brazil","GANB","P10- RN 180","P10- RN 180","Restoration","30x30",257,17,NA,NA,NA,"main","_30x30_Plot_Repeat","Permanent","0","0","Não haverá plantio de mudas"
"Syagrus botryophora","Present",">10cm","Y0","Brazil","GANB","P10- RN 180","P10- RN 180","Restoration","30x30",258,17,NA,NA,NA,"main","_30x30_Plot_Repeat","Permanent","0","0","Não haverá plantio de mudas"
"Syagrus botryophora","Present",">10cm","Y0","Brazil","GANB","P10- RN 180","P10- RN 180","Restoration","30x30",259,17,NA,NA,NA,"main","_30x30_Plot_Repeat","Permanent","0","0","Não haverá plantio de mudas"
"Tapirira guianensis","Present",">10cm","Y0","Brazil","GANB","P10- RN 180","P10- RN 180","Restoration","30x30",260,17,NA,NA,NA,"main","_30x30_Plot_Repeat","Permanent","0","0","Não haverá plantio de mudas"
"Casearia sylvestris","Present",">10cm","Y0","Brazil","GANB","P10- RN 180","P10- RN 180","Restoration","30x30",261,17,NA,NA,NA,"main","_30x30_Plot_Repeat","Permanent","0","0","Não haverá plantio de mudas"
"Jacaranda ulei","Present",">10cm","Y0","Brazil","GANB","P10- RN 180","P10- RN 180","Restoration","30x30",262,17,NA,NA,NA,"main","_30x30_Plot_Repeat","Permanent","0","0","Não haverá plantio de mudas"
"Jacaranda ulei","Present",">10cm","Y0","Brazil","GANB","P10- RN 180","P10- RN 180","Restoration","30x30",263,17,NA,NA,NA,"main","_30x30_Plot_Repeat","Permanent","0","0","Não haverá plantio de mudas"
"Nectandra sp","Present",">10cm","Y0","Brazil","GANB","P10- RN 180","P10- RN 180","Restoration","30x30",264,17,NA,NA,NA,"main","_30x30_Plot_Repeat","Permanent","0","0","Não haverá plantio de mudas"
"Annona silvestris","Present",">10cm","Y0","Brazil","GANB","P10- RN 180","P10- RN 180","Restoration","30x30",265,17,NA,NA,NA,"main","_30x30_Plot_Repeat","Permanent","0","0","Não haverá plantio de mudas"
"Xylopia aromatica","Present",">10cm","Y0","Brazil","GANB","P10- RN 180","P10- RN 180","Restoration","30x30",266,17,NA,NA,NA,"main","_30x30_Plot_Repeat","Permanent","0","0","Não haverá plantio de mudas"
"Jacaranda ulei","Present",">10cm","Y0","Brazil","GANB","P10- RN 180","P10- RN 180","Restoration","30x30",267,17,NA,NA,NA,"main","_30x30_Plot_Repeat","Permanent","0","0","Não haverá plantio de mudas"
"Lecythis lurida","Present",">10cm","Y0","Brazil","GANB","P10- RN 180","P10- RN 180","Restoration","30x30",268,17,NA,NA,NA,"main","_30x30_Plot_Repeat","Permanent","0","0","Não haverá plantio de mudas"
"Annona silvestris","Present",">10cm","Y0","Brazil","GANB","P10- RN 180","P10- RN 180","Restoration","30x30",269,17,NA,NA,NA,"main","_30x30_Plot_Repeat","Permanent","0","0","Não haverá plantio de mudas"
"Melanoxylon brauna","Present",">10cm","Y0","Brazil","GANB","P10- RN 180","P10- RN 180","Restoration","30x30",270,17,NA,NA,NA,"main","_30x30_Plot_Repeat","Permanent","0","0","Não haverá plantio de mudas"
"Melanoxylon brauna","Present",">10cm","Y0","Brazil","GANB","P10- RN 180","P10- RN 180","Restoration","30x30",271,17,NA,NA,NA,"main","_30x30_Plot_Repeat","Permanent","0","0","Não haverá plantio de mudas"
"Syagrus botryophora","Present",">10cm","Y0","Brazil","GANB","P10- RN 180","P10- RN 180","Restoration","30x30",272,17,NA,NA,NA,"main","_30x30_Plot_Repeat","Permanent","0","0","Não haverá plantio de mudas"
"Syagrus botryophora","Present",">10cm","Y0","Brazil","GANB","P10- RN 180","P10- RN 180","Restoration","30x30",273,17,NA,NA,NA,"main","_30x30_Plot_Repeat","Permanent","0","0","Não haverá plantio de mudas"
"Inga subnuda","Present",">10cm","Y0","Brazil","GANB","P10- RN 180","P10- RN 180","Restoration","30x30",274,17,NA,NA,NA,"main","_30x30_Plot_Repeat","Permanent","0","0","Não haverá plantio de mudas"
"Melanoxylon brauna","Present",">10cm","Y0","Brazil","GANB","P10- RN 180","P10- RN 180","Restoration","30x30",275,17,NA,NA,NA,"main","_30x30_Plot_Repeat","Permanent","0","0","Não haverá plantio de mudas"
"Coccoloba alnifolia","Present",">10cm","Y0","Brazil","GANB","P10- RN 180","P10- RN 180","Restoration","30x30",276,17,NA,NA,NA,"main","_30x30_Plot_Repeat","Permanent","0","0","Não haverá plantio de mudas"
"Melanoxylon brauna","Present",">10cm","Y0","Brazil","GANB","P10- RN 180","P10- RN 180","Restoration","30x30",277,17,NA,NA,NA,"main","_30x30_Plot_Repeat","Permanent","0","0","Não haverá plantio de mudas"
"Annona silvestris","Present",">10cm","Y0","Brazil","GANB","P10- RN 180","P10- RN 180","Restoration","30x30",278,17,NA,NA,NA,"main","_30x30_Plot_Repeat","Permanent","0","0","Não haverá plantio de mudas"
"Melanoxylon brauna","Present",">10cm","Y0","Brazil","GANB","P10- RN 180","P10- RN 180","Restoration","30x30",279,17,NA,NA,NA,"main","_30x30_Plot_Repeat","Permanent","0","0","Não haverá plantio de mudas"
"Melanoxylon brauna","Present",">10cm","Y0","Brazil","GANB","P10- RN 180","P10- RN 180","Restoration","30x30",280,17,NA,NA,NA,"main","_30x30_Plot_Repeat","Permanent","0","0","Não haverá plantio de mudas"
"Heisteria sp","Present",">10cm","Y0","Brazil","GANB","P7- RN 180","P7- RN 180","Restoration","30x30",281,18,NA,NA,NA,"main","_30x30_Plot_Repeat","Permanent","0","0","4x3"
"Andira sp","Present",">10cm","Y0","Brazil","GANB","P7- RN 180","P7- RN 180","Restoration","30x30",282,18,NA,NA,NA,"main","_30x30_Plot_Repeat","Permanent","0","0","4x3"
"Vismia latifolia","Present",">10cm","Y0","Brazil","GANB","P7- RN 180","P7- RN 180","Restoration","30x30",283,18,NA,NA,NA,"main","_30x30_Plot_Repeat","Permanent","0","0","4x3"
"Guapira nitida","Present",">10cm","Y0","Brazil","GANB","P7- RN 180","P7- RN 180","Restoration","30x30",284,18,NA,NA,NA,"main","_30x30_Plot_Repeat","Permanent","0","0","4x3"
"Xylopia aromatica","Present",">10cm","Y0","Brazil","GANB","P7- RN 180","P7- RN 180","Restoration","30x30",285,18,NA,NA,NA,"main","_30x30_Plot_Repeat","Permanent","0","0","4x3"
"Pradosia lactescens","Present",">10cm","Y0","Brazil","GANB","P7- RN 180","P7- RN 180","Restoration","30x30",286,18,NA,NA,NA,"main","_30x30_Plot_Repeat","Permanent","0","0","4x3"
"Inga affinis","Present",">10cm","Y0","Brazil","GANB","P7- RN 180","P7- RN 180","Restoration","30x30",287,18,NA,NA,NA,"main","_30x30_Plot_Repeat","Permanent","0","0","4x3"
"Emmotum nitens","Present",">10cm","Y0","Brazil","GANB","P7- RN 180","P7- RN 180","Restoration","30x30",288,18,NA,NA,NA,"main","_30x30_Plot_Repeat","Permanent","0","0","4x3"
"Inga affinis","Present",">10cm","Y0","Brazil","GANB","P7- RN 180","P7- RN 180","Restoration","30x30",289,18,NA,NA,NA,"main","_30x30_Plot_Repeat","Permanent","0","0","4x3"
"Chrysophyllum grandiflora","Present",">10cm","Y0","Brazil","GANB","P7- RN 180","P7- RN 180","Restoration","30x30",290,18,NA,NA,NA,"main","_30x30_Plot_Repeat","Permanent","0","0","4x3"
"Inga affinis","Present",">10cm","Y0","Brazil","GANB","P7- RN 180","P7- RN 180","Restoration","30x30",291,18,NA,NA,NA,"main","_30x30_Plot_Repeat","Permanent","0","0","4x3"
"Andira fraxinifolia","Present",">10cm","Y0","Brazil","GANB","P7- RN 180","P7- RN 180","Restoration","30x30",292,18,NA,NA,NA,"main","_30x30_Plot_Repeat","Permanent","0","0","4x3"
"Chrysophyllum grandiflora","Present",">10cm","Y0","Brazil","GANB","P7- RN 180","P7- RN 180","Restoration","30x30",293,18,NA,NA,NA,"main","_30x30_Plot_Repeat","Permanent","0","0","4x3"
"Alseis floribunda","Present",">10cm","Y0","Brazil","GANB","P7- RN 180","P7- RN 180","Restoration","30x30",294,18,NA,NA,NA,"main","_30x30_Plot_Repeat","Permanent","0","0","4x3"
"Zanthoxylum nemorale","Present",">10cm","Y0","Brazil","GANB","P7- RN 180","P7- RN 180","Restoration","30x30",295,18,NA,NA,NA,"main","_30x30_Plot_Repeat","Permanent","0","0","4x3"
"Thyrsodium spruceanum","Present",">10cm","Y0","Brazil","GANB","P7- RN 180","P7- RN 180","Restoration","30x30",296,18,NA,NA,NA,"main","_30x30_Plot_Repeat","Permanent","0","0","4x3"
"Thyrsodium spruceanum","Present",">10cm","Y0","Brazil","GANB","P7- RN 180","P7- RN 180","Restoration","30x30",297,18,NA,NA,NA,"main","_30x30_Plot_Repeat","Permanent","0","0","4x3"
"Inga edulis","Present",">10cm","Y0","Brazil","GANB","P7- RN 180","P7- RN 180","Restoration","30x30",298,18,NA,NA,NA,"main","_30x30_Plot_Repeat","Permanent","0","0","4x3"
"Xylopia frutescens","Present",">10cm","Y0","Brazil","GANB","P7- RN 180","P7- RN 180","Restoration","30x30",299,18,NA,NA,NA,"main","_30x30_Plot_Repeat","Permanent","0","0","4x3"
"Caesalpinia sp","Present",">10cm","Y0","Brazil","GANB","P7- RN 180","P7- RN 180","Restoration","30x30",300,18,NA,NA,NA,"main","_30x30_Plot_Repeat","Permanent","0","0","4x3"
"Lecythis pisonis","Present",">10cm","Y0","Brazil","GANB","P7- RN 180","P7- RN 180","Restoration","30x30",301,18,NA,NA,NA,"main","_30x30_Plot_Repeat","Permanent","0","0","4x3"
"Swartzia polida","Present",">10cm","Y0","Brazil","GANB","P7- RN 180","P7- RN 180","Restoration","30x30",302,18,NA,NA,NA,"main","_30x30_Plot_Repeat","Permanent","0","0","4x3"
"Swartzia polida","Present",">10cm","Y0","Brazil","GANB","P7- RN 180","P7- RN 180","Restoration","30x30",303,18,NA,NA,NA,"main","_30x30_Plot_Repeat","Permanent","0","0","4x3"
"Jacaranda ulei","Present",">10cm","Y0","Brazil","GANB","P7- RN 180","P7- RN 180","Restoration","30x30",304,18,NA,NA,NA,"main","_30x30_Plot_Repeat","Permanent","0","0","4x3"
"Aspidosperma discolor","Present",">10cm","Y0","Brazil","GANB","P7- RN 180","P7- RN 180","Restoration","30x30",305,18,NA,NA,NA,"main","_30x30_Plot_Repeat","Permanent","0","0","4x3"
"Swartzia polida","Present",">10cm","Y0","Brazil","GANB","P7- RN 180","P7- RN 180","Restoration","30x30",306,18,NA,NA,NA,"main","_30x30_Plot_Repeat","Permanent","0","0","4x3"
"Desconhecida","Present",">10cm","Y0","Brazil","GANB","P7- RN 180","P7- RN 180","Restoration","30x30",307,18,NA,NA,NA,"main","_30x30_Plot_Repeat","Permanent","0","0","4x3"
"Pera glabrata","Present",">10cm","Y0","Brazil","GANB","P7- RN 180","P7- RN 180","Restoration","30x30",308,18,NA,NA,NA,"main","_30x30_Plot_Repeat","Permanent","0","0","4x3"
"Heisteria sp","Present",">10cm","Y0","Brazil","GANB","P7- RN 180","P7- RN 180","Restoration","30x30",309,18,NA,NA,NA,"main","_30x30_Plot_Repeat","Permanent","0","0","4x3"
"Chrysophyllum grandiflora","Present",">10cm","Y0","Brazil","GANB","P7- RN 180","P7- RN 180","Restoration","30x30",310,18,NA,NA,NA,"main","_30x30_Plot_Repeat","Permanent","0","0","4x3"
"Desconhecida","Present",">10cm","Y0","Brazil","GANB","P7- RN 180","P7- RN 180","Restoration","30x30",311,18,NA,NA,NA,"main","_30x30_Plot_Repeat","Permanent","0","0","4x3"
"Pterocarpus rhorii","Present",">10cm","Y0","Brazil","GANB","P7- RN 180","P7- RN 180","Restoration","30x30",312,18,NA,NA,NA,"main","_30x30_Plot_Repeat","Permanent","0","0","4x3"
"Diospyros sp","Present",">10cm","Y0","Brazil","GANB","P7- RN 180","P7- RN 180","Restoration","30x30",313,18,NA,NA,NA,"main","_30x30_Plot_Repeat","Permanent","0","0","4x3"
"Ceiba speciosa","Present",">10cm","Y0","Brazil","GANB","P7- RN 180","P7- RN 180","Restoration","30x30",314,18,NA,NA,NA,"main","_30x30_Plot_Repeat","Permanent","0","0","4x3"
"Dulacia papillosa","Present",">10cm","Y0","Brazil","GANB","P7- RN 180","P7- RN 180","Restoration","30x30",315,18,NA,NA,NA,"main","_30x30_Plot_Repeat","Permanent","0","0","4x3"
"Inga affinis","Present",">10cm","Y0","Brazil","GANB","P7- RN 180","P7- RN 180","Restoration","30x30",316,18,NA,NA,NA,"main","_30x30_Plot_Repeat","Permanent","0","0","4x3"
"Plinia sp","Present",">10cm","Y0","Brazil","GANB","P7- RN 180","P7- RN 180","Restoration","30x30",317,18,NA,NA,NA,"main","_30x30_Plot_Repeat","Permanent","0","0","4x3"
"Ocotea sp","Present",">10cm","Y0","Brazil","GANB","P7- RN 180","P7- RN 180","Restoration","30x30",318,18,NA,NA,NA,"main","_30x30_Plot_Repeat","Permanent","0","0","4x3"
"Aspidosperma polyneuron","Present",">10cm","Y0","Brazil","GANB","P7- RN 180","P7- RN 180","Restoration","30x30",319,18,NA,NA,NA,"main","_30x30_Plot_Repeat","Permanent","0","0","4x3"
"Vatairea heteroptera","Present",">10cm","Y0","Brazil","GANB","P7- RN 180","P7- RN 180","Restoration","30x30",320,18,NA,NA,NA,"main","_30x30_Plot_Repeat","Permanent","0","0","4x3"
"Margaritaria nobilis","Present",">10cm","Y0","Brazil","GANB","P7- RN 180","P7- RN 180","Restoration","30x30",321,18,NA,NA,NA,"main","_30x30_Plot_Repeat","Permanent","0","0","4x3"
"Chrysophyllum grandiflora","Present",">10cm","Y0","Brazil","GANB","P7- RN 180","P7- RN 180","Restoration","30x30",322,18,NA,NA,NA,"main","_30x30_Plot_Repeat","Permanent","0","0","4x3"
"Tabebuia sp","Present",">10cm","Y0","Brazil","GANB","P7- RN 180","P7- RN 180","Restoration","30x30",323,18,NA,NA,NA,"main","_30x30_Plot_Repeat","Permanent","0","0","4x3"
"Pera heteranthera","Present",">10cm","Y0","Brazil","GANB","P7- RN 180","P7- RN 180","Restoration","30x30",324,18,NA,NA,NA,"main","_30x30_Plot_Repeat","Permanent","0","0","4x3"
"Ceiba speciosa","Present",">10cm","Y0","Brazil","GANB","P7- RN 180","P7- RN 180","Restoration","30x30",325,18,NA,NA,NA,"main","_30x30_Plot_Repeat","Permanent","0","0","4x3"
"Handroanthus albus","Present",">10cm","Y0","Brazil","GANB","P7- RN 180","P7- RN 180","Restoration","30x30",326,18,NA,NA,NA,"main","_30x30_Plot_Repeat","Permanent","0","0","4x3"
"Lecythis pisonis","Present",">10cm","Y0","Brazil","GANB","P7- RN 180","P7- RN 180","Restoration","30x30",327,18,NA,NA,NA,"main","_30x30_Plot_Repeat","Permanent","0","0","4x3"
"Himatanthus phagedaenicus","Present",">10cm","Y0","Brazil","GANB","P7- RN 180","P7- RN 180","Restoration","30x30",328,18,NA,NA,NA,"main","_30x30_Plot_Repeat","Permanent","0","0","4x3"
"Eugenia sp","Present",">10cm","Y0","Brazil","GANB","P7- RN 180","P7- RN 180","Restoration","30x30",329,18,NA,NA,NA,"main","_30x30_Plot_Repeat","Permanent","0","0","4x3"
"Casearia commersoniana","Present",">10cm","Y0","Brazil","GANB","P8-ENR-180","P8-ENR-180","Restoration","30x30",330,19,NA,NA,NA,"main","_30x30_Plot_Repeat","Permanent","0","0","4x3"
"Casearia commersoniana","Present",">10cm","Y0","Brazil","GANB","P8-ENR-180","P8-ENR-180","Restoration","30x30",331,19,NA,NA,NA,"main","_30x30_Plot_Repeat","Permanent","0","0","4x3"
"Jacaranda ulei","Present",">10cm","Y0","Brazil","GANB","P8-ENR-180","P8-ENR-180","Restoration","30x30",332,19,NA,NA,NA,"main","_30x30_Plot_Repeat","Permanent","0","0","4x3"
"Cupania vernalis","Present",">10cm","Y0","Brazil","GANB","P8-ENR-180","P8-ENR-180","Restoration","30x30",333,19,NA,NA,NA,"main","_30x30_Plot_Repeat","Permanent","0","0","4x3"
"Eschweilera ovata","Present",">10cm","Y0","Brazil","GANB","P8-ENR-180","P8-ENR-180","Restoration","30x30",334,19,NA,NA,NA,"main","_30x30_Plot_Repeat","Permanent","0","0","4x3"
"Xylopia aromatica","Present",">10cm","Y0","Brazil","GANB","P8-ENR-180","P8-ENR-180","Restoration","30x30",335,19,NA,NA,NA,"main","_30x30_Plot_Repeat","Permanent","0","0","4x3"
"Eschweilera ovata","Present",">10cm","Y0","Brazil","GANB","P8-ENR-180","P8-ENR-180","Restoration","30x30",336,19,NA,NA,NA,"main","_30x30_Plot_Repeat","Permanent","0","0","4x3"
"Miconia sp","Present",">10cm","Y0","Brazil","GANB","P8-ENR-180","P8-ENR-180","Restoration","30x30",337,19,NA,NA,NA,"main","_30x30_Plot_Repeat","Permanent","0","0","4x3"
"Byrsonima sericea","Present",">10cm","Y0","Brazil","GANB","P8-ENR-180","P8-ENR-180","Restoration","30x30",338,19,NA,NA,NA,"main","_30x30_Plot_Repeat","Permanent","0","0","4x3"
"Balizia pedicellare","Present",">10cm","Y0","Brazil","GANB","P8-ENR-180","P8-ENR-180","Restoration","30x30",339,19,NA,NA,NA,"main","_30x30_Plot_Repeat","Permanent","0","0","4x3"
"Zanthoxylum nemorale","Present",">10cm","Y2.5","Brazil","GANB","P8 RN - 165","P8RN - 165ha","Restoration","30x30",340,20,NA,NA,NA,"main","_30x30_Plot_Repeat","Permanent","0","1","Não houve plantio"
"Xylopia aromatica","Present",">10cm","Y2.5","Brazil","GANB","P8 RN - 165","P8RN - 165ha","Restoration","30x30",341,20,NA,NA,NA,"main","_30x30_Plot_Repeat","Permanent","0","1","Não houve plantio"
"Thyrsodium spruceanum","Present",">10cm","Y2.5","Brazil","GANB","P8 RN - 165","P8RN - 165ha","Restoration","30x30",342,20,NA,NA,NA,"main","_30x30_Plot_Repeat","Permanent","0","1","Não houve plantio"
"Eugenia sp","Present",">10cm","Y2.5","Brazil","GANB","P8 RN - 165","P8RN - 165ha","Restoration","30x30",343,20,NA,NA,NA,"main","_30x30_Plot_Repeat","Permanent","0","1","Não houve plantio"
"Cordia sp","Present",">10cm","Y2.5","Brazil","GANB","P8 RN - 165","P8RN - 165ha","Restoration","30x30",344,20,NA,NA,NA,"main","_30x30_Plot_Repeat","Permanent","0","1","Não houve plantio"
"Eschweilera ovata","Present",">10cm","Y2.5","Brazil","GANB","P8 RN - 165","P8RN - 165ha","Restoration","30x30",345,20,NA,NA,NA,"main","_30x30_Plot_Repeat","Permanent","0","1","Não houve plantio"
"Inga edulis","Present",">10cm","Y2.5","Brazil","GANB","P8 RN - 165","P8RN - 165ha","Restoration","30x30",346,20,NA,NA,NA,"main","_30x30_Plot_Repeat","Permanent","0","1","Não houve plantio"
"Pati","Present",">10cm","Y2.5","Brazil","GANB","P8 RN - 165","P8RN - 165ha","Restoration","30x30",347,20,NA,NA,NA,"main","_30x30_Plot_Repeat","Permanent","0","1","Não houve plantio"
"Annona silvestris","Present",">10cm","Y2.5","Brazil","GANB","P8 RN - 165","P8RN - 165ha","Restoration","30x30",348,20,NA,NA,NA,"main","_30x30_Plot_Repeat","Permanent","0","1","Não houve plantio"
"Jacaranda ulei","Present",">10cm","Y2.5","Brazil","GANB","P8 RN - 165","P8RN - 165ha","Restoration","30x30",349,20,NA,NA,NA,"main","_30x30_Plot_Repeat","Permanent","0","1","Não houve plantio"
"Syagrus botryophora","Present",">10cm","Y2.5","Brazil","GANB","PRN3 - 165ha","PRN3 - 165ha","Restoration","30x30",350,21,NA,NA,NA,"main","_30x30_Plot_Repeat","Permanent","0","0","Não houve plantio"
"Jacaranda ulei","Present",">10cm","Y2.5","Brazil","GANB","PRN3 - 165ha","PRN3 - 165ha","Restoration","30x30",351,21,NA,NA,NA,"main","_30x30_Plot_Repeat","Permanent","0","0","Não houve plantio"
"Byrsonima sericea","Present",">10cm","Y2.5","Brazil","GANB","PRN3 - 165ha","PRN3 - 165ha","Restoration","30x30",352,21,NA,NA,NA,"main","_30x30_Plot_Repeat","Permanent","0","0","Não houve plantio"
"Jacaranda ulei","Present",">10cm","Y2.5","Brazil","GANB","PRN3 - 165ha","PRN3 - 165ha","Restoration","30x30",353,21,NA,NA,NA,"main","_30x30_Plot_Repeat","Permanent","0","0","Não houve plantio"
"Syagrus botryophora","Present",">10cm","Y2.5","Brazil","GANB","PRN3 - 165ha","PRN3 - 165ha","Restoration","30x30",354,21,NA,NA,NA,"main","_30x30_Plot_Repeat","Permanent","0","0","Não houve plantio"
"Melanoxylon brauna","Present",">10cm","Y2.5","Brazil","GANB","PRN3 - 165ha","PRN3 - 165ha","Restoration","30x30",355,21,NA,NA,NA,"main","_30x30_Plot_Repeat","Permanent","0","0","Não houve plantio"
"Syagrus botryophora","Present",">10cm","Y2.5","Brazil","GANB","PRN3 - 165ha","PRN3 - 165ha","Restoration","30x30",356,21,NA,NA,NA,"main","_30x30_Plot_Repeat","Permanent","0","0","Não houve plantio"
"Jacaranda ulei","Present",">10cm","Y2.5","Brazil","GANB","PRN3 - 165ha","PRN3 - 165ha","Restoration","30x30",357,21,NA,NA,NA,"main","_30x30_Plot_Repeat","Permanent","0","0","Não houve plantio"
"Jacaranda ulei","Present",">10cm","Y2.5","Brazil","GANB","PRN3 - 165ha","PRN3 - 165ha","Restoration","30x30",358,21,NA,NA,NA,"main","_30x30_Plot_Repeat","Permanent","0","0","Não houve plantio"
"Inga edulis","Present",">10cm","Y2.5","Brazil","GANB","PRN3 - 165ha","PRN3 - 165ha","Restoration","30x30",359,21,NA,NA,NA,"main","_30x30_Plot_Repeat","Permanent","0","0","Não houve plantio"
"Emmotum nitens","Present",">10cm","Y2.5","Brazil","GANB","PRN3 - 165ha","PRN3 - 165ha","Restoration","30x30",360,21,NA,NA,NA,"main","_30x30_Plot_Repeat","Permanent","0","0","Não houve plantio"
"Pouteria venosa","Present",">10cm","Y2.5","Brazil","GANB","PRN3 - 165ha","PRN3 - 165ha","Restoration","30x30",361,21,NA,NA,NA,"main","_30x30_Plot_Repeat","Permanent","0","0","Não houve plantio"
"Arapatiella psilophylla","Present",">10cm","Y2.5","Brazil","GANB","PRN3 - 165ha","PRN3 - 165ha","Restoration","30x30",362,21,NA,NA,NA,"main","_30x30_Plot_Repeat","Permanent","0","0","Não houve plantio"
"Pouteria venosa","Present",">10cm","Y2.5","Brazil","GANB","PRN3 - 165ha","PRN3 - 165ha","Restoration","30x30",363,21,NA,NA,NA,"main","_30x30_Plot_Repeat","Permanent","0","0","Não houve plantio"
"Syagrus botryophora","Present",">10cm","Y2.5","Brazil","GANB","PRN3 - 165ha","PRN3 - 165ha","Restoration","30x30",364,21,NA,NA,NA,"main","_30x30_Plot_Repeat","Permanent","0","0","Não houve plantio"
"Syagrus botryophora","Present",">10cm","Y2.5","Brazil","GANB","PRN3 - 165ha","PRN3 - 165ha","Restoration","30x30",365,21,NA,NA,NA,"main","_30x30_Plot_Repeat","Permanent","0","0","Não houve plantio"
"Xylopia aromatica","Present",">10cm","Y2.5","Brazil","GANB","PRN3 - 165ha","PRN3 - 165ha","Restoration","30x30",366,21,NA,NA,NA,"main","_30x30_Plot_Repeat","Permanent","0","0","Não houve plantio"
"Vismia guianensis","Present",">10cm","Y2.5","Brazil","GANB","PRN3 - 165ha","PRN3 - 165ha","Restoration","30x30",367,21,NA,NA,NA,"main","_30x30_Plot_Repeat","Permanent","0","0","Não houve plantio"
"Margaritaria nobilis","Present",">10cm","Y2.5","Brazil","GANB","PRN3 - 165ha","PRN3 - 165ha","Restoration","30x30",368,21,NA,NA,NA,"main","_30x30_Plot_Repeat","Permanent","0","0","Não houve plantio"
"Desconhecida","Present",">10cm","Y2.5","Brazil","GANB","PRN3 - 165ha","PRN3 - 165ha","Restoration","30x30",369,21,NA,NA,NA,"main","_30x30_Plot_Repeat","Permanent","0","0","Não houve plantio"
"Inga edulis","Present",">10cm","Y2.5","Brazil","GANB","PRN3 - 165ha","PRN3 - 165ha","Restoration","30x30",370,21,NA,NA,NA,"main","_30x30_Plot_Repeat","Permanent","0","0","Não houve plantio"
"Xylopia aromatica","Present",">10cm","Y2.5","Brazil","GANB","PRN3 - 165ha","PRN3 - 165ha","Restoration","30x30",371,21,NA,NA,NA,"main","_30x30_Plot_Repeat","Permanent","0","0","Não houve plantio"
"Jacaranda ulei","Present",">10cm","Y2.5","Brazil","GANB","PRN3 - 165ha","PRN3 - 165ha","Restoration","30x30",372,21,NA,NA,NA,"main","_30x30_Plot_Repeat","Permanent","0","0","Não houve plantio"
"Pogonophora schomburgkiana","Present",">10cm","Y2.5","Brazil","GANB","PRN3 - 165ha","PRN3 - 165ha","Restoration","30x30",373,21,NA,NA,NA,"main","_30x30_Plot_Repeat","Permanent","0","0","Não houve plantio"
"Desconhecida 2","Present",">10cm","Y2.5","Brazil","GANB","PRN3 - 165ha","PRN3 - 165ha","Restoration","30x30",374,21,NA,NA,NA,"main","_30x30_Plot_Repeat","Permanent","0","0","Não houve plantio"
"Melanoxylon brauna","Present",">10cm","Y2.5","Brazil","GANB","PRN3 - 165ha","PRN3 - 165ha","Restoration","30x30",375,21,NA,NA,NA,"main","_30x30_Plot_Repeat","Permanent","0","0","Não houve plantio"
"Xylopia aromatica","Present",">10cm","Y2.5","Brazil","GANB","PRN3 - 165ha","PRN3 - 165ha","Restoration","30x30",376,21,NA,NA,NA,"main","_30x30_Plot_Repeat","Permanent","0","0","Não houve plantio"
"Syagrus botryophora","Present",">10cm","Y2.5","Brazil","GANB","PRN3 - 165ha","PRN3 - 165ha","Restoration","30x30",377,21,NA,NA,NA,"main","_30x30_Plot_Repeat","Permanent","0","0","Não houve plantio"
"Xylopia aromatica","Present",">10cm","Y2.5","Brazil","GANB","PRN3 - 165ha","PRN3 - 165ha","Restoration","30x30",378,21,NA,NA,NA,"main","_30x30_Plot_Repeat","Permanent","0","0","Não houve plantio"
"Jacaranda ulei","Present",">10cm","Y2.5","Brazil","GANB","PRN3 - 165ha","PRN3 - 165ha","Restoration","30x30",379,21,NA,NA,NA,"main","_30x30_Plot_Repeat","Permanent","0","0","Não houve plantio"
"Byrsonima sericea","Present",">10cm","Y2.5","Brazil","GANB","PRN3 - 165ha","PRN3 - 165ha","Restoration","30x30",380,21,NA,NA,NA,"main","_30x30_Plot_Repeat","Permanent","0","0","Não houve plantio"
"Syagrus botryophora","Present",">10cm","Y2.5","Brazil","GANB","PRN3 - 165ha","PRN3 - 165ha","Restoration","30x30",381,21,NA,NA,NA,"main","_30x30_Plot_Repeat","Permanent","0","0","Não houve plantio"
"Xylopia aromatica","Present",">10cm","Y2.5","Brazil","GANB","PRN3 - 165ha","PRN3 - 165ha","Restoration","30x30",382,21,NA,NA,NA,"main","_30x30_Plot_Repeat","Permanent","0","0","Não houve plantio"
"Jacaranda ulei","Present",">10cm","Y2.5","Brazil","GANB","PRN3 - 165ha","PRN3 - 165ha","Restoration","30x30",383,21,NA,NA,NA,"main","_30x30_Plot_Repeat","Permanent","0","0","Não houve plantio"
"Pouteria venosa","Present",">10cm","Y2.5","Brazil","GANB","PRN3 - 165ha","PRN3 - 165ha","Restoration","30x30",384,21,NA,NA,NA,"main","_30x30_Plot_Repeat","Permanent","0","0","Não houve plantio"
"Annona silvestris","Present",">10cm","Y2.5","Brazil","GANB","PRN3 - 165ha","PRN3 - 165ha","Restoration","30x30",385,21,NA,NA,NA,"main","_30x30_Plot_Repeat","Permanent","0","0","Não houve plantio"
"Melanoxylon brauna","Present",">10cm","Y2.5","Brazil","GANB","PRN3 - 165ha","PRN3 - 165ha","Restoration","30x30",386,21,NA,NA,NA,"main","_30x30_Plot_Repeat","Permanent","0","0","Não houve plantio"
"Vismia guianensis","Present",">10cm","Y2.5","Brazil","GANB","PRN3 - 165ha","PRN3 - 165ha","Restoration","30x30",387,21,NA,NA,NA,"main","_30x30_Plot_Repeat","Permanent","0","0","Não houve plantio"
"Vismia guianensis","Present",">10cm","Y2.5","Brazil","GANB","PRN3 - 165ha","PRN3 - 165ha","Restoration","30x30",388,21,NA,NA,NA,"main","_30x30_Plot_Repeat","Permanent","0","0","Não houve plantio"
"Pogonophora schomburgkiana","Present",">10cm","Y2.5","Brazil","GANB","PRN3 - 165ha","PRN3 - 165ha","Restoration","30x30",389,21,NA,NA,NA,"main","_30x30_Plot_Repeat","Permanent","0","0","Não houve plantio"
"Melanoxylon brauna","Present",">10cm","Y2.5","Brazil","GANB","PRN3 - 165ha","PRN3 - 165ha","Restoration","30x30",390,21,NA,NA,NA,"main","_30x30_Plot_Repeat","Permanent","0","0","Não houve plantio"
"Xylopia aromatica","Present",">10cm","Y2.5","Brazil","GANB","PRN3 - 165ha","PRN3 - 165ha","Restoration","30x30",391,21,NA,NA,NA,"main","_30x30_Plot_Repeat","Permanent","0","0","Não houve plantio"
"Margaritaria nobilis","Present",">10cm","Y2.5","Brazil","GANB","PRN3 - 165ha","PRN3 - 165ha","Restoration","30x30",392,21,NA,NA,NA,"main","_30x30_Plot_Repeat","Permanent","0","0","Não houve plantio"
"Pera glabrata","Present",">10cm","Y2.5","Brazil","GANB","PRN3 - 165ha","PRN3 - 165ha","Restoration","30x30",393,21,NA,NA,NA,"main","_30x30_Plot_Repeat","Permanent","0","0","Não houve plantio"
"Lecythis lurida","Present",">10cm","Y2.5","Brazil","GANB","PRN3 - 165ha","PRN3 - 165ha","Restoration","30x30",394,21,NA,NA,NA,"main","_30x30_Plot_Repeat","Permanent","0","0","Não houve plantio"
"Annona silvestris","Present",">10cm","Y2.5","Brazil","GANB","PRN3 - 165ha","PRN3 - 165ha","Restoration","30x30",395,21,NA,NA,NA,"main","_30x30_Plot_Repeat","Permanent","0","0","Não houve plantio"
"Andira anthelmia","Present",">10cm","Y2.5","Brazil","GANB","PRN3 - 165ha","PRN3 - 165ha","Restoration","30x30",396,21,NA,NA,NA,"main","_30x30_Plot_Repeat","Permanent","0","0","Não houve plantio"
"Byrsonima sericea","Present",">10cm","Y2.5","Brazil","GANB","PRN1 - 165ha","PRN1- 165ha","Restoration","30x30",397,22,NA,NA,NA,"main","_30x30_Plot_Repeat","Permanent","0","0","Não houve plantio"
"Byrsonima sericea","Present",">10cm","Y2.5","Brazil","GANB","PRN1 - 165ha","PRN1- 165ha","Restoration","30x30",398,22,NA,NA,NA,"main","_30x30_Plot_Repeat","Permanent","0","0","Não houve plantio"
"Terminalia dichotoma","Present",">10cm","Y2.5","Brazil","GANB","PRN1 - 165ha","PRN1- 165ha","Restoration","30x30",399,22,NA,NA,NA,"main","_30x30_Plot_Repeat","Permanent","0","0","Não houve plantio"
"Byrsonima sericea","Present",">10cm","Y2.5","Brazil","GANB","PRN1 - 165ha","PRN1- 165ha","Restoration","30x30",400,22,NA,NA,NA,"main","_30x30_Plot_Repeat","Permanent","0","0","Não houve plantio"
"Byrsonima sericea","Present",">10cm","Y2.5","Brazil","GANB","PRN1 - 165ha","PRN1- 165ha","Restoration","30x30",401,22,NA,NA,NA,"main","_30x30_Plot_Repeat","Permanent","0","0","Não houve plantio"
"Byrsonima sericea","Present",">10cm","Y2.5","Brazil","GANB","PRN1 - 165ha","PRN1- 165ha","Restoration","30x30",402,22,NA,NA,NA,"main","_30x30_Plot_Repeat","Permanent","0","0","Não houve plantio"
"Byrsonima sericea","Present",">10cm","Y2.5","Brazil","GANB","PRN1 - 165ha","PRN1- 165ha","Restoration","30x30",403,22,NA,NA,NA,"main","_30x30_Plot_Repeat","Permanent","0","0","Não houve plantio"
"Byrsonima sericea","Present",">10cm","Y2.5","Brazil","GANB","PRN1 - 165ha","PRN1- 165ha","Restoration","30x30",404,22,NA,NA,NA,"main","_30x30_Plot_Repeat","Permanent","0","0","Não houve plantio"
"Casearia sylvestris","Present",">10cm","Y2.5","Brazil","GANB","PRN4 - 165ha","PRN4 - 165ha","Restoration","30x30",405,23,1,1,11.8,"main","_30x30_Plot_Repeat","Permanent","0","1","Não houve plantio"
"Xylopia aromatica","Present",">10cm","Y2.5","Brazil","GANB","PRN4 - 165ha","PRN4 - 165ha","Restoration","30x30",406,23,2,1,10.2,"main","_30x30_Plot_Repeat","Permanent","0","1","Não houve plantio"
"Bauhinia longifolia","Present",">10cm","Y2.5","Brazil","GANB","PRN4 - 165ha","PRN4 - 165ha","Restoration","30x30",407,23,3,1,10.9,"main","_30x30_Plot_Repeat","Permanent","0","1","Não houve plantio"
"Bauhinia longifolia","Present",">10cm","Y2.5","Brazil","GANB","PRN4 - 165ha","PRN4 - 165ha","Restoration","30x30",408,23,4,1,13.1,"main","_30x30_Plot_Repeat","Permanent","0","1","Não houve plantio"
"Vismia martiniana","Present",">10cm","Y2.5","Brazil","GANB","PRN4 - 165ha","PRN4 - 165ha","Restoration","30x30",409,23,5,1,11.9,"main","_30x30_Plot_Repeat","Permanent","0","1","Não houve plantio"
"Vismia martiniana","Present",">10cm","Y2.5","Brazil","GANB","PRN4 - 165ha","PRN4 - 165ha","Restoration","30x30",410,23,6,1,13.7,"main","_30x30_Plot_Repeat","Permanent","0","1","Não houve plantio"
"Jacaranda ulei","Present",">10cm","Y2.5","Brazil","GANB","PRN4 - 165ha","PRN4 - 165ha","Restoration","30x30",411,23,7,1,10.8,"main","_30x30_Plot_Repeat","Permanent","0","1","Não houve plantio"
"Jacaranda ulei","Present",">10cm","Y2.5","Brazil","GANB","PRN4 - 165ha","PRN4 - 165ha","Restoration","30x30",412,23,8,1,11.9,"main","_30x30_Plot_Repeat","Permanent","0","1","Não houve plantio"
"Annona silvestris","Present",">10cm","Y2.5","Brazil","GANB","PRN4 - 165ha","PRN4 - 165ha","Restoration","30x30",413,23,9,1,10.6,"main","_30x30_Plot_Repeat","Permanent","0","1","Não houve plantio"
"Jacaranda ulei","Present",">10cm","Y2.5","Brazil","GANB","PRN4 - 165ha","PRN4 - 165ha","Restoration","30x30",414,23,10,1,10.5,"main","_30x30_Plot_Repeat","Permanent","0","1","Não houve plantio"
"Jacaranda ulei","Present",">10cm","Y2.5","Brazil","GANB","PRN4 - 165ha","PRN4 - 165ha","Restoration","30x30",415,23,11,1,10.7,"main","_30x30_Plot_Repeat","Permanent","0","1","Não houve plantio"
"Nectandra sp","Present",">10cm","Y2.5","Brazil","GANB","PRN4 - 165ha","PRN4 - 165ha","Restoration","30x30",416,23,12,1,12.9,"main","_30x30_Plot_Repeat","Permanent","0","1","Não houve plantio"
"Thyrsodium spruceanum","Present",">10cm","Y2.5","Brazil","GANB","PRN4 - 165ha","PRN4 - 165ha","Restoration","30x30",417,23,13,1,13.4,"main","_30x30_Plot_Repeat","Permanent","0","1","Não houve plantio"
"Xylopia aromatica","Present",">10cm","Y2.5","Brazil","GANB","PRN4 - 165ha","PRN4 - 165ha","Restoration","30x30",418,23,14,1,17,"main","_30x30_Plot_Repeat","Permanent","0","1","Não houve plantio"
"Thyrsodium spruceanum","Present",">10cm","Y2.5","Brazil","GANB","PRN4 - 165ha","PRN4 - 165ha","Restoration","30x30",419,23,15,1,10.1,"main","_30x30_Plot_Repeat","Permanent","0","1","Não houve plantio"
"Xylopia aromatica","Present",">10cm","Y2.5","Brazil","GANB","PRN4 - 165ha","PRN4 - 165ha","Restoration","30x30",420,23,16,1,13.5,"main","_30x30_Plot_Repeat","Permanent","0","1","Não houve plantio"
"Bauhinia longifolia","Present",">10cm","Y2.5","Brazil","GANB","PRN4 - 165ha","PRN4 - 165ha","Restoration","30x30",421,23,17,1,11.9,"main","_30x30_Plot_Repeat","Permanent","0","1","Não houve plantio"
"Xylopia aromatica","Present",">10cm","Y2.5","Brazil","GANB","PRN4 - 165ha","PRN4 - 165ha","Restoration","30x30",422,23,18,1,14.2,"main","_30x30_Plot_Repeat","Permanent","0","1","Não houve plantio"
"Xylopia aromatica","Present",">10cm","Y2.5","Brazil","GANB","PRN4 - 165ha","PRN4 - 165ha","Restoration","30x30",423,23,19,1,10.3,"main","_30x30_Plot_Repeat","Permanent","0","1","Não houve plantio"
"Jacaranda ulei","Present",">10cm","Y2.5","Brazil","GANB","PRN4 - 165ha","PRN4 - 165ha","Restoration","30x30",424,23,20,1,14.8,"main","_30x30_Plot_Repeat","Permanent","0","1","Não houve plantio"
"Jacaranda ulei","Present",">10cm","Y2.5","Brazil","GANB","PRN4 - 165ha","PRN4 - 165ha","Restoration","30x30",425,23,20,2,12.9,"main","_30x30_Plot_Repeat","Permanent","0","1","Não houve plantio"
"Jacaranda ulei","Present",">10cm","Y2.5","Brazil","GANB","PRN4 - 165ha","PRN4 - 165ha","Restoration","30x30",426,23,21,1,10.6,"main","_30x30_Plot_Repeat","Permanent","0","1","Não houve plantio"
"Xylopia aromatica","Present",">10cm","Y2.5","Brazil","GANB","PRN4 - 165ha","PRN4 - 165ha","Restoration","30x30",427,23,22,1,14.7,"main","_30x30_Plot_Repeat","Permanent","0","1","Não houve plantio"
"Xylopia aromatica","Present",">10cm","Y2.5","Brazil","GANB","PRN4 - 165ha","PRN4 - 165ha","Restoration","30x30",428,23,22,2,14.2,"main","_30x30_Plot_Repeat","Permanent","0","1","Não houve plantio"
"Xylopia aromatica","Present",">10cm","Y2.5","Brazil","GANB","PRN4 - 165ha","PRN4 - 165ha","Restoration","30x30",429,23,23,1,17.9,"main","_30x30_Plot_Repeat","Permanent","0","1","Não houve plantio"
"Casearia sylvestris","Present",">10cm","Y2.5","Brazil","GANB","PRN4 - 165ha","PRN4 - 165ha","Restoration","30x30",430,23,24,1,10.1,"main","_30x30_Plot_Repeat","Permanent","0","1","Não houve plantio"
"Annona silvestris","Present",">10cm","Y2.5","Brazil","GANB","PRN4 - 165ha","PRN4 - 165ha","Restoration","30x30",431,23,25,1,17.9,"main","_30x30_Plot_Repeat","Permanent","0","1","Não houve plantio"
"Attalea funifera","Present",">10cm","Y2.5","Brazil","GANB","PRN4 - 165ha","PRN4 - 165ha","Restoration","30x30",432,23,26,1,18.4,"main","_30x30_Plot_Repeat","Permanent","0","1","Não houve plantio"
"Ormosia sp","Present",">10cm","Y2.5","Brazil","GANB","PRN4 - 165ha","PRN4 - 165ha","Restoration","30x30",433,23,27,1,28.5,"main","_30x30_Plot_Repeat","Permanent","0","1","Não houve plantio"
"Testus Speciesus","Present",">10cm","Y0","Brazil","EMA","999","999-1","Restoration","30x30",434,24,NA,NA,NA,"main","_30x30_Plot_Repeat","Permanent","0","1","4 by 4 meters"
"Anotherus testus (seeing what happens when same tree number is used)","Present",">10cm","Y0","Brazil","EMA","999","999-1","Restoration","30x30",435,24,NA,NA,NA,"main","_30x30_Plot_Repeat","Permanent","0","1","4 by 4 meters"
"Pretendus arbolus","Present",">10cm","Y0","Brazil","EMA","999","999-1","Restoration","30x30",436,24,NA,NA,NA,"main","_30x30_Plot_Repeat","Permanent","0","1","4 by 4 meters"
"Pretendus arbolus","Present",">10cm","Y0","Brazil","EMA","999","999-1","Restoration","30x30",437,24,NA,NA,NA,"main","_30x30_Plot_Repeat","Permanent","0","1","4 by 4 meters"
"tree test","Present",">10cm","Y0","Brazil","EMA","777","777-1","Restoration","30x30",438,26,NA,NA,NA,"main","_30x30_Plot_Repeat","Permanent","1","2","6x3"
"tree 2 test","Present",">10cm","Y0","Brazil","EMA","777","777-1","Restoration","30x30",439,26,NA,NA,NA,"main","_30x30_Plot_Repeat","Permanent","1","2","6x3"
