"","submitted_name","matched_name2","user_supplied_name","data_source_title","score","genus_name","family_data_out"
"1","""Artocarpus blancoi  (Elmer) Merr. ""","Artocarpus blancoi",NA,NA,NA,"Artocarpus","Moraceae"
"2","Acacia polyacatha","Acacia polyacantha","Acacia Polyacatha","Tropicos - Missouri Botanical Garden","0.75","Acacia","Fabaceae"
"3","Acacia polyacatha","Acacia polyacantha","Acacia polyacatha","Tropicos - Missouri Botanical Garden","0.75","Acacia","Fabaceae"
"4","Acacia Polyacatha","Acacia polyacantha",NA,NA,NA,"Acacia","Fabaceae"
"5","Albizzia gummifera","Albizia gummifera","Albizzia gummifera","Tropicos - Missouri Botanical Garden","0.75","Albizia","Fabaceae"
"6","Alfzelia quenzensis","Afzelia quanzensis","Alfzelia quenzensis","Tropicos - Missouri Botanical Garden","0.75","Afzelia","Fabaceae"
"7","Alfzelia quenzesis","Afzelia quanzensis",NA,NA,NA,"Afzelia","Fabaceae"
"8","Andira  enermis","Andira inermis","Andira  enermis","Tropicos - Missouri Botanical Garden","0.75","Andira","Fabaceae"
"9","Annona macroprophyllata","Annona macroprophyllata","Annona macroprophyllata","Tropicos - Missouri Botanical Garden","0.988","Annona","Annonaceae"
"10","Anona macroprophyllata","Annona macroprophyllata","Anona macroprophyllata","Tropicos - Missouri Botanical Garden","0.75","Annona","Annonaceae"
"11","Astronium  graveolens","Astronium graveolens","Astronium  graveolens","The International Plant Names Index","0.988","Astronium","Anacardiaceae"
"12","Astronium graveolens","Astronium graveolens","Astronium graveolens","The International Plant Names Index","0.988","Astronium","Anacardiaceae"
"13","Avicenna marina ( >250cm)","Avicennia marina","Avicenna Marina ( >250cm)","Tropicos - Missouri Botanical Garden","0.75","Avicennia","Acanthaceae"
"14","Avicenna Marina ( >250cm)","Avicennia marina",NA,NA,NA,"Avicennia","Acanthaceae"
"15","Avicenna marina (<130cm)","Avicennia marina","Avicenna Marina (<130cm)","Tropicos - Missouri Botanical Garden","0.75","Avicennia","Acanthaceae"
"16","Avicenna Marina (<130cm)","Avicennia marina",NA,NA,NA,"Avicennia","Acanthaceae"
"17","Avicenna marina (>250cm)","Avicennia marina","Avicenna Marina (>250cm)","Tropicos - Missouri Botanical Garden","0.75","Avicennia","Acanthaceae"
"18","Avicenna Marina (>250cm)","Avicennia marina",NA,NA,NA,"Avicennia","Acanthaceae"
"19","Avicenna marina (130-250cm)","Avicennia marina","Avicenna Marina (130-250cm)","Tropicos - Missouri Botanical Garden","0.75","Avicennia","Acanthaceae"
"20","Avicenna Marina (130-250cm)","Avicennia marina",NA,NA,NA,"Avicennia","Acanthaceae"
"21","Avicenna marina (total)","Avicennia marina","Avicenna Marina (Total)","Tropicos - Missouri Botanical Garden","0.75","Avicennia","Acanthaceae"
"22","Avicenna Marina (Total)","Avicennia marina",NA,NA,NA,"Avicennia","Acanthaceae"
"23","Avicenna marina <130cm","Avicennia marina","Avicenna Marina <130cm","Tropicos - Missouri Botanical Garden","0.75","Avicennia","Acanthaceae"
"24","Avicenna Marina <130cm","Avicennia marina",NA,NA,NA,"Avicennia","Acanthaceae"
"25","Barringtonia asiatica","Barringtonia asiatica","Barringtonia asiatica","Tropicos - Missouri Botanical Garden","0.988","Barringtonia","Lecythidaceae"
"26","Bauhia","Bauhinia",NA,NA,NA,"Bauhinia","Fabaceae"
"27","bauhinia","Bauhinia",NA,NA,NA,"Bauhinia","Fabaceae"
"28","Bauhinia","Bauhinia","Bauhinia","The International Plant Names Index","0.75","Bauhinia","Fabaceae"
"29","Bauhinia","Bauhinia","bauhinia","The International Plant Names Index","0.75","Bauhinia","Fabaceae"
"30","Beilschmiedia","Beilschmiedia","Beilschmiedia","The International Plant Names Index","0.75","Beilschmiedia","Lauraceae"
"31","Brachylaena perrieri","Brachylaena perrieri","Brachylaena perrieri","Tropicos - Missouri Botanical Garden","0.988","Brachylaena","Asteraceae"
"32","Brosumum alicastrum","Brosimum alicastrum","Brosumum alicastrum","Tropicos - Missouri Botanical Garden","0.75","Brosimum","Moraceae"
"33","Calycophyllum candidissimun","Calycophyllum candidissimum","Calycophyllum candidissimun","Tropicos - Missouri Botanical Garden","0.75","Calycophyllum","Rubiaceae"
"34","Chiranthodendron  pentadactylon","Chiranthodendron pentadactylon","Chiranthodendron  pentadactylon","Tropicos - Missouri Botanical Garden","0.988","Chiranthodendron","Malvaceae"
"35","Chiranthodendron pentadactylon","Chiranthodendron pentadactylon","Chiranthodendron pentadactylon","Tropicos - Missouri Botanical Garden","0.988","Chiranthodendron","Malvaceae"
"36","Cirrus sinensis osbeck","Citrus sinensis","Cirrus sinensis osbeck","Tropicos - Missouri Botanical Garden","0.75","Citrus","Rutaceae"
"37","Cnestis polyphylla","Cnestis polyphylla","Cnestis polyphylla","Tropicos - Missouri Botanical Garden","0.988","Cnestis","Connaraceae"
"38","Coccoloba acapulcensis","Coccoloba acapulcensis","Coccoloba acapulcensis","Tropicos - Missouri Botanical Garden","0.988","Coccoloba","Polygonaceae"
"39","Coffea araabica","Coffea arabica","Coffea araabica","Tropicos - Missouri Botanical Garden","0.75","Coffea","Rubiaceae"
"40","Coffee arabica","Coffea arabica","Coffee arabica","Tropicos - Missouri Botanical Garden","0.75","Coffea","Rubiaceae"
"41","Cratoxylum sumatranum","Cratoxylum sumatranum","Cratoxylum sumatranum","Tropicos - Missouri Botanical Garden","0.988","Cratoxylum","Hypericaceae"
"42","Crhysopyllum cainito","Chrysophyllum cainito","Crhysopyllum cainito","Tropicos - Missouri Botanical Garden","0.75","Chrysophyllum","Sapotaceae"
"43","Crisophyllum cainito","Chrysophyllum cainito","Crisophyllum cainito","Tropicos - Missouri Botanical Garden","0.75","Chrysophyllum","Sapotaceae"
"44","Crisophyllum cainitu","Chrysophyllum cainito","Crisophyllum cainitu","Tropicos - Missouri Botanical Garden","0.75","Chrysophyllum","Sapotaceae"
"45","Diosphyros digyna","Diospyros digyna","Diosphyros digyna","Tropicos - Missouri Botanical Garden","0.75","Diospyros","Ebenaceae"
"46","Diospyros digyna","Diospyros digyna","Diospyros digyna","Tropicos - Missouri Botanical Garden","0.988","Diospyros","Ebenaceae"
"47","Diphysa  americana","Diphysa americana","Diphysa  americana","Tropicos - Missouri Botanical Garden","0.988","Diphysa","Fabaceae"
"48","Diphysa americano","Diphysa americana","Diphysa americano","Tropicos - Missouri Botanical Garden","0.75","Diphysa","Fabaceae"
"49","Dyphysa americana","Diphysa americana","Dyphysa americana","Tropicos - Missouri Botanical Garden","0.75","Diphysa","Fabaceae"
"50","Dysoxylum gaudichaudianum","Dysoxylum gaudichaudianum","Dysoxylum gaudichaudianum","Tropicos - Missouri Botanical Garden","0.988","Dysoxylum","Meliaceae"
"51","Eribotrya japonica","Eriobotrya japonica","Eribotrya japonica","Tropicos - Missouri Botanical Garden","0.75","Eriobotrya","Rosaceae"
"52","Eriobotrya japonica","Eriobotrya japonica","Eriobotrya japonica","Tropicos - Missouri Botanical Garden","0.988","Eriobotrya","Rosaceae"
"53","Eucalyptusl","Eucalyptus","Eucalyptusl","Tropicos - Missouri Botanical Garden","0.5","Eucalyptus","Myrtaceae"
"54","Faidherb albida","Faidherbia albida",NA,NA,NA,"Faidherbia","Fabaceae"
"55","Faidherbia albida","Faidherbia albida","Faidherbia albida","Tropicos - Missouri Botanical Garden","0.988","Faidherbia","Fabaceae"
"56","Ficus aurea","Ficus aurea","Ficus aurea","The International Plant Names Index","0.988","Ficus","Moraceae"
"57","Fidherbia albida","Faidherbia albida","Fidherbia albida","Tropicos - Missouri Botanical Garden","0.75","Faidherbia","Fabaceae"
"58","Fig","Ficus",NA,NA,NA,"Ficus","Moraceae"
"59","Gomphandra luzoniensis","Gomphandra luzoniensis","Gomphandra luzoniensis","Tropicos - Missouri Botanical Garden","0.988","Gomphandra","Stemonuraceae"
"60","Goyavia","Psidium",NA,NA,NA,"Psidium","Myrtaceae"
"61","Guachipilin
Diphysa americana","Diphysa americana",NA,NA,NA,"Diphysa","Fabaceae"
"62","Guasuma ulmifolia","Guazuma ulmifolia","Guasuma ulmifolia","Tropicos - Missouri Botanical Garden","0.75","Guazuma","Malvaceae"
"63","Heamatoxylum  campechianum","Haematoxylum campechianum","Heamatoxylum  campechianum","Tropicos - Missouri Botanical Garden","0.75","Haematoxylum","Fabaceae"
"64","Hematoxilum campechianum","Haematoxylum campechianum","Hematoxilum campechianum","Tropicos - Missouri Botanical Garden","0.75","Haematoxylum","Fabaceae"
"65","Hematoxylum campechianum","Haematoxylum campechianum","Hematoxylum campechianum","Tropicos - Missouri Botanical Garden","0.75","Haematoxylum","Fabaceae"
"66","Homalanthus populneus","Homalanthus populneus","Homalanthus populneus","Tropicos - Missouri Botanical Garden","0.988","Homalanthus","Euphorbiaceae"
"67","Inga jinicuil","Inga jinicuil","Inga jinicuil","Tropicos - Missouri Botanical Garden","0.988","Inga","Fabaceae"
"68","Khaya athotheca","Khaya anthotheca","khaya athotheca","Tropicos - Missouri Botanical Garden","0.75","Khaya","Meliaceae"
"69","Lagerstroemia speciosa","Lagerstroemia speciosa","Lagerstroemia speciosa","Tropicos - Missouri Botanical Garden","0.988","Lagerstroemia","Lythraceae"
"70","Litsea glausescens","Litsea glaucescens","Litsea glausescens","Tropicos - Missouri Botanical Garden","0.75","Litsea","Lauraceae"
"71","Lonchocarpus rogosus","Lonchocarpus rugosus","Lonchocarpus rogosus","Tropicos - Missouri Botanical Garden","0.75","Lonchocarpus","Fabaceae"
"72","Lonchocarpus rugusus","Lonchocarpus rugosus","Lonchocarpus rugusus","Tropicos - Missouri Botanical Garden","0.75","Lonchocarpus","Fabaceae"
"73","Macaranga grandifolia","Macaranga grandifolia","Macaranga grandifolia","Tropicos - Missouri Botanical Garden","0.988","Macaranga","Euphorbiaceae"
"74","Malpigia glabra","Malpighia glabra","Malpigia glabra","Tropicos - Missouri Botanical Garden","0.75","Malpighia","Malpighiaceae"
"75","Manguera indica","Mangifera indica",NA,NA,NA,"Mangifera","Anacardiaceae"
"76","Manilkara zapota","Manilkara zapota","Manilkara zapota","Tropicos - Missouri Botanical Garden","0.988","Manilkara","Sapotaceae"
"77","Muntingia calabura","Muntingia calabura","Muntingia calabura","The International Plant Names Index","0.988","Muntingia","Muntingiaceae"
"78","Naranja","Citrus",NA,NA,NA,"Citrus","Rutaceae"
"79","Nephelium lappaceum","Nephelium lappaceum","Nephelium lappaceum","Tropicos - Missouri Botanical Garden","0.988","Nephelium","Sapindaceae"
"80","Nispero","Nispero","Nispero","Tropicos - Missouri Botanical Garden","0.75","Nispero","Symplocaceae"
"81","Ochorma pyramidale","Ochroma pyramidale","Ochorma pyramidale","Tropicos - Missouri Botanical Garden","0.75","Ochroma","Malvaceae"
"82","Ochroma piramidale","Ochroma pyramidale","Ochroma piramidale","Tropicos - Missouri Botanical Garden","0.75","Ochroma","Malvaceae"
"83","Ochroma pyramidale","Ochroma pyramidale","Ochroma pyramidale","The International Plant Names Index","0.988","Ochroma","Malvaceae"
"84","Parkia timoriana","Parkia timoriana","Parkia timoriana","Tropicos - Missouri Botanical Garden","0.988","Parkia","Fabaceae"
"85","Percea americana","Persea americana","Percea americana","Tropicos - Missouri Botanical Garden","0.75","Persea","Lauraceae"
"86","Persea  caerulea","Persea caerulea","Persea  caerulea","Tropicos - Missouri Botanical Garden","0.988","Persea","Lauraceae"
"87","Persea cacrulea","Persea caerulea","Persea cacrulea","Tropicos - Missouri Botanical Garden","0.75","Persea","Lauraceae"
"88","Pinus ocarpa","Pinus oocarpa","Pinus ocarpa","Tropicos - Missouri Botanical Garden","0.75","Pinus","Pinaceae"
"89","Platanus mexicana moric","Platanus mexicana","Platanus Mexicana Moric","Tropicos - Missouri Botanical Garden","0.988","Platanus","Platanaceae"
"90","Platanus Mexicana Moric","Platanus mexicana",NA,NA,NA,"Platanus","Platanaceae"
"91","Platus mexicana moric","Platanus mexicana",NA,NA,NA,"Platanus","Platanaceae"
"92","Platymiscium dimorphandrum","Platymiscium dimorphandrum","Platymiscium dimorphandrum","Tropicos - Missouri Botanical Garden","0.988","Platymiscium","Fabaceae"
"93","Platymisciun dimorphandrum","Platymiscium dimorphandrum","Platymisciun dimorphandrum","Tropicos - Missouri Botanical Garden","0.75","Platymiscium","Fabaceae"
"94","Platymissium  dimorphandrum","Platymiscium dimorphandrum","Platymissium  dimorphandrum","Tropicos - Missouri Botanical Garden","0.75","Platymiscium","Fabaceae"
"95","Polyscias nodosa","Polyscias nodosa","Polyscias nodosa","Tropicos - Missouri Botanical Garden","0.988","Polyscias","Araliaceae"
"96","Pterocymbium tinctorium","Pterocymbium tinctorium","Pterocymbium tinctorium","Tropicos - Missouri Botanical Garden","0.988","Pterocymbium","Malvaceae"
"97","Quercus candicans","Quercus candicans","Quercus candicans","The International Plant Names Index","0.988","Quercus","Fagaceae"
"98","Quercus skinneri","Quercus skinneri","Quercus skinneri","Tropicos - Missouri Botanical Garden","0.988","Quercus","Fagaceae"
"99","Quercus skinneri benth","Quercus skinneri","Quercus skinneri benth","Tropicos - Missouri Botanical Garden","0.988","Quercus","Fagaceae"
"100","Quercus skinneri benth","Quercus skinneri","Quercus skinneri Benth","Tropicos - Missouri Botanical Garden","0.988","Quercus","Fagaceae"
"101","Quercus skinneri Benth","Quercus skinneri",NA,NA,NA,"Quercus","Fagaceae"
"102","Sideroxy capiri","Sideroxylon capiri",NA,NA,NA,"Sideroxylon","Sapotaceae"
"103","Strax argenteus","Styrax argenteus","Strax argenteus","Tropicos - Missouri Botanical Garden","0.75","Styrax","Styracaceae"
"104","Tabebuia  donnell-smithii","Tabebuia donnell-smithii","Tabebuia  donnell-smithii","Tropicos - Missouri Botanical Garden","0.988","Tabebuia","Bignoniaceae"
"105","Tabebuia rosea","Tabebuia rosea","Tabebuia rosea","Tropicos - Missouri Botanical Garden","0.988","Tabebuia","Bignoniaceae"
"106","Ternstroemia lineata","Ternstroemia lineata","Ternstroemia lineata","The International Plant Names Index","0.988","Ternstroemia","Pentaphylacaceae"
"107","Tersntroemia lineata","Ternstroemia lineata","Tersntroemia lineata","Tropicos - Missouri Botanical Garden","0.75","Ternstroemia","Pentaphylacaceae"
"108","Transtoemia luquillensis","Ternstroemia luquillensis",NA,NA,NA,"Ternstroemia","Pentaphylacaceae"
"109","Trichilia  trifolia","Trichilia trifolia","Trichilia  trifolia","Tropicos - Missouri Botanical Garden","0.988","Trichilia","Meliaceae"
"110","Uapaka kirkiana","Uapaca kirkiana","Uapaka kirkiana","Tropicos - Missouri Botanical Garden","0.75","Uapaca","Phyllanthaceae"
"111","Ulmus","Ulmus","Ulmus","The International Plant Names Index","0.75","Ulmus","Ulmaceae"
"112","Vernonia glutinosa","Vernonia glutinosa","Vernonia glutinosa","Tropicos - Missouri Botanical Garden","0.988","Vernonia","Asteraceae"
"113","Vitex doniana","Vitex doniana","Vitex Doniana","Tropicos - Missouri Botanical Garden","0.988","Vitex","Lamiaceae"
"114","Vitex Doniana","Vitex doniana",NA,NA,NA,"Vitex","Lamiaceae"
"115","Beilchmiedia riparia","Beilschmiedia riparia","Beilchmiedia riparia","Tropicos - Missouri Botanical Garden","0.75","Beilschmiedia","Lauraceae"
"116","Beilschmieda riparia","Beilschmiedia riparia","Beilschmieda riparia","Tropicos - Missouri Botanical Garden","0.75","Beilschmiedia","Lauraceae"
"117","Beilschmiedia riparia","Beilschmiedia riparia","Beilschmiedia riparia","Tropicos - Missouri Botanical Garden","0.988","Beilschmiedia","Lauraceae"
"118","Beilschmiedia ruparia","Beilschmiedia riparia","Beilschmiedia ruparia","Tropicos - Missouri Botanical Garden","0.75","Beilschmiedia","Lauraceae"
"119","Belschmiedia riparia","Beilschmiedia riparia","Belschmiedia riparia","Tropicos - Missouri Botanical Garden","0.75","Beilschmiedia","Lauraceae"
"120","Cafe","Cafe","Cafe","Tropicos - Missouri Botanical Garden","0.75","Cafe","Rubiaceae"
"121","Canarium luzonicum","Canarium luzonicum","Canarium luzonicum","Tropicos - Missouri Botanical Garden","0.988","Canarium","Burseraceae"
"122","Carallia borneensis","Carallia borneensis","Carallia borneensis","Tropicos - Missouri Botanical Garden","0.988","Carallia","Rhizophoraceae"
"123","Dalbergia  calderonii","Dalbergia calderonii","Dalbergia  calderonii","Tropicos - Missouri Botanical Garden","0.988","Dalbergia","Fabaceae"
"124","Dalbergia calderoni","Dalbergia calderonii","Dalbergia calderoni","Tropicos - Missouri Botanical Garden","0.75","Dalbergia","Fabaceae"
"125","Grevilia","Grevellia",NA,NA,NA,"Grevellia","Proteaceae"
"126","Guayaba","Guayaba","Guayaba","Tropicos - Missouri Botanical Garden","0.75","Guayaba","Myrtaceae"
"127","Inga  spuria","Inga spuria","Inga  spuria","The International Plant Names Index","0.988","Inga","Fabaceae"
"128","khaya athotheca","Khaya athotheca""",NA,NA,NA,"Khaya","Meliaceae"
"129","Nuxia capitata","Nuxia capitata","Nuxia capitata","Tropicos - Missouri Botanical Garden","0.988","Nuxia","Stilbaceae"
"130","Omalanthus fastuosus","Omalanthus fastuosus","Omalanthus fastuosus","Tropicos - Missouri Botanical Garden","0.988","Omalanthus","Euphorbiaceae"
"131","Palaquium tenuipetiolatum","Palaquium tenuipetiolatum","Palaquium tenuipetiolatum","Tropicos - Missouri Botanical Garden","0.988","Palaquium","Sapotaceae"
"132","Platano","Platanos","Platano","The International Plant Names Index","0.5","Platanos","Musaceae"
"133","Semecarpus cuneiformis blanco","Semecarpus cuneiformis","Semecarpus cuneiformis Blanco","Tropicos - Missouri Botanical Garden","0.999","Semecarpus","Anacardiaceae"
"134","Semecarpus cuneiformis Blanco","Semecarpus cuneiformis",NA,NA,NA,"Semecarpus","Anacardiaceae"
"135","Thilachium angustifolium","Thilachium angustifolium","thilachium angustifolium","Tropicos - Missouri Botanical Garden","0.988","Thilachium","Capparaceae"
"136","Thilachium angustifolium","Thilachium angustifolium","Thilachium angustifolium","Tropicos - Missouri Botanical Garden","0.988","Thilachium","Capparaceae"
"137","thilachium angustifolium","Thilachium angustifolium""",NA,NA,NA,"Thilachium","Capparaceae"
"138","Uappaka kirkiana","Uappaka kirkiana",NA,NA,NA,"Uappaka","Phyllanthaceae"
"139","Brachystigia","Brachystegia","Brachystigia","Tropicos - Missouri Botanical Garden","0.5","Brachystegia","Fabaceae"
"140",".","NA",NA,NA,NA,NA,NA
"141","0","NA",NA,NA,NA,NA,NA
"142","1","NA",NA,NA,NA,NA,NA
"143","Chalun","NA",NA,NA,NA,NA,NA
"144","Chicharo","NA",NA,NA,NA,NA,NA
"145","Chiombo","NA",NA,NA,NA,NA,NA
"146","Chisoyo","NA",NA,NA,NA,NA,NA
"147","chitimbe","NA",NA,NA,NA,NA,NA
"148","Chitimbe","NA",NA,NA,NA,NA,NA
"149","Chiwombo","NA",NA,NA,NA,NA,NA
"150","guachipilin","NA",NA,NA,NA,NA,NA
"151","Katope","NA",NA,NA,NA,NA,NA
"152","Kaumbwe","NA",NA,NA,NA,NA,NA
"153","m'bawa","NA",NA,NA,NA,NA,NA
"154","M'bawa","NA",NA,NA,NA,NA,NA
"155","Masuku","NA",NA,NA,NA,NA,NA
"156","Matowo","NA",NA,NA,NA,NA,NA
"157","Maula","NA",NA,NA,NA,NA,NA
"158","Maviro","NA",NA,NA,NA,NA,NA
"159","Maviru","NA",NA,NA,NA,NA,NA
"160","Mbawa","NA",NA,NA,NA,NA,NA
"161","Mkalakati","NA",NA,NA,NA,NA,NA
"162","mkukhu","NA",NA,NA,NA,NA,NA
"163","mlama","NA",NA,NA,NA,NA,NA
"164","Mlama","NA",NA,NA,NA,NA,NA
"165","mlonde","NA",NA,NA,NA,NA,NA
"166","Mlonde","NA",NA,NA,NA,NA,NA
"167","Mloro","NA",NA,NA,NA,NA,NA
"168","mphakasa","NA",NA,NA,NA,NA,NA
"169","Mphakasa","NA",NA,NA,NA,NA,NA
"170","Mphangala","NA",NA,NA,NA,NA,NA
"171","msambafumu","NA",NA,NA,NA,NA,NA
"172","Msambafumu","NA",NA,NA,NA,NA,NA
"173","Msangu","NA",NA,NA,NA,NA,NA
"174","Msolo","NA",NA,NA,NA,NA,NA
"175","Msuku","NA",NA,NA,NA,NA,NA
"176","Mtanthanyelere","NA",NA,NA,NA,NA,NA
"177","Mthethe","NA",NA,NA,NA,NA,NA
"178","mtondo","NA",NA,NA,NA,NA,NA
"179","Mtondo","NA",NA,NA,NA,NA,NA
"180","Muula","NA",NA,NA,NA,NA,NA
"181","Muwula","NA",NA,NA,NA,NA,NA
"182","Mwavi","NA",NA,NA,NA,NA,NA
"183","Néant","NA",NA,NA,NA,NA,NA
"184","Nkhadzi","NA",NA,NA,NA,NA,NA
"185","No","NA",NA,NA,NA,NA,NA
"186","O","NA",NA,NA,NA,NA,NA
"187","Pitio","NA",NA,NA,NA,NA,NA
"188","Trompillo","NA",NA,NA,NA,NA,NA
"189","Acacia auriculiformis","Acacia auriculiformis","Acacia auriculiformis","The International Plant Names Index","0.988","Acacia","Fabaceae"
"190","Acacia auriculiformis","Acacia auriculiformis","Acacia auriculiformis","The International Plant Names Index","0.988","Acacia","Fabaceae"
"191","Acacia auriculiformis","Acacia auriculiformis","Acacia auriculiformis","The International Plant Names Index","0.988","Acacia","Fabaceae"
"192","Acacia auriculiformis","Acacia auriculiformis","Acacia auriculiformis","The International Plant Names Index","0.988","Acacia","Fabaceae"
"193","Acacia caven","Acacia caven","Acacia caven","Tropicos - Missouri Botanical Garden","0.988","Acacia","Fabaceae"
"194","Acacia caven","Acacia caven","Acacia caven","Tropicos - Missouri Botanical Garden","0.988","Acacia","Fabaceae"
"195","Acacia caven","Acacia caven","Acacia caven","Tropicos - Missouri Botanical Garden","0.988","Acacia","Fabaceae"
"196","Acacia caven","Acacia caven","Acacia caven","Tropicos - Missouri Botanical Garden","0.988","Acacia","Fabaceae"
"197","Acacia collinsii","Acacia collinsii","Acacia collinsii","Tropicos - Missouri Botanical Garden","0.988","Acacia","Fabaceae"
"198","Acacia mangium","Acacia mangium","Acacia mangium","The International Plant Names Index","0.988","Acacia","Fabaceae"
"199","Acer campestre","Acer campestre","Acer campestre","Tropicos - Missouri Botanical Garden","0.988","Acer","Sapindaceae"
"200","Acer campestris","Acer campestre","Acer campestris","Tropicos - Missouri Botanical Garden","0.75","Acer","Sapindaceae"
"201","Acer pseudoplatanus","Acer pseudoplatanus","Acer pseudoplatanus","Tropicos - Missouri Botanical Garden","0.988","Acer","Sapindaceae"
"202","Aglaia luzoniensis","Aglaia luzoniensis","Aglaia luzoniensis","Tropicos - Missouri Botanical Garden","0.988","Aglaia","Meliaceae"
"203","Aglaia rimosa","Aglaia rimosa","Aglaia rimosa","Tropicos - Missouri Botanical Garden","0.988","Aglaia","Meliaceae"
"204","Alangium javanicum","Alangium javanicum","Alangium javanicum","Tropicos - Missouri Botanical Garden","0.988","Alangium","Cornaceae"
"205","Albizia gummifera","Albizia gummifera","Albizia gummifera","Tropicos - Missouri Botanical Garden","0.988","Albizia","Fabaceae"
"206","Alstonia scholaris (l.)","Alstonia scholaris","Alstonia scholaris (L.)","Tropicos - Missouri Botanical Garden","0.988","Alstonia","Apocynaceae"
"207","Alstonia scholaris (L.)","Alstonia scholaris",NA,NA,NA,"Alstonia","Apocynaceae"
"208","Anonacea","Annonaceae",NA,NA,NA,"Annonaceae","Annonaceae"
"209","Artocapus heteropyllus","Artocarpus heterophyllus","Artocapus heteropyllus","Tropicos - Missouri Botanical Garden","0.75","Artocarpus","Moraceae"
"210","Artocarpus anisophyllus miq","Artocarpus anisophyllus","Artocarpus anisophyllus Miq","Tropicos - Missouri Botanical Garden","0.988","Artocarpus","Moraceae"
"211","Artocarpus anisophyllus Miq","Artocarpus anisophyllus",NA,NA,NA,"Artocarpus","Moraceae"
"212","Artocarpus anisophyllus miq.","Artocarpus anisophyllus","Artocarpus anisophyllus Miq.","Tropicos - Missouri Botanical Garden","0.999","Artocarpus","Moraceae"
"213","Artocarpus anisophyllus Miq.","Artocarpus anisophyllus",NA,NA,NA,"Artocarpus","Moraceae"
"214","Artocarpus blancoi","Artocarpus blancoi","Artocarpus blancoi","Tropicos - Missouri Botanical Garden","0.988","Artocarpus","Moraceae"
"215","Artocarpus blancoi  (elmer) merr.","Artocarpus blancoi","Artocarpus blancoi  (Elmer) Merr.","Tropicos - Missouri Botanical Garden","0.988","Artocarpus","Moraceae"
"216","Artocarpus blancoi  (Elmer) Merr.","Artocarpus blancoi",NA,NA,NA,"Artocarpus","Moraceae"
"217","Artocarpus heterophyllous","Artocarpus heterophyllus","Artocarpus heterophyllous","Tropicos - Missouri Botanical Garden","0.75","Artocarpus","Moraceae"
"218","Artocarpus ovatus","Artocarpus ovatus","Artocarpus ovatus","Tropicos - Missouri Botanical Garden","0.988","Artocarpus","Moraceae"
"219","Atriplex canescens","Atriplex canescens","Atriplex canescens","Tropicos - Missouri Botanical Garden","0.988","Atriplex","Amaranthaceae"
"220","Atuna racemosa","Atuna racemosa","Atuna racemosa","The International Plant Names Index","0.988","Atuna","Chrysobalanaceae"
"221","Avicenna marina","Avicennia marina","Avicenna Marina","Tropicos - Missouri Botanical Garden","0.75","Avicennia","Acanthaceae"
"222","Avicenna Marina","Avicennia marina",NA,NA,NA,"Avicennia","Acanthaceae"
"223","Avicenna marina (<1 dbh)","Avicennia marina","Avicenna Marina (<1 DBH)","Tropicos - Missouri Botanical Garden","0.75","Avicennia","Acanthaceae"
"224","Avicenna Marina (<1 DBH)","Avicennia marina",NA,NA,NA,"Avicennia","Acanthaceae"
"225","Avicenna marina (>9.9cm dbh)","Avicennia marina","Avicenna Marina (>9.9cm DBH)","Tropicos - Missouri Botanical Garden","0.75","Avicennia","Acanthaceae"
"226","Avicenna Marina (>9.9cm DBH)","Avicennia marina",NA,NA,NA,"Avicennia","Acanthaceae"
"227","Avicenna marina (1-9.9cm dbh)","Avicennia marina","Avicenna Marina (1-9.9cm DBH)","Tropicos - Missouri Botanical Garden","0.75","Avicennia","Acanthaceae"
"228","Avicenna Marina (1-9.9cm DBH)","Avicennia marina",NA,NA,NA,"Avicennia","Acanthaceae"
"229","Avicennia marina","Avicennia marina","Avicennia marina","The International Plant Names Index","0.988","Avicennia","Acanthaceae"
"230","Avicennia marina (<130cm)","Avicennia marina","Avicennia marina (<130cm)","Tropicos - Missouri Botanical Garden","0.988","Avicennia","Acanthaceae"
"231","Avicennia marina (130-250cm)","Avicennia marina","Avicennia marina (130-250cm)","Tropicos - Missouri Botanical Garden","0.988","Avicennia","Acanthaceae"
"232","Azadirachta excelsa","Azadirachta excelsa","Azadirachta excelsa","Tropicos - Missouri Botanical Garden","0.988","Azadirachta","Meliaceae"
"233","Azadirachta indica","Azadirachta indica","Azadirachta indica","Tropicos - Missouri Botanical Garden","0.988","Azadirachta","Meliaceae"
"234","Azadirachta indica","Azadirachta indica","Azadirachta indica","Tropicos - Missouri Botanical Garden","0.988","Azadirachta","Meliaceae"
"235","Azadirachta indica","Azadirachta indica","Azadirachta indica","Tropicos - Missouri Botanical Garden","0.988","Azadirachta","Meliaceae"
"236","Azadirachta indica","Azadirachta indica","Azadirachta indica","Tropicos - Missouri Botanical Garden","0.988","Azadirachta","Meliaceae"
"237","Bauhinia variegata l.","Bauhinia variegata","Bauhinia variegata L.","Tropicos - Missouri Botanical Garden","0.999","Bauhinia","Fabaceae"
"238","Bauhinia variegata L.","Bauhinia variegata",NA,NA,NA,"Bauhinia","Fabaceae"
"239","Betula pendula","Betula pendula","Betula pendula","The International Plant Names Index","0.988","Betula","Betulaceae"
"240","Betula sp","Betula","Betula sp","Tropicos - Missouri Botanical Garden","0.75","Betula","Betulaceae"
"241","Brosimum alicastrum","Brosimum alicastrum","Brosimum alicastrum","Tropicos - Missouri Botanical Garden","0.988","Brosimum","Moraceae"
"242","Brysonima  crassifolia","Byrsonima crassifolia","Brysonima  crassifolia","Tropicos - Missouri Botanical Garden","0.75","Byrsonima","Malpighiaceae"
"243","Brysonima crassifolia","Byrsonima crassifolia","Brysonima crassifolia","Tropicos - Missouri Botanical Garden","0.75","Byrsonima","Malpighiaceae"
"244","Buchanania arborescens","Buchanania arborescens","Buchanania arborescens","Tropicos - Missouri Botanical Garden","0.988","Buchanania","Anacardiaceae"
"245","Buchanania arborescens (blume)","Buchanania arborescens","Buchanania arborescens (Blume)","Tropicos - Missouri Botanical Garden","0.988","Buchanania","Anacardiaceae"
"246","Buchanania arborescens (Blume)","Buchanania arborescens",NA,NA,NA,"Buchanania","Anacardiaceae"
"247","Bursera copallifera","Bursera copallifera","Bursera copallifera","Tropicos - Missouri Botanical Garden","0.988","Bursera","Burseraceae"
"248","Bursera simaruba","Bursera simaruba","Bursera simaruba","The International Plant Names Index","0.988","Bursera","Burseraceae"
"249","Bursera simaruba","Bursera simaruba","Bursera simaruba","The International Plant Names Index","0.988","Bursera","Burseraceae"
"250","Bursera simaruba","Bursera simaruba","Bursera simaruba","The International Plant Names Index","0.988","Bursera","Burseraceae"
"251","Bursera simaruba","Bursera simaruba","Bursera simaruba","The International Plant Names Index","0.988","Bursera","Burseraceae"
"252","Butea monosperma","Butea monosperma","Butea monosperma","Tropicos - Missouri Botanical Garden","0.988","Butea","Fabaceae"
"253","Butea monosperma","Butea monosperma","Butea monosperma","Tropicos - Missouri Botanical Garden","0.988","Butea","Fabaceae"
"254","Butea monosperma","Butea monosperma","Butea monosperma","Tropicos - Missouri Botanical Garden","0.988","Butea","Fabaceae"
"255","Butea monosperma","Butea monosperma","Butea monosperma","Tropicos - Missouri Botanical Garden","0.988","Butea","Fabaceae"
"256","Caffea arabica","Coffea arabica","Caffea arabica","Tropicos - Missouri Botanical Garden","0.75","Coffea","Rubiaceae"
"257","Caffea arabica","Coffea arabica","Caffea arabica","Tropicos - Missouri Botanical Garden","0.75","Coffea","Rubiaceae"
"258","Caffea arabica","Coffea arabica","Caffea arabica","Tropicos - Missouri Botanical Garden","0.75","Coffea","Rubiaceae"
"259","Caffea arabica","Coffea arabica","Caffea arabica","Tropicos - Missouri Botanical Garden","0.75","Coffea","Rubiaceae"
"260","Calophyllum blancoi pl. & tr.","Calophyllum blancoi","Calophyllum blancoi Pl. & Tr.","Tropicos - Missouri Botanical Garden","0.988","Calophyllum","Calophyllaceae"
"261","Calophyllum blancoi Pl. & Tr.","Calophyllum blancoi",NA,NA,NA,"Calophyllum","Calophyllaceae"
"262","Carpinus","Carpinus","Carpinus","The International Plant Names Index","0.75","Carpinus","Betulaceae"
"263","Carpinus betulus","Carpinus betulus","Carpinus betulus","The International Plant Names Index","0.988","Carpinus","Betulaceae"
"264","Cecropia peltata","Cecropia peltata","Cecropia peltata","Tropicos - Missouri Botanical Garden","0.988","Cecropia","Urticaceae"
"265","Cedrela odorata","Cedrela odorata","Cedrela odorata","Tropicos - Missouri Botanical Garden","0.988","Cedrela","Meliaceae"
"266","Cedrela odorata l.","Cedrela odorata","Cedrela odorata L.","Tropicos - Missouri Botanical Garden","0.999","Cedrela","Meliaceae"
"267","Cedrela odorata L.","Cedrela odorata",NA,NA,NA,"Cedrela","Meliaceae"
"268","Cedrela odorate","Cedrela odorata","Cedrela odorate","Tropicos - Missouri Botanical Garden","0.75","Cedrela","Meliaceae"
"269","Ceiba pentandra","Ceiba pentandra","Ceiba pentandra","The International Plant Names Index","0.988","Ceiba","Malvaceae"
"270","Ceiba pentandra","Ceiba pentandra","Ceiba pentandra","The International Plant Names Index","0.988","Ceiba","Malvaceae"
"271","Ceiba pentandra","Ceiba pentandra","Ceiba pentandra","The International Plant Names Index","0.988","Ceiba","Malvaceae"
"272","Ceiba pentandra","Ceiba pentandra","Ceiba pentandra","The International Plant Names Index","0.988","Ceiba","Malvaceae"
"273","Chrysophyllum cainito","Chrysophyllum cainito","Chrysophyllum cainito","The International Plant Names Index","0.988","Chrysophyllum","Sapotaceae"
"274","Chysophyllum cainito","Chrysophyllum cainito","Chysophyllum cainito","Tropicos - Missouri Botanical Garden","0.75","Chrysophyllum","Sapotaceae"
"275","Citrus x aurantiifolia","Citrus aurantiifolia","Citrus x aurantiifolia","Tropicos - Missouri Botanical Garden","0.988","Citrus","Rutaceae"
"276","Cochlospermum vitafolium","Cochlospermum vitifolium","Cochlospermum vitafolium","Tropicos - Missouri Botanical Garden","0.75","Cochlospermum","Cochlospermaceae"
"277","Cochlospermum vitifolium","Cochlospermum vitifolium","Cochlospermum vitifolium","Tropicos - Missouri Botanical Garden","0.988","Cochlospermum","Cochlospermaceae"
"278","Coffea arabica","Coffea arabica","Coffea arabica","The International Plant Names Index","0.988","Coffea","Rubiaceae"
"279","Coffea arabica","Coffea arabica","Coffea arabica","The International Plant Names Index","0.988","Coffea","Rubiaceae"
"280","Coffea arabica","Coffea arabica","Coffea arabica","The International Plant Names Index","0.988","Coffea","Rubiaceae"
"281","Coffea arabica","Coffea arabica","Coffea arabica","The International Plant Names Index","0.988","Coffea","Rubiaceae"
"282","Cojoba  arborea","Cojoba arborea","Cojoba  arborea","Tropicos - Missouri Botanical Garden","0.988","Cojoba","Fabaceae"
"283","Cojoba arborea","Cojoba arborea","Cojoba arborea","Tropicos - Missouri Botanical Garden","0.988","Cojoba","Fabaceae"
"284","Conostegia xalapensis","Conostegia xalapensis","Conostegia xalapensis","The International Plant Names Index","0.988","Conostegia","Melastomataceae"
"285","Conostegia xalapensis","Conostegia xalapensis","Conostegia xalapensis","The International Plant Names Index","0.988","Conostegia","Melastomataceae"
"286","Conostegia xalapensis","Conostegia xalapensis","Conostegia xalapensis","The International Plant Names Index","0.988","Conostegia","Melastomataceae"
"287","Conostegia xalapensis","Conostegia xalapensis","Conostegia xalapensis","The International Plant Names Index","0.988","Conostegia","Melastomataceae"
"288","Conostegia xalaprnsis","Conostegia xalapensis","Conostegia xalaprnsis","Tropicos - Missouri Botanical Garden","0.75","Conostegia","Melastomataceae"
"289","Crescentia alata","Crescentia alata","Crescentia alata","Tropicos - Missouri Botanical Garden","0.988","Crescentia","Bignoniaceae"
"290","Crescentia cujete","Crescentia cujete","Crescentia cujete","Tropicos - Missouri Botanical Garden","0.988","Crescentia","Bignoniaceae"
"291","D melonoxylon","Dalbergia melanoxylon",NA,NA,NA,"Dalbergia","Fabaceae"
"292","Diospyros blancoi","Diospyros blancoi","Diospyros blancoi","Tropicos - Missouri Botanical Garden","0.988","Diospyros","Ebenaceae"
"293","Diospyros pyrrhocarpa","Diospyros pyrrhocarpa","Diospyros pyrrhocarpa","Tropicos - Missouri Botanical Garden","0.988","Diospyros","Ebenaceae"
"294","Diphysa americana","Diphysa americana","Diphysa americana","Tropicos - Missouri Botanical Garden","0.988","Diphysa","Fabaceae"
"295","Diphysa americana","Diphysa americana","Diphysa americana","Tropicos - Missouri Botanical Garden","0.988","Diphysa","Fabaceae"
"296","Diphysa americana","Diphysa americana","Diphysa americana","Tropicos - Missouri Botanical Garden","0.988","Diphysa","Fabaceae"
"297","Diphysa americana","Diphysa americana","Diphysa americana","Tropicos - Missouri Botanical Garden","0.988","Diphysa","Fabaceae"
"298","Dipterocarpus grandiflorus","Dipterocarpus grandiflorus","Dipterocarpus grandiflorus","Tropicos - Missouri Botanical Garden","0.988","Dipterocarpus","Dipterocarpaceae"
"299","Dracaena fragrans","Dracaena fragrans","Dracaena fragrans","The International Plant Names Index","0.988","Dracaena","Asparagaceae"
"300","Dysoxylum cumingianum","Dysoxylum cumingianum","Dysoxylum cumingianum","Tropicos - Missouri Botanical Garden","0.988","Dysoxylum","Meliaceae"
"301","Enterolabium cyclocarpum","Enterolobium cyclocarpum","Enterolabium cyclocarpum","Tropicos - Missouri Botanical Garden","0.75","Enterolobium","Fabaceae"
"302","Enterolabium cyclocarpum","Enterolobium cyclocarpum","Enterolabium cyclocarpum","Tropicos - Missouri Botanical Garden","0.75","Enterolobium","Fabaceae"
"303","Enterolabium cyclocarpum","Enterolobium cyclocarpum","Enterolabium cyclocarpum","Tropicos - Missouri Botanical Garden","0.75","Enterolobium","Fabaceae"
"304","Enterolabium cyclocarpum","Enterolobium cyclocarpum","Enterolabium cyclocarpum","Tropicos - Missouri Botanical Garden","0.75","Enterolobium","Fabaceae"
"305","Enterolobium ciclocarpum","Enterolobium cyclocarpum","Enterolobium ciclocarpum","Tropicos - Missouri Botanical Garden","0.75","Enterolobium","Fabaceae"
"306","Enterolobium cuclocarpum","Enterolobium cyclocarpum","Enterolobium cuclocarpum","Tropicos - Missouri Botanical Garden","0.75","Enterolobium","Fabaceae"
"307","Enterolobium cyclocarpum","Enterolobium cyclocarpum","Enterolobium cyclocarpum","Tropicos - Missouri Botanical Garden","0.988","Enterolobium","Fabaceae"
"308","Eriobptrya japonica","Eriobotrya japonica","Eriobptrya Japonica","Tropicos - Missouri Botanical Garden","0.75","Eriobotrya","Rosaceae"
"309","Eriobptrya Japonica","Eriobotrya japonica",NA,NA,NA,"Eriobotrya","Rosaceae"
"310","Eriobptrya Japonica","Eriobotrya japonica",NA,NA,NA,"Eriobotrya","Rosaceae"
"311","Eriobptrya Japonica","Eriobotrya japonica",NA,NA,NA,"Eriobotrya","Rosaceae"
"312","Eriobptrya Japonica","Eriobotrya japonica",NA,NA,NA,"Eriobotrya","Rosaceae"
"313","Erythrina coralloides","Erythrina coralloides","Erythrina coralloides","Tropicos - Missouri Botanical Garden","0.988","Erythrina","Fabaceae"
"314","Eucalyptus","Eucalyptus","Eucalyptus","The International Plant Names Index","0.75","Eucalyptus","Myrtaceae"
"315","Fedegoso","Senna macranthera",NA,NA,NA,"Senna","Fabaceae"
"316","Ficus nota","Ficus nota","Ficus nota","Tropicos - Missouri Botanical Garden","0.988","Ficus","Moraceae"
"317","Ficus petiolaris","Ficus petiolaris","Ficus petiolaris","The International Plant Names Index","0.988","Ficus","Moraceae"
"318","Ficus septica","Ficus septica","Ficus septica","The International Plant Names Index","0.988","Ficus","Moraceae"
"319","Garcinia forbesii","Garcinia forbesii","Garcinia forbesii","Tropicos - Missouri Botanical Garden","0.988","Garcinia","Clusiaceae"
"320","Gliricidia sepium","Gliricidia sepium","Gliricidia sepium","Tropicos - Missouri Botanical Garden","0.988","Gliricidia","Fabaceae"
"321","Goniocheton arborescens","Goniocheton arborescens","Goniocheton arborescens","Tropicos - Missouri Botanical Garden","0.988","Goniocheton","Meliaceae"
"322","Guazuma ulmifolia","Guazuma ulmifolia","Guazuma ulmifolia","The International Plant Names Index","0.988","Guazuma","Malvaceae"
"323","Heamatoxylum campechianum","Haematoxylum campechianum","Heamatoxylum campechianum","Tropicos - Missouri Botanical Garden","0.75","Haematoxylum","Fabaceae"
"324","Inga edulis","Inga edulis","Inga edulis","The International Plant Names Index","0.988","Inga","Fabaceae"
"325","Inga edulis","Inga edulis","Inga edulis","The International Plant Names Index","0.988","Inga","Fabaceae"
"326","Inga edulis","Inga edulis","Inga edulis","The International Plant Names Index","0.988","Inga","Fabaceae"
"327","Inga edulis","Inga edulis","Inga edulis","The International Plant Names Index","0.988","Inga","Fabaceae"
"328","Inga vera","Inga vera","Inga vera","The International Plant Names Index","0.988","Inga","Fabaceae"
"329","Inga vera","Inga vera","Inga vera","The International Plant Names Index","0.988","Inga","Fabaceae"
"330","Inga vera","Inga vera","Inga vera","The International Plant Names Index","0.988","Inga","Fabaceae"
"331","Inga vera","Inga vera","Inga vera","The International Plant Names Index","0.988","Inga","Fabaceae"
"332","Inga verá","Inga vera","Inga verá","The International Plant Names Index","0.988","Inga","Fabaceae"
"333","Inga verá","Inga vera","Inga verá","The International Plant Names Index","0.988","Inga","Fabaceae"
"334","Inga verá","Inga vera","Inga verá","The International Plant Names Index","0.988","Inga","Fabaceae"
"335","Inga verá","Inga vera","Inga verá","The International Plant Names Index","0.988","Inga","Fabaceae"
"336","Intsia bijuga","Intsia bijuga","Intsia bijuga","Tropicos - Missouri Botanical Garden","0.988","Intsia","Fabaceae"
"337","Ipê amarelo mirim","Tecoma stans",NA,NA,NA,"Tecoma","Bignoniaceae"
"338","Juglans  regia","Juglans regia","Juglans  regia","Tropicos - Missouri Botanical Garden","0.988","Juglans","Juglandaceae"
"339","Kokoona ochracea","Kokoona ochracea","Kokoona ochracea","Tropicos - Missouri Botanical Garden","0.988","Kokoona","Celastraceae"
"340","Larix decidua","Larix decidua","Larix decidua","The International Plant Names Index","0.988","Larix","Pinaceae"
"341","Lauris nobilis","Laurus nobilis","Lauris nobilis","Tropicos - Missouri Botanical Garden","0.75","Laurus","Lauraceae"
"342","Lauris nobilis","Laurus nobilis","Lauris nobilis","Tropicos - Missouri Botanical Garden","0.75","Laurus","Lauraceae"
"343","Lauris nobilis","Laurus nobilis","Lauris nobilis","Tropicos - Missouri Botanical Garden","0.75","Laurus","Lauraceae"
"344","Lauris nobilis","Laurus nobilis","Lauris nobilis","Tropicos - Missouri Botanical Garden","0.75","Laurus","Lauraceae"
"345","Leucaena esculenta","Leucaena esculenta","Leucaena esculenta","The International Plant Names Index","0.988","Leucaena","Fabaceae"
"346","Leucaena leucocephala","Leucaena leucocephala","Leucaena leucocephala","The International Plant Names Index","0.988","Leucaena","Fabaceae"
"347","Leucaena leucosephala","Leucaena leucocephala","Leucaena leucosephala","Tropicos - Missouri Botanical Garden","0.75","Leucaena","Fabaceae"
"348","Leucosyke capitellata","Leucosyke capitellata","Leucosyke capitellata","Tropicos - Missouri Botanical Garden","0.988","Leucosyke","Urticaceae"
"349","Litsea glutinosa","Litsea glutinosa","Litsea glutinosa","Tropicos - Missouri Botanical Garden","0.988","Litsea","Lauraceae"
"350","Lonchocarpus rugosus","Lonchocarpus rugosus","Lonchocarpus rugosus","The International Plant Names Index","0.988","Lonchocarpus","Fabaceae"
"351","Macaranga tanarius","Macaranga tanarius","Macaranga tanarius","The International Plant Names Index","0.988","Macaranga","Euphorbiaceae"
"352","Malpighia glabra","Malpighia glabra","Malpighia glabra","The International Plant Names Index","0.988","Malpighia","Malpighiaceae"
"353","Malpiguia glabra","Malpighia glabra","Malpiguia glabra","Tropicos - Missouri Botanical Garden","0.75","Malpighia","Malpighiaceae"
"354","Mameyito","Garcinia intermedia",NA,NA,NA,"Garcinia","Clusiaceae"
"355","Mangifera indica","Mangifera indica","Mangifera indica","Tropicos - Missouri Botanical Garden","0.988","Mangifera","Anacardiaceae"
"356","Mangifera indica","Mangifera indica","Mangifera indica","Tropicos - Missouri Botanical Garden","0.988","Mangifera","Anacardiaceae"
"357","Mangifera indica","Mangifera indica","Mangifera indica","Tropicos - Missouri Botanical Garden","0.988","Mangifera","Anacardiaceae"
"358","Mangifera indica","Mangifera indica","Mangifera indica","Tropicos - Missouri Botanical Garden","0.988","Mangifera","Anacardiaceae"
"359","Mitrephora lanotan","Mitrephora lanotan","Mitrephora lanotan","Tropicos - Missouri Botanical Garden","0.988","Mitrephora","Annonaceae"
"360","Mussaenda philippica","Mussaenda philippica","Mussaenda philippica","Tropicos - Missouri Botanical Garden","0.988","Mussaenda","Rubiaceae"
"361","Neonauclea formicaria","Neonauclea formicaria","Neonauclea formicaria","Tropicos - Missouri Botanical Garden","0.988","Neonauclea","Rubiaceae"
"362","Palaquium luzoniense","Palaquium luzoniense","Palaquium luzoniense","Tropicos - Missouri Botanical Garden","0.988","Palaquium","Sapotaceae"
"363","Pangium edule","Pangium edule","Pangium edule","Tropicos - Missouri Botanical Garden","0.988","Pangium","Achariaceae"
"364","Persea americana","Persea americana","Persea americana","Tropicos - Missouri Botanical Garden","0.988","Persea","Lauraceae"
"365","Persea caerulea","Persea caerulea","Persea caerulea","Tropicos - Missouri Botanical Garden","0.988","Persea","Lauraceae"
"366","Perymenium grande","Perymenium grande","Perymenium grande","The International Plant Names Index","0.988","Perymenium","Asteraceae"
"367","Pinus oocarpa","Pinus oocarpa","Pinus oocarpa","The International Plant Names Index","0.988","Pinus","Pinaceae"
"368","Pinus oocarpa","Pinus oocarpa","Pinus oocarpa","The International Plant Names Index","0.988","Pinus","Pinaceae"
"369","Pinus oocarpa","Pinus oocarpa","Pinus oocarpa","The International Plant Names Index","0.988","Pinus","Pinaceae"
"370","Pinus oocarpa","Pinus oocarpa","Pinus oocarpa","The International Plant Names Index","0.988","Pinus","Pinaceae"
"371","Pinus oocarpa schil de var","Pinus oocarpa","Pinus oocarpa schil de var","Tropicos - Missouri Botanical Garden","0.988","Pinus","Pinaceae"
"372","Pinus sp","Pinus","Pinus sp","Tropicos - Missouri Botanical Garden","0.75","Pinus","Pinaceae"
"373","pinus sylvestris","Pinus sylvestris",NA,NA,NA,"Pinus","Pinaceae"
"374","Pinus sylvestris","Pinus sylvestris","pinus sylvestris","The International Plant Names Index","0.988","Pinus","Pinaceae"
"375","Platanus mexicana moric","Platanus mexicana","Platanus mexicana moric","Tropicos - Missouri Botanical Garden","0.988","Platanus","Platanaceae"
"376","Platanus mexicana moric","Platanus mexicana","Platanus mexicana moric","Tropicos - Missouri Botanical Garden","0.988","Platanus","Platanaceae"
"377","Platanus mexicana moric","Platanus mexicana","Platanus mexicana moric","Tropicos - Missouri Botanical Garden","0.988","Platanus","Platanaceae"
"378","Platanus mexicana moric","Platanus mexicana","Platanus mexicana moric","Tropicos - Missouri Botanical Garden","0.988","Platanus","Platanaceae"
"379","Pometia pinnata","Pometia pinnata","Pometia pinnata","Tropicos - Missouri Botanical Garden","0.988","Pometia","Sapindaceae"
"380","Populis","PopulUs",NA,NA,NA,"PopulUs","Salicaceae"
"381","Populus","Populus","Populus","The International Plant Names Index","0.75","Populus","Salicaceae"
"382","Populus sp","Populus","Populus sp","Tropicos - Missouri Botanical Garden","0.75","Populus","Salicaceae"
"383","Presea cuerulea","Persea caerulea",NA,NA,NA,"Persea","Lauraceae"
"384","Prunus avium","Prunus avium","Prunus avium","Tropicos - Missouri Botanical Garden","0.988","Prunus","Rosaceae"
"385","Psidium guajava","Psidium guajava","Psidium guajava","Tropicos - Missouri Botanical Garden","0.988","Psidium","Myrtaceae"
"386","Psidium guajava","Psidium guajava","Psidium guajava","Tropicos - Missouri Botanical Garden","0.988","Psidium","Myrtaceae"
"387","Psidium guajava","Psidium guajava","Psidium guajava","Tropicos - Missouri Botanical Garden","0.988","Psidium","Myrtaceae"
"388","Psidium guajava","Psidium guajava","Psidium guajava","Tropicos - Missouri Botanical Garden","0.988","Psidium","Myrtaceae"
"389","Psidium sartorianum","Psidium sartorianum","Psidium sartorianum","The International Plant Names Index","0.988","Psidium","Myrtaceae"
"390","Qercus","Quercus",NA,NA,NA,"Quercus","Fagaceae"
"391","Quercua","Quercus",NA,NA,NA,"Quercus","Fagaceae"
"392","quercus","Quercus",NA,NA,NA,"Quercus","Fagaceae"
"393","Quercus","Quercus","Quercus","The International Plant Names Index","0.75","Quercus","Fagaceae"
"394","Quercus","Quercus","Quercus","The International Plant Names Index","0.75","Quercus","Fagaceae"
"395","Quercus","Quercus","quercus","The International Plant Names Index","0.75","Quercus","Fagaceae"
"396","Quercus","Quercus","quercus","The International Plant Names Index","0.75","Quercus","Fagaceae"
"397","Quercus  rugosa","Quercus rugosa","Quercus  rugosa","Tropicos - Missouri Botanical Garden","0.988","Quercus","Fagaceae"
"398","Quercus robur","Quercus robur","Quercus robur","The International Plant Names Index","0.988","Quercus","Fagaceae"
"399","Quercus rugosa","Quercus rugosa","Quercus rugosa","Tropicos - Missouri Botanical Garden","0.988","Quercus","Fagaceae"
"400","Quercus rugosa nee","Quercus rugosa","Quercus rugosa nee","Tropicos - Missouri Botanical Garden","0.999","Quercus","Fagaceae"
"401","Quercus rugoza nee","Quercus rugosa","Quercus rugoza nee","Tropicos - Missouri Botanical Garden","0.75","Quercus","Fagaceae"
"402","Sandoricum vidalii","Sandoricum vidalii","Sandoricum vidalii","Tropicos - Missouri Botanical Garden","0.988","Sandoricum","Meliaceae"
"403","Sandoricum vidalii merr.","Sandoricum vidalii","Sandoricum vidalii Merr.","Tropicos - Missouri Botanical Garden","0.999","Sandoricum","Meliaceae"
"404","Sandoricum vidalii Merr.","Sandoricum vidalii",NA,NA,NA,"Sandoricum","Meliaceae"
"405","Sapindus saponaria","Sapindus saponaria","Sapindus saponaria","Tropicos - Missouri Botanical Garden","0.988","Sapindus","Sapindaceae"
"406","Sorbus aucuparia","Sorbus aucuparia","Sorbus aucuparia","Tropicos - Missouri Botanical Garden","0.988","Sorbus","Rosaceae"
"407","Sorbus torminalis","Sorbus torminalis","Sorbus torminalis","Tropicos - Missouri Botanical Garden","0.988","Sorbus","Rosaceae"
"408","Sorbus totminalis","Sorbus torminalis","Sorbus totminalis","Tropicos - Missouri Botanical Garden","0.75","Sorbus","Rosaceae"
"409","Spondia mombin","Spondias mombin","Spondia mombin","Tropicos - Missouri Botanical Garden","0.75","Spondias","Anacardiaceae"
"410","Spondias mombin","Spondias mombin","Spondias mombin","Tropicos - Missouri Botanical Garden","0.988","Spondias","Anacardiaceae"
"411","Swietenia foxworthyi","Swietenia","Swietenia foxworthyi","Tropicos - Missouri Botanical Garden","0.75","Swietenia","Meliaceae"
"412","Syzygium antisepticum","Syzygium antisepticum","Syzygium antisepticum","Tropicos - Missouri Botanical Garden","0.988","Syzygium","Myrtaceae"
"413","Syzygium nervosum","Syzygium nervosum","Syzygium nervosum","Tropicos - Missouri Botanical Garden","0.988","Syzygium","Myrtaceae"
"414","Talia cordata","Tilia cordata","Talia cordata","Tropicos - Missouri Botanical Garden","0.75","Tilia","Malvaceae"
"415","Taxus baccata","Taxus baccata","Taxus baccata","The International Plant Names Index","0.988","Taxus","Taxaceae"
"416","Tectona grandis","Tectona grandis","Tectona grandis","Tropicos - Missouri Botanical Garden","0.988","Tectona","Lamiaceae"
"417","Tectona grandis","Tectona grandis","Tectona grandis","Tropicos - Missouri Botanical Garden","0.988","Tectona","Lamiaceae"
"418","Tectona grandis","Tectona grandis","Tectona grandis","Tropicos - Missouri Botanical Garden","0.988","Tectona","Lamiaceae"
"419","Tectona grandis","Tectona grandis","Tectona grandis","Tropicos - Missouri Botanical Garden","0.988","Tectona","Lamiaceae"
"420","Terminalia microcarpa","Terminalia microcarpa","Terminalia microcarpa","Tropicos - Missouri Botanical Garden","0.988","Terminalia","Combretaceae"
"421","Terminalia nitens c.presl","Terminalia nitens","Terminalia nitens C.Presl","The International Plant Names Index","0.999","Terminalia","Combretaceae"
"422","Terminalia nitens C.Presl","Terminalia nitens",NA,NA,NA,"Terminalia","Combretaceae"
"423","Ternstroemia luquillensis","Ternstroemia luquillensis","Ternstroemia luquillensis","Tropicos - Missouri Botanical Garden","0.988","Ternstroemia","Pentaphylacaceae"
"424","Ternstroemia sylvatica","Ternstroemia sylvatica","Ternstroemia sylvatica","Tropicos - Missouri Botanical Garden","0.988","Ternstroemia","Pentaphylacaceae"
"425","Ternstroemia sylvatica","Ternstroemia sylvatica","Ternstroemia sylvatica","Tropicos - Missouri Botanical Garden","0.988","Ternstroemia","Pentaphylacaceae"
"426","Ternstroemia sylvatica","Ternstroemia sylvatica","Ternstroemia sylvatica","Tropicos - Missouri Botanical Garden","0.988","Ternstroemia","Pentaphylacaceae"
"427","Ternstroemia sylvatica","Ternstroemia sylvatica","Ternstroemia sylvatica","Tropicos - Missouri Botanical Garden","0.988","Ternstroemia","Pentaphylacaceae"
"428","Ternstroemia sylvstica","Ternstroemia sylvatica","Ternstroemia sylvstica","Tropicos - Missouri Botanical Garden","0.75","Ternstroemia","Pentaphylacaceae"
"429","Tibia cordata","Tilia cordata","Tibia cordata","Tropicos - Missouri Botanical Garden","0.75","Tilia","Malvaceae"
"430","Toona calantas","Toona calantas","Toona calantas","The International Plant Names Index","0.988","Toona","Meliaceae"
"431","Trichilia trifolia","Trichilia trifolia","Trichilia trifolia","Tropicos - Missouri Botanical Garden","0.988","Trichilia","Meliaceae"
"432","Ulmus mexicana","Ulmus mexicana","Ulmus mexicana","Tropicos - Missouri Botanical Garden","0.988","Ulmus","Ulmaceae"
"433","Verbesina myrioephala","Verbesina myriocephala","Verbesina myrioephala","Tropicos - Missouri Botanical Garden","0.75","Verbesina","Asteraceae"
"434","Vitex sp.","Vitex","Vitex Sp.","Tropicos - Missouri Botanical Garden","0.75","Vitex","Lamiaceae"
"435","Vitex Sp.","Vitex",NA,NA,NA,"Vitex","Lamiaceae"
"436","Autre espèce",NA,NA,NA,NA,NA,NA
"437","Beilschmedia glomerata","Beilschmiedia glomerata","Beilschmedia glomerata","Tropicos - Missouri Botanical Garden","0.75","Beilschmiedia","Lauraceae"
"438","Buchanania nitida","Buchanania nitida","Buchanania nitida","Tropicos - Missouri Botanical Garden","0.988","Buchanania","Anacardiaceae"
"439","Café","Cafe","Café","Tropicos - Missouri Botanical Garden","0.75","Cafe","Rubiaceae"
"440","Canarium asperum","Canarium asperum","Canarium asperum","Tropicos - Missouri Botanical Garden","0.988","Canarium","Burseraceae"
"441","Cochlolospermun vitifolium","Cochlolospermun vitifolium",NA,NA,NA,"Cochlolospermun","Bixaceae"
"442","Cupressus lusitanica var lindleyi","Cupressus lusitanica lindleyi","Cupressus lusitanica var lindleyi","Tropicos - Missouri Botanical Garden","0.999","Cupressus","Cupressaceae"
"443","Dalbergia calderonii","Dalbergia calderonii","Dalbergia calderonii","Tropicos - Missouri Botanical Garden","0.988","Dalbergia","Fabaceae"
"444","Dalbergia calderonii","Dalbergia calderonii","Dalbergia calderonii","Tropicos - Missouri Botanical Garden","0.988","Dalbergia","Fabaceae"
"445","Dalbergia calderonii","Dalbergia calderonii","Dalbergia calderonii","Tropicos - Missouri Botanical Garden","0.988","Dalbergia","Fabaceae"
"446","Dalbergia calderonii","Dalbergia calderonii","Dalbergia calderonii","Tropicos - Missouri Botanical Garden","0.988","Dalbergia","Fabaceae"
"447","Dehaasia triandra","Dehaasia triandra","Dehaasia triandra","Tropicos - Missouri Botanical Garden","0.988","Dehaasia","Lauraceae"
"448","Dimorphocalyx luzoniensis","Dimorphocalyx luzoniensis","Dimorphocalyx luzoniensis","Tropicos - Missouri Botanical Garden","0.988","Dimorphocalyx","Euphorbiaceae"
"449","Douglas",NA,NA,NA,NA,NA,NA
"450","Drypetes grandifolia","Drypetes grandifolia","Drypetes grandifolia","Tropicos - Missouri Botanical Garden","0.988","Drypetes","Putranjivaceae"
"451","Eugenia montalbanica","Eugenia montalbanica","Eugenia montalbanica","Tropicos - Missouri Botanical Garden","0.988","Eugenia","Myrtaceae"
"452","Fagus silvatica","Fagus silvatica","Fagus silvatica","Tropicos - Missouri Botanical Garden","0.988","Fagus","Fagaceae"
"453","fdf",NA,NA,NA,NA,NA,NA
"454","Folha composta",NA,NA,NA,NA,NA,NA
"455","Fraises exelsion",NA,NA,NA,NA,NA,"Rosaceae"
"456","Guatemala ulmifolia","Guatemala","Guatemala ulmifolia","The International Plant Names Index","0.75","Guatemala","Malvaceae"
"457","Guioa pleuropteris","Guioa pleuropteris","Guioa pleuropteris","Tropicos - Missouri Botanical Garden","0.988","Guioa","Sapindaceae"
"458","Inga spuria","Inga spuria","Inga spuria","The International Plant Names Index","0.988","Inga","Fabaceae"
"459","jd",NA,NA,NA,NA,NA,NA
"460","Koordersiodendron pinnatum","Koordersiodendron pinnatum","Koordersiodendron pinnatum","The International Plant Names Index","0.988","Koordersiodendron",NA
"461","Lambinana ( nom scientifique??)",NA,NA,NA,NA,NA,NA
"462","Lambinana (nom scientifique ?)",NA,NA,NA,NA,NA,NA
"463","Myristica philippinensis","Myristica philippinensis","Myristica philippinensis","The International Plant Names Index","0.988","Myristica","Myristicaeae"
"464","Não possue",NA,NA,NA,NA,NA,NA
"465","Nephelium rambutan","Nephelium rambutan","Nephelium rambutan","Tropicos - Missouri Botanical Garden","0.988","Nephelium","Sapindaceae"
"466","None",NA,NA,NA,NA,NA,NA
"467","Pas d'arbres inventoriées : Plus de 10cm(DBH)",NA,NA,NA,NA,NA,NA
"468","Pas d'arbres plus de 10cm (DBH)",NA,NA,NA,NA,NA,NA
"469","pas d'espece",NA,NA,NA,NA,NA,NA
"470","Pas d'espèces de 1 à 9,9 cm (DHP)",NA,NA,NA,NA,NA,NA
"471","Platymisciun dimhorphan","Platymisciun dimhorphan",NA,NA,NA,"Platymisciun","Fabaceae"
"472","Platymisciun dimhorphan","Platymisciun dimhorphan",NA,NA,NA,"Platymisciun","Fabaceae"
"473","Platymisciun dimhorphan","Platymisciun dimhorphan",NA,NA,NA,"Platymisciun","Fabaceae"
"474","Platymisciun dimhorphan","Platymisciun dimhorphan",NA,NA,NA,"Platymisciun","Fabaceae"
"475","Platymisciun dimhorphan donn.sm.","Platymisciun dimhorphan",NA,NA,NA,"Platymisciun","Fabaceae"
"476","Pouteria villamilii","Pouteria villamilii","Pouteria villamilii","Tropicos - Missouri Botanical Garden","0.988","Pouteria","Sapotaceae"
"477","Pronus solicifolia","Prunus salicifolia","Pronus solicifolia","Tropicos - Missouri Botanical Garden","0.75","Prunus","Rosaceae"
"478","Pronus solicifolia","Prunus salicifolia","Pronus solicifolia","Tropicos - Missouri Botanical Garden","0.75","Prunus","Rosaceae"
"479","Pronus solicifolia","Prunus salicifolia","Pronus solicifolia","Tropicos - Missouri Botanical Garden","0.75","Prunus","Rosaceae"
"480","Pronus solicifolia","Prunus salicifolia","Pronus solicifolia","Tropicos - Missouri Botanical Garden","0.75","Prunus","Rosaceae"
"481","Prunus salicifolia","Prunus salicifolia","Prunus salicifolia","The International Plant Names Index","0.988","Prunus","Rosaceae"
"482","Pseudosmodingium multifolium","Pseudosmodingium multifolium","Pseudosmodingium multifolium","Tropicos - Missouri Botanical Garden","0.988","Pseudosmodingium","Anacardiaceae"
"483","Pterospermum diversifolium Blume","",NA,NA,NA,NA,"Malvaceae"
"484","Pterospermum diversifolium blume","Pterospermum diversifolium","Pterospermum diversifolium Blume","Tropicos - Missouri Botanical Garden","0.999","Pterospermum","Malvaceae"
"485","Quercy robur","Quercus robar",NA,NA,NA,"Quercus","Fagaceae"
"486","Querus","Quercus robar",NA,NA,NA,"Quercus","Fagaceae"
"487","Sapium luzonicum","Sapium luzonicum","Sapium luzonicum","Tropicos - Missouri Botanical Garden","0.988","Sapium","Euphorbiaceae"
"488","sjdjd",NA,NA,NA,NA,NA,NA
"489","Species A",NA,NA,NA,NA,NA,NA
"490","Swintonia foxworthyi","Swintonia foxworthyi","Swintonia foxworthyi","Tropicos - Missouri Botanical Garden","0.988","Swintonia","Anacardiaceae"
"491","Syzygium costulatum","Syzygium costulatum","Syzygium costulatum","Tropicos - Missouri Botanical Garden","0.988","Syzygium","Myrtaceae"
"492","Syzygium xanthophyllum","Syzygium xanthophyllum","Syzygium xanthophyllum","Tropicos - Missouri Botanical Garden","0.988","Syzygium","Myrtaceae"
"493","Terminalia calamansanai","Terminalia calamansanai","Terminalia calamansanai","The International Plant Names Index","0.988","Terminalia","Combretaceae"
"494","Tristaniopsis decorticata (merr.)","Tristaniopsis decorticata","Tristaniopsis decorticata (Merr.)","Tropicos - Missouri Botanical Garden","0.988","Tristaniopsis","Myrtaceae"
"495","Tristaniopsis decorticata (Merr.)","Tristaniopsis decorticata",NA,NA,NA,"Tristaniopsis","Myrtaceae"
"496","Tristanosis decortecata","Tristaniopsis decorticata","Tristanosis decortecata","Tropicos - Missouri Botanical Garden","0.75","Tristaniopsis","Myrtaceae"
"497","Tritaxis malayana","Tritaxis malayana","Tritaxis malayana","Tropicos - Missouri Botanical Garden","0.988","Tritaxis","Euphorbiaceae"
"498","ueyeg",NA,NA,NA,NA,NA,NA
"499","Vernonia patens","Vernonia patens","Vernonia patens","Tropicos - Missouri Botanical Garden","0.988","Vernonia","Asteraceae"
"500","Vernonia patens","Vernonia patens","Vernonia patens","Tropicos - Missouri Botanical Garden","0.988","Vernonia","Asteraceae"
"501","Vernonia patens","Vernonia patens","Vernonia patens","Tropicos - Missouri Botanical Garden","0.988","Vernonia","Asteraceae"
"502","Vernonia patens","Vernonia patens","Vernonia patens","Tropicos - Missouri Botanical Garden","0.988","Vernonia","Asteraceae"
"503","Vijao",NA,NA,NA,NA,NA,NA
"504","Vijao",NA,NA,NA,NA,NA,NA
"505","Vijao",NA,NA,NA,NA,NA,NA
"506","Vijao",NA,NA,NA,NA,NA,NA
"507","yzyz",NA,NA,NA,NA,NA,NA
"508","Alicia niopides","Alicia","Alicia niopides","Tropicos - Missouri Botanical Garden","0.75","Alicia","Malpighiaceae"
"509","Alicia niopides","Alicia","Alicia niopides","Tropicos - Missouri Botanical Garden","0.75","Alicia","Malpighiaceae"
"510","Manga","Manga","Manga","The International Plant Names Index","0.75","Manga","Anacardiaceae"
