"Tree_type","Species","size_class","Tree_per_sq_30m","main_data.Enter_a_date","main_data.Country","main_data.Site_ID","main_data.Timeframe","main_data.Plot_ID","main_data.Plot_Type","main_data.Plot_Permanence","main_data.Resampling1","main_data.PlantingPattern","main_data.Resampling2","main_data.X_id"
"Present","Nuxia capitata",">10cm",1.66666666666667,"2023-04-12","Madagascar","S0148","Y0","S0148CP02","Control",NA,NA,NA,2,232559601
"Present","Acacia auriculiformis",">10cm",22,"2023-03-16","India","Rr","Y0","Rr","Control",NA,NA,NA,0,225495251
"Present","Azadirachta indica",">10cm",3,"2023-03-16","India","Rr","Y0","Rr","Control",NA,NA,NA,0,225495251
"naturally_regenerating","Azadirachta indica","1-9.9cm",100,"2023-03-16","India","Rr","Y0","Rr","Control",NA,NA,NA,0,225495251
"planted","Acacia auriculiformis",">10cm",2,"2023-03-16","India","Rr","Y0","T5","Restoration","Randomized",0,"1.5x1.5m",0,225494696
"planted","Azadirachta indica",">10cm",1,"2023-03-16","India","Rr","Y0","T5","Restoration","Randomized",0,"1.5x1.5m",0,225494696
"planted","Tectona grandis","1-9.9cm",300,"2023-03-16","India","Rr","Y0","T5","Restoration","Randomized",0,"1.5x1.5m",0,225494696
"Present","Acacia caven",">10cm",2,"2023-03-28","Mexico","295","Y0","295-17","Restoration","Permanent",0,"3 m por 3 m",0,229326643
"Present","Brysonima crassifolia",">10cm",2,"2023-03-28","Mexico","295","Y0","295-17","Restoration","Permanent",0,"3 m por 3 m",0,229326643
"Present","Chrysophyllum cainito",">10cm",1,"2023-03-28","Mexico","295","Y0","295-17","Restoration","Permanent",0,"3 m por 3 m",0,229326643
"Present","Quercus rugosa",">10cm",10,"2023-03-28","Mexico","295","Y0","295-17","Restoration","Permanent",0,"3 m por 3 m",0,229326643
"Present","Leucaena leucosephala","<1cm",900,"2023-03-28","Mexico","295","Y0","295-5","Restoration","Permanent",0,"3 por 3 metros",0,229302486
"Present","Acacia caven",">10cm",2,"2023-03-28","Mexico","295","Y0","295-5","Restoration","Permanent",0,"3 por 3 metros",0,229302486
"Present","Brysonima crassifolia",">10cm",3,"2023-03-28","Mexico","295","Y0","295-5","Restoration","Permanent",0,"3 por 3 metros",0,229302486
"Present","Pinus oocarpa",">10cm",1,"2023-03-28","Mexico","295","Y0","295-5","Restoration","Permanent",0,"3 por 3 metros",0,229302486
"Present","Quercus rugoza nee",">10cm",14,"2023-03-28","Mexico","295","Y0","295-5","Restoration","Permanent",0,"3 por 3 metros",0,229302486
"Present","Acacia caven","1-9.9cm",100,"2023-03-28","Mexico","295","Y0","295-5","Restoration","Permanent",0,"3 por 3 metros",0,229302486
"Present","Brysonima crassifolia","1-9.9cm",100,"2023-03-28","Mexico","295","Y0","295-5","Restoration","Permanent",0,"3 por 3 metros",0,229302486
"Present","Psidium guajava","<1cm",900,"2023-03-28","Mexico","295","Y0","295-6","Restoration","Permanent",0,"3 por 3 metros",0,229321374
"Present","Acacia caven",">10cm",4,"2023-03-28","Mexico","295","Y0","295-6","Restoration","Permanent",0,"3 por 3 metros",0,229321374
"Present","Brysonima crassifolia",">10cm",3,"2023-03-28","Mexico","295","Y0","295-6","Restoration","Permanent",0,"3 por 3 metros",0,229321374
"Present","Bursera copallifera",">10cm",1,"2023-03-28","Mexico","295","Y0","295-6","Restoration","Permanent",0,"3 por 3 metros",0,229321374
"Present","Heamatoxylum campechianum",">10cm",1,"2023-03-28","Mexico","295","Y0","295-6","Restoration","Permanent",0,"3 por 3 metros",0,229321374
"Present","Quercus rugosa nee",">10cm",9,"2023-03-28","Mexico","295","Y0","295-6","Restoration","Permanent",0,"3 por 3 metros",0,229321374
"Present","Acacia caven","1-9.9cm",100,"2023-03-28","Mexico","295","Y0","295-6","Restoration","Permanent",0,"3 por 3 metros",0,229321374
"Present","Brysonima crassifolia","1-9.9cm",100,"2023-03-28","Mexico","295","Y0","295-6","Restoration","Permanent",0,"3 por 3 metros",0,229321374
"Present","Lauris nobilis","<1cm",900,"2023-03-28","Mexico","295","Y0","295-18","Restoration","Permanent",0,"3 por 3 metros",0,229321982
"Present","Acacia caven",">10cm",8,"2023-03-28","Mexico","295","Y0","295-18","Restoration","Permanent",0,"3 por 3 metros",0,229321982
"Present","Pinus oocarpa",">10cm",7,"2023-03-28","Mexico","295","Y0","295-18","Restoration","Permanent",0,"3 por 3 metros",0,229321982
"Present","Quercus rugosa nee",">10cm",3,"2023-03-28","Mexico","295","Y0","295-18","Restoration","Permanent",0,"3 por 3 metros",0,229321982
"Present","Acacia caven","1-9.9cm",200,"2023-03-28","Mexico","295","Y0","295-18","Restoration","Permanent",0,"3 por 3 metros",0,229321982
"Present","Acacia caven",">10cm",1,"2023-03-28","Mexico","295","Y0","295-14","Restoration","Permanent",0,"3 metros por 3 metros",0,229325946
"Present","Bursera simaruba",">10cm",1,"2023-03-28","Mexico","295","Y0","295-14","Restoration","Permanent",0,"3 metros por 3 metros",0,229325946
"Present","Quercus rugosa",">10cm",8,"2023-03-28","Mexico","295","Y0","295-14","Restoration","Permanent",0,"3 metros por 3 metros",0,229325946
"Present","Platymisciun dimhorphan donn.sm.","<1cm",2700,"2023-03-29","Mexico","295","Y0","295-22","Restoration","Permanent",0,"3 por 3 metros",0,229320531
"Present","Acacia caven",">10cm",6,"2023-03-29","Mexico","295","Y0","295-22","Restoration","Permanent",0,"3 por 3 metros",0,229320531
"Present","Brysonima crassifolia",">10cm",3,"2023-03-29","Mexico","295","Y0","295-22","Restoration","Permanent",0,"3 por 3 metros",0,229320531
"Present","Bursera copallifera",">10cm",3,"2023-03-29","Mexico","295","Y0","295-22","Restoration","Permanent",0,"3 por 3 metros",0,229320531
"Present","Bursera simaruba",">10cm",1,"2023-03-29","Mexico","295","Y0","295-22","Restoration","Permanent",0,"3 por 3 metros",0,229320531
"Present","Chrysophyllum cainito",">10cm",3,"2023-03-29","Mexico","295","Y0","295-22","Restoration","Permanent",0,"3 por 3 metros",0,229320531
"Present","Cochlospermum vitifolium",">10cm",2,"2023-03-29","Mexico","295","Y0","295-22","Restoration","Permanent",0,"3 por 3 metros",0,229320531
"Present","Diphysa americana",">10cm",1,"2023-03-29","Mexico","295","Y0","295-22","Restoration","Permanent",0,"3 por 3 metros",0,229320531
"Present","Erythrina coralloides",">10cm",1,"2023-03-29","Mexico","295","Y0","295-22","Restoration","Permanent",0,"3 por 3 metros",0,229320531
"Present","Guazuma ulmifolia",">10cm",3,"2023-03-29","Mexico","295","Y0","295-22","Restoration","Permanent",0,"3 por 3 metros",0,229320531
"Present","Heamatoxylum campechianum",">10cm",1,"2023-03-29","Mexico","295","Y0","295-22","Restoration","Permanent",0,"3 por 3 metros",0,229320531
"Present","Quercus rugoza nee",">10cm",12,"2023-03-29","Mexico","295","Y0","295-22","Restoration","Permanent",0,"3 por 3 metros",0,229320531
"Present","Guazuma ulmifolia","1-9.9cm",100,"2023-03-29","Mexico","295","Y0","295-22","Restoration","Permanent",0,"3 por 3 metros",0,229320531
"Present","Platymisciun dimhorphan donn.sm.","1-9.9cm",300,"2023-03-29","Mexico","295","Y0","295-22","Restoration","Permanent",0,"3 por 3 metros",0,229320531
"Present","Conostegia xalapensis","<1cm",2700,"2023-03-29","Mexico","295","Y0","295-20","Restoration","Permanent",0,"3 por 3 metros",0,229320308
"Present","Acacia caven",">10cm",1,"2023-03-29","Mexico","295","Y0","295-20","Restoration","Permanent",0,"3 por 3 metros",0,229320308
"Present","Bursera simaruba",">10cm",6,"2023-03-29","Mexico","295","Y0","295-20","Restoration","Permanent",0,"3 por 3 metros",0,229320308
"Present","Cedrela odorata",">10cm",1,"2023-03-29","Mexico","295","Y0","295-20","Restoration","Permanent",0,"3 por 3 metros",0,229320308
"Present","Cochlospermum vitifolium",">10cm",7,"2023-03-29","Mexico","295","Y0","295-20","Restoration","Permanent",0,"3 por 3 metros",0,229320308
"Present","Conostegia xalapensis",">10cm",5,"2023-03-29","Mexico","295","Y0","295-20","Restoration","Permanent",0,"3 por 3 metros",0,229320308
"Present","Crescentia cujete",">10cm",1,"2023-03-29","Mexico","295","Y0","295-20","Restoration","Permanent",0,"3 por 3 metros",0,229320308
"Present","Dalbergia calderonii",">10cm",1,"2023-03-29","Mexico","295","Y0","295-20","Restoration","Permanent",0,"3 por 3 metros",0,229320308
"Present","Enterolabium cyclocarpum",">10cm",1,"2023-03-29","Mexico","295","Y0","295-20","Restoration","Permanent",0,"3 por 3 metros",0,229320308
"Present","Gliricidia sepium",">10cm",1,"2023-03-29","Mexico","295","Y0","295-20","Restoration","Permanent",0,"3 por 3 metros",0,229320308
"Present","Heamatoxylum campechianum",">10cm",16,"2023-03-29","Mexico","295","Y0","295-20","Restoration","Permanent",0,"3 por 3 metros",0,229320308
"Present","Platymisciun dimhorphan",">10cm",3,"2023-03-29","Mexico","295","Y0","295-20","Restoration","Permanent",0,"3 por 3 metros",0,229320308
"Present","Psidium sartorianum",">10cm",1,"2023-03-29","Mexico","295","Y0","295-20","Restoration","Permanent",0,"3 por 3 metros",0,229320308
"Present","Sapindus saponaria",">10cm",1,"2023-03-29","Mexico","295","Y0","295-20","Restoration","Permanent",0,"3 por 3 metros",0,229320308
"Present","Trichilia trifolia",">10cm",1,"2023-03-29","Mexico","295","Y0","295-20","Restoration","Permanent",0,"3 por 3 metros",0,229320308
"Present","Conostegia xalapensis","1-9.9cm",100,"2023-03-29","Mexico","295","Y0","295-20","Restoration","Permanent",0,"3 por 3 metros",0,229320308
"Present","Acacia caven",">10cm",1,"2023-03-29","Mexico","295","Y0","295-23","Restoration","Permanent",0,"3 m por 3 m",0,229327028
"Present","Brysonima crassifolia",">10cm",1,"2023-03-29","Mexico","295","Y0","295-23","Restoration","Permanent",0,"3 m por 3 m",0,229327028
"Present","Bursera copallifera",">10cm",1,"2023-03-29","Mexico","295","Y0","295-23","Restoration","Permanent",0,"3 m por 3 m",0,229327028
"Present","Leucaena esculenta",">10cm",1,"2023-03-29","Mexico","295","Y0","295-23","Restoration","Permanent",0,"3 m por 3 m",0,229327028
"Present","Quercus rugosa",">10cm",11,"2023-03-29","Mexico","295","Y0","295-23","Restoration","Permanent",0,"3 m por 3 m",0,229327028
"Present","Heamatoxylum campechianum","<1cm",900,"2023-03-28","Mexico","295","Y0","295-13","Restoration","Permanent",0,"3 m por 3 m",0,229325806
"Present","Acacia caven",">10cm",1,"2023-03-28","Mexico","295","Y0","295-13","Restoration","Permanent",0,"3 m por 3 m",0,229325806
"Present","Cojoba  arborea",">10cm",3,"2023-03-28","Mexico","295","Y0","295-13","Restoration","Permanent",0,"3 m por 3 m",0,229325806
"Present","Lonchocarpus rugosus",">10cm",2,"2023-03-28","Mexico","295","Y0","295-13","Restoration","Permanent",0,"3 m por 3 m",0,229325806
"Present","Quercus  rugosa",">10cm",7,"2023-03-28","Mexico","295","Y0","295-13","Restoration","Permanent",0,"3 m por 3 m",0,229325806
"Present","Cojoba arborea","1-9.9cm",100,"2023-03-28","Mexico","295","Y0","295-13","Restoration","Permanent",0,"3 m por 3 m",0,229325806
"Present","Acacia caven",">10cm",3,"2023-03-28","Mexico","295","Y0","295-12","Restoration","Permanent",0,"3 m por 3 m",0,229325609
"Present","Brysonima  crassifolia",">10cm",1,"2023-03-28","Mexico","295","Y0","295-12","Restoration","Permanent",0,"3 m por 3 m",0,229325609
"Present","Bursera simaruba",">10cm",2,"2023-03-28","Mexico","295","Y0","295-12","Restoration","Permanent",0,"3 m por 3 m",0,229325609
"Present","Cochlospermum vitifolium",">10cm",1,"2023-03-28","Mexico","295","Y0","295-12","Restoration","Permanent",0,"3 m por 3 m",0,229325609
"Present","Quercus rugosa",">10cm",18,"2023-03-28","Mexico","295","Y0","295-12","Restoration","Permanent",0,"3 m por 3 m",0,229325609
"Present","Brysonima crassifolia","1-9.9cm",100,"2023-03-28","Mexico","295","Y0","295-12","Restoration","Permanent",0,"3 m por 3 m",0,229325609
"Present","Acacia caven",">10cm",1,"2023-03-29","Mexico","295","Y0","295-21","Restoration","Permanent",0,"3 m por 3 m",0,229326839
"Present","Brysonima crassifolia",">10cm",2,"2023-03-29","Mexico","295","Y0","295-21","Restoration","Permanent",0,"3 m por 3 m",0,229326839
"Present","Cochlospermum vitafolium",">10cm",7,"2023-03-29","Mexico","295","Y0","295-21","Restoration","Permanent",0,"3 m por 3 m",0,229326839
"Present","Quercus rugosa",">10cm",18,"2023-03-29","Mexico","295","Y0","295-21","Restoration","Permanent",0,"3 m por 3 m",0,229326839
"Present","Quercus rugosa","1-9.9cm",100,"2023-03-29","Mexico","295","Y0","295-21","Restoration","Permanent",0,"3 m por 3 m",0,229326839
"Present","Brysonima crassifolia",">10cm",1,"2023-03-28","Mexico","295","Y0","295-15","Restoration","Permanent",0,"3 m por 3 m",0,229326124
"Present","Pinus oocarpa",">10cm",2,"2023-03-28","Mexico","295","Y0","295-15","Restoration","Permanent",0,"3 m por 3 m",0,229326124
"Present","Quercus rugosa",">10cm",7,"2023-03-28","Mexico","295","Y0","295-15","Restoration","Permanent",0,"3 m por 3 m",0,229326124
"Present","Acacia caven","1-9.9cm",100,"2023-03-28","Mexico","295","Y0","295-15","Restoration","Permanent",0,"3 m por 3 m",0,229326124
"Present","Acacia caven","<1cm",1800,"2023-03-28","Mexico","295","Y0","295-16","Restoration","Permanent",0,"3 m por 3 m",0,229326523
"Present","Enterolobium ciclocarpum",">10cm",2,"2023-03-28","Mexico","295","Y0","295-16","Restoration","Permanent",0,"3 m por 3 m",0,229326523
"Present","Quercus rugosa",">10cm",5,"2023-03-28","Mexico","295","Y0","295-16","Restoration","Permanent",0,"3 m por 3 m",0,229326523
"Present","Acacia collinsii",">10cm",1,"2023-02-23","Mexico","349","Y0","349-3","Restoration","Permanent",0,"3x3",0,229426542
"Present","Diphysa americana",">10cm",1,"2023-02-23","Mexico","349","Y0","349-3","Restoration","Permanent",0,"3x3",0,229426542
"Present","Inga vera",">10cm",8,"2023-02-23","Mexico","349","Y0","349-3","Restoration","Permanent",0,"3x3",0,229426542
"Present","Persea americana",">10cm",2,"2023-02-23","Mexico","349","Y0","349-3","Restoration","Permanent",0,"3x3",0,229426542
"Present","Vijao",">10cm",1,"2023-02-23","Mexico","349","Y0","349-3","Restoration","Permanent",0,"3x3",0,229426542
"Present","Inga verá","1-9.9cm",100,"2023-02-23","Mexico","349","Y0","349-3","Restoration","Permanent",0,"3x3",0,229426542
"Present","Aglaia rimosa","<1cm",900,"2022-07-21","Philippines","211","Y0","Control 02","Control",NA,NA,NA,0,221701339
"Present","Acacia mangium",">10cm",2,"2022-07-21","Philippines","211","Y0","Control 02","Control",NA,NA,NA,0,221701339
"Present","Alangium javanicum",">10cm",6,"2022-07-21","Philippines","211","Y0","Control 02","Control",NA,NA,NA,0,221701339
"Present","Alstonia scholaris (L.)",">10cm",2,"2022-07-21","Philippines","211","Y0","Control 02","Control",NA,NA,NA,0,221701339
"Present","Artocarpus anisophyllus Miq",">10cm",1,"2022-07-21","Philippines","211","Y0","Control 02","Control",NA,NA,NA,0,221701339
"Present","Artocarpus blancoi  (Elmer) Merr.",">10cm",2,"2022-07-21","Philippines","211","Y0","Control 02","Control",NA,NA,NA,0,221701339
"Present","Artocarpus heterophyllous",">10cm",1,"2022-07-21","Philippines","211","Y0","Control 02","Control",NA,NA,NA,0,221701339
"Present","Bauhinia variegata L.",">10cm",1,"2022-07-21","Philippines","211","Y0","Control 02","Control",NA,NA,NA,0,221701339
"Present","Buchanania arborescens (Blume)",">10cm",1,"2022-07-21","Philippines","211","Y0","Control 02","Control",NA,NA,NA,0,221701339
"Present","Buchanania nitida",">10cm",1,"2022-07-21","Philippines","211","Y0","Control 02","Control",NA,NA,NA,0,221701339
"Present","Litsea glutinosa",">10cm",1,"2022-07-21","Philippines","211","Y0","Control 02","Control",NA,NA,NA,0,221701339
"Present","Sandoricum vidalii Merr.",">10cm",1,"2022-07-21","Philippines","211","Y0","Control 02","Control",NA,NA,NA,0,221701339
"Present","Tristaniopsis decorticata (Merr.)",">10cm",1,"2022-07-21","Philippines","211","Y0","Control 02","Control",NA,NA,NA,0,221701339
"Present","Buchanania arborescens (Blume)","1-9.9cm",100,"2022-07-21","Philippines","211","Y0","Control 02","Control",NA,NA,NA,0,221701339
"Present","Garcinia forbesii","1-9.9cm",100,"2022-07-21","Philippines","211","Y0","Control 02","Control",NA,NA,NA,0,221701339
"Present","Guioa pleuropteris","1-9.9cm",100,"2022-07-21","Philippines","211","Y0","Control 02","Control",NA,NA,NA,0,221701339
"Present","Litsea glutinosa","1-9.9cm",200,"2022-07-21","Philippines","211","Y0","Control 02","Control",NA,NA,NA,0,221701339
"Present","Syzygium costulatum","1-9.9cm",100,"2022-07-21","Philippines","211","Y0","Control 02","Control",NA,NA,NA,0,221701339
"Present","Terminalia microcarpa","1-9.9cm",200,"2022-07-21","Philippines","211","Y0","Control 02","Control",NA,NA,NA,0,221701339
"planted","Intsia bijuga","<1cm",900,"2022-10-19","Philippines","211","Y0","Plot No. 002","Restoration","Permanent",0,"Trees were planted with 2m by 3m spacing",0,226156574
"Present","Acacia mangium",">10cm",2,"2022-10-19","Philippines","211","Y0","Plot No. 002","Restoration","Permanent",0,"Trees were planted with 2m by 3m spacing",0,226156574
"Present","Alangium javanicum",">10cm",6,"2022-10-19","Philippines","211","Y0","Plot No. 002","Restoration","Permanent",0,"Trees were planted with 2m by 3m spacing",0,226156574
"Present","Alstonia scholaris (L.)",">10cm",2,"2022-10-19","Philippines","211","Y0","Plot No. 002","Restoration","Permanent",0,"Trees were planted with 2m by 3m spacing",0,226156574
"Present","Artocapus heteropyllus",">10cm",1,"2022-10-19","Philippines","211","Y0","Plot No. 002","Restoration","Permanent",0,"Trees were planted with 2m by 3m spacing",0,226156574
"Present","Artocarpus anisophyllus Miq.",">10cm",1,"2022-10-19","Philippines","211","Y0","Plot No. 002","Restoration","Permanent",0,"Trees were planted with 2m by 3m spacing",0,226156574
"Present","Artocarpus blancoi  (Elmer) Merr.",">10cm",2,"2022-10-19","Philippines","211","Y0","Plot No. 002","Restoration","Permanent",0,"Trees were planted with 2m by 3m spacing",0,226156574
"Present","Bauhinia variegata L.",">10cm",1,"2022-10-19","Philippines","211","Y0","Plot No. 002","Restoration","Permanent",0,"Trees were planted with 2m by 3m spacing",0,226156574
"Present","Buchanania arborescens (Blume)",">10cm",1,"2022-10-19","Philippines","211","Y0","Plot No. 002","Restoration","Permanent",0,"Trees were planted with 2m by 3m spacing",0,226156574
"Present","Buchanania nitida",">10cm",1,"2022-10-19","Philippines","211","Y0","Plot No. 002","Restoration","Permanent",0,"Trees were planted with 2m by 3m spacing",0,226156574
"Present","Litsea glutinosa",">10cm",1,"2022-10-19","Philippines","211","Y0","Plot No. 002","Restoration","Permanent",0,"Trees were planted with 2m by 3m spacing",0,226156574
"Present","Sandoricum vidalii Merr.",">10cm",1,"2022-10-19","Philippines","211","Y0","Plot No. 002","Restoration","Permanent",0,"Trees were planted with 2m by 3m spacing",0,226156574
"Present","Tristaniopsis decorticata (Merr.)",">10cm",1,"2022-10-19","Philippines","211","Y0","Plot No. 002","Restoration","Permanent",0,"Trees were planted with 2m by 3m spacing",0,226156574
"Present","Buchanania arborescens (Blume)","1-9.9cm",100,"2022-10-19","Philippines","211","Y0","Plot No. 002","Restoration","Permanent",0,"Trees were planted with 2m by 3m spacing",0,226156574
"Present","Garcinia forbesii","1-9.9cm",100,"2022-10-19","Philippines","211","Y0","Plot No. 002","Restoration","Permanent",0,"Trees were planted with 2m by 3m spacing",0,226156574
"Present","Guioa pleuropteris","1-9.9cm",100,"2022-10-19","Philippines","211","Y0","Plot No. 002","Restoration","Permanent",0,"Trees were planted with 2m by 3m spacing",0,226156574
"Present","Litsea glutinosa","1-9.9cm",100,"2022-10-19","Philippines","211","Y0","Plot No. 002","Restoration","Permanent",0,"Trees were planted with 2m by 3m spacing",0,226156574
"Present","Syzygium costulatum","1-9.9cm",100,"2022-10-19","Philippines","211","Y0","Plot No. 002","Restoration","Permanent",0,"Trees were planted with 2m by 3m spacing",0,226156574
"Present","Terminalia calamansanai","1-9.9cm",200,"2022-10-19","Philippines","211","Y0","Plot No. 002","Restoration","Permanent",0,"Trees were planted with 2m by 3m spacing",0,226156574
"Present","Prunus avium",">10cm",1,"2022-10-04",NA,"Chantilly-51-8","Y0","7","Restoration","Permanent",0,"Idem point précède",0,190956437
"Present","Acer campestre","1-9.9cm",100,"2022-10-04",NA,"Chantilly-51-8","Y0","7","Restoration","Permanent",0,"Idem point précède",0,190956437
"Present","Acer pseudoplatanus","1-9.9cm",100,"2022-10-04",NA,"Chantilly-51-8","Y0","7","Restoration","Permanent",0,"Idem point précède",0,190956437
"naturally_regenerating","Acer campestris","1-9.9cm",300,"2022-10-04",NA,"Chantilly-51-1","Y0","1","Restoration","Permanent",0,"2m entre plantes x 5M entre lignes",0,189725199
"Present","Acer pseudoplatanus",">10cm",12,"2022-10-04",NA,"Chantilly-51-3","Y0","3","Restoration","Permanent",0,"Cette parcelle est dans un îlot qui n'a été pas touché' dont pas de plantation",0,190956247
"Present","Carpinus betulus",">10cm",4,"2022-10-04",NA,"Chantilly-51-3","Y0","3","Restoration","Permanent",0,"Cette parcelle est dans un îlot qui n'a été pas touché' dont pas de plantation",0,190956247
"Present","Fagus silvatica",">10cm",2,"2022-10-04",NA,"Chantilly-51-3","Y0","3","Restoration","Permanent",0,"Cette parcelle est dans un îlot qui n'a été pas touché' dont pas de plantation",0,190956247
"Present","Quercus",">10cm",1,"2022-10-04",NA,"Chantilly-51-3","Y0","3","Restoration","Permanent",0,"Cette parcelle est dans un îlot qui n'a été pas touché' dont pas de plantation",0,190956247
"Present","Talia cordata",">10cm",3,"2022-10-04",NA,"Chantilly-51-3","Y0","3","Restoration","Permanent",0,"Cette parcelle est dans un îlot qui n'a été pas touché' dont pas de plantation",0,190956247
"naturally_regenerating","Acer pseudoplatanus","1-9.9cm",600,"2022-10-04",NA,"Chantilly-51-3","Y0","3","Restoration","Permanent",0,"Cette parcelle est dans un îlot qui n'a été pas touché' dont pas de plantation",0,190956247
"naturally_regenerating","Carpinus betulus","1-9.9cm",300,"2022-10-04",NA,"Chantilly-51-3","Y0","3","Restoration","Permanent",0,"Cette parcelle est dans un îlot qui n'a été pas touché' dont pas de plantation",0,190956247
"naturally_regenerating","Prunus avium","1-9.9cm",200,"2022-10-04",NA,"Chantilly-51-3","Y0","3","Restoration","Permanent",0,"Cette parcelle est dans un îlot qui n'a été pas touché' dont pas de plantation",0,190956247
"naturally_regenerating","Quercus","1-9.9cm",100,"2022-10-04",NA,"Chantilly-51-3","Y0","3","Restoration","Permanent",0,"Cette parcelle est dans un îlot qui n'a été pas touché' dont pas de plantation",0,190956247
"Present","Artocarpus blancoi","<1cm",900,"2022-07-12","Philippines","211","Y0","Plot No. 03","Control",NA,NA,NA,NA,221706815
"Present","Canarium asperum","<1cm",900,"2022-07-12","Philippines","211","Y0","Plot No. 03","Control",NA,NA,NA,NA,221706815
"Present","Dimorphocalyx luzoniensis","<1cm",900,"2022-07-12","Philippines","211","Y0","Plot No. 03","Control",NA,NA,NA,NA,221706815
"Present","Diospyros blancoi","<1cm",900,"2022-07-12","Philippines","211","Y0","Plot No. 03","Control",NA,NA,NA,NA,221706815
"Present","Koordersiodendron pinnatum","<1cm",900,"2022-07-12","Philippines","211","Y0","Plot No. 03","Control",NA,NA,NA,NA,221706815
"Present","Pterospermum diversifolium Blume","<1cm",900,"2022-07-12","Philippines","211","Y0","Plot No. 03","Control",NA,NA,NA,NA,221706815
"Present","Sandoricum vidalii","<1cm",900,"2022-07-12","Philippines","211","Y0","Plot No. 03","Control",NA,NA,NA,NA,221706815
"Present","Sapium luzonicum","<1cm",900,"2022-07-12","Philippines","211","Y0","Plot No. 03","Control",NA,NA,NA,NA,221706815
"Present","Atuna racemosa",">10cm",4,"2022-07-12","Philippines","211","Y0","Plot No. 03","Control",NA,NA,NA,NA,221706815
"Present","Beilschmedia glomerata",">10cm",1,"2022-07-12","Philippines","211","Y0","Plot No. 03","Control",NA,NA,NA,NA,221706815
"Present","Calophyllum blancoi Pl. & Tr.",">10cm",1,"2022-07-12","Philippines","211","Y0","Plot No. 03","Control",NA,NA,NA,NA,221706815
"Present","Dipterocarpus grandiflorus",">10cm",3,"2022-07-12","Philippines","211","Y0","Plot No. 03","Control",NA,NA,NA,NA,221706815
"Present","Goniocheton arborescens",">10cm",2,"2022-07-12","Philippines","211","Y0","Plot No. 03","Control",NA,NA,NA,NA,221706815
"Present","Mitrephora lanotan",">10cm",1,"2022-07-12","Philippines","211","Y0","Plot No. 03","Control",NA,NA,NA,NA,221706815
"Present","Myristica philippinensis",">10cm",1,"2022-07-12","Philippines","211","Y0","Plot No. 03","Control",NA,NA,NA,NA,221706815
"Present","Nephelium rambutan",">10cm",1,"2022-07-12","Philippines","211","Y0","Plot No. 03","Control",NA,NA,NA,NA,221706815
"Present","Pometia pinnata",">10cm",4,"2022-07-12","Philippines","211","Y0","Plot No. 03","Control",NA,NA,NA,NA,221706815
"Present","Sapium luzonicum",">10cm",1,"2022-07-12","Philippines","211","Y0","Plot No. 03","Control",NA,NA,NA,NA,221706815
"Present","Syzygium antisepticum",">10cm",1,"2022-07-12","Philippines","211","Y0","Plot No. 03","Control",NA,NA,NA,NA,221706815
"Present","Terminalia calamansanai",">10cm",1,"2022-07-12","Philippines","211","Y0","Plot No. 03","Control",NA,NA,NA,NA,221706815
"Present","Toona calantas",">10cm",1,"2022-07-12","Philippines","211","Y0","Plot No. 03","Control",NA,NA,NA,NA,221706815
"Present","Tritaxis malayana",">10cm",1,"2022-07-12","Philippines","211","Y0","Plot No. 03","Control",NA,NA,NA,NA,221706815
"Present","Aglaia luzoniensis","1-9.9cm",100,"2022-07-12","Philippines","211","Y0","Plot No. 03","Control",NA,NA,NA,NA,221706815
"Present","Neonauclea formicaria","1-9.9cm",100,"2022-07-12","Philippines","211","Y0","Plot No. 03","Control",NA,NA,NA,NA,221706815
"Present","Tritaxis malayana","1-9.9cm",300,"2022-07-12","Philippines","211","Y0","Plot No. 03","Control",NA,NA,NA,NA,221706815
"Present","Alangium javanicum","<1cm",900,"2022-10-20","Philippines","211","Y0","Plot No. 003","Restoration","Permanent",0,"Trees were planted with a 3m by 2m spacing",0,228208377
"Present","Pouteria villamilii","<1cm",900,"2022-10-20","Philippines","211","Y0","Plot No. 003","Restoration","Permanent",0,"Trees were planted with a 3m by 2m spacing",0,228208377
"naturally_regenerating","Swietenia foxworthyi","<1cm",900,"2022-10-20","Philippines","211","Y0","Plot No. 003","Restoration","Permanent",0,"Trees were planted with a 3m by 2m spacing",0,228208377
"Present","Alstonia scholaris (L.)",">10cm",1,"2022-10-20","Philippines","211","Y0","Plot No. 003","Restoration","Permanent",0,"Trees were planted with a 3m by 2m spacing",0,228208377
"Present","Artocarpus anisophyllus Miq.",">10cm",1,"2022-10-20","Philippines","211","Y0","Plot No. 003","Restoration","Permanent",0,"Trees were planted with a 3m by 2m spacing",0,228208377
"Present","Dipterocarpus grandiflorus",">10cm",1,"2022-10-20","Philippines","211","Y0","Plot No. 003","Restoration","Permanent",0,"Trees were planted with a 3m by 2m spacing",0,228208377
"Present","Intsia bijuga",">10cm",1,"2022-10-20","Philippines","211","Y0","Plot No. 003","Restoration","Permanent",0,"Trees were planted with a 3m by 2m spacing",0,228208377
"Present","Mitrephora lanotan",">10cm",1,"2022-10-20","Philippines","211","Y0","Plot No. 003","Restoration","Permanent",0,"Trees were planted with a 3m by 2m spacing",0,228208377
"Present","Terminalia calamansanai",">10cm",1,"2022-10-20","Philippines","211","Y0","Plot No. 003","Restoration","Permanent",0,"Trees were planted with a 3m by 2m spacing",0,228208377
"Present","Alangium javanicum","1-9.9cm",200,"2022-10-20","Philippines","211","Y0","Plot No. 003","Restoration","Permanent",0,"Trees were planted with a 3m by 2m spacing",0,228208377
"Present","Terminalia calamansanai","1-9.9cm",200,"2022-10-20","Philippines","211","Y0","Plot No. 003","Restoration","Permanent",0,"Trees were planted with a 3m by 2m spacing",0,228208377
"Present","Vitex Sp.","1-9.9cm",100,"2022-10-20","Philippines","211","Y0","Plot No. 003","Restoration","Permanent",0,"Trees were planted with a 3m by 2m spacing",0,228208377
"Present","Alangium javanicum","<1cm",900,"2022-09-19","Philippines","211","Y0","Plot No. 001","Restoration","Permanent",0,"Trees were planted with a 3m by 2m spacing",0,226154755
"naturally_regenerating","Drypetes grandifolia","<1cm",900,"2022-09-19","Philippines","211","Y0","Plot No. 001","Restoration","Permanent",0,"Trees were planted with a 3m by 2m spacing",0,226154755
"Present","Ficus septica","<1cm",900,"2022-09-19","Philippines","211","Y0","Plot No. 001","Restoration","Permanent",0,"Trees were planted with a 3m by 2m spacing",0,226154755
"Present","Macaranga tanarius","<1cm",900,"2022-09-19","Philippines","211","Y0","Plot No. 001","Restoration","Permanent",0,"Trees were planted with a 3m by 2m spacing",0,226154755
"Present","Alangium javanicum","1-9.9cm",300,"2022-09-19","Philippines","211","Y0","Plot No. 001","Restoration","Permanent",0,"Trees were planted with a 3m by 2m spacing",0,226154755
"Present","Alstonia scholaris (L.)","1-9.9cm",100,"2022-09-19","Philippines","211","Y0","Plot No. 001","Restoration","Permanent",0,"Trees were planted with a 3m by 2m spacing",0,226154755
"Present","Artocarpus blancoi  (Elmer) Merr.","1-9.9cm",500,"2022-09-19","Philippines","211","Y0","Plot No. 001","Restoration","Permanent",0,"Trees were planted with a 3m by 2m spacing",0,226154755
"Present","Canarium asperum","1-9.9cm",200,"2022-09-19","Philippines","211","Y0","Plot No. 001","Restoration","Permanent",0,"Trees were planted with a 3m by 2m spacing",0,226154755
"Present","Ficus nota","1-9.9cm",200,"2022-09-19","Philippines","211","Y0","Plot No. 001","Restoration","Permanent",0,"Trees were planted with a 3m by 2m spacing",0,226154755
"Present","Intsia bijuga","1-9.9cm",300,"2022-09-19","Philippines","211","Y0","Plot No. 001","Restoration","Permanent",0,"Trees were planted with a 3m by 2m spacing",0,226154755
"Present","Myristica philippinensis","1-9.9cm",200,"2022-09-19","Philippines","211","Y0","Plot No. 001","Restoration","Permanent",0,"Trees were planted with a 3m by 2m spacing",0,226154755
"Present","Pometia pinnata","1-9.9cm",100,"2022-09-19","Philippines","211","Y0","Plot No. 001","Restoration","Permanent",0,"Trees were planted with a 3m by 2m spacing",0,226154755
"Present","Terminalia calamansanai","1-9.9cm",100,"2022-09-19","Philippines","211","Y0","Plot No. 001","Restoration","Permanent",0,"Trees were planted with a 3m by 2m spacing",0,226154755
"Present","Alangium javanicum","<1cm",900,"2022-07-21","Philippines","211","Y0","Control 01","Control",NA,NA,NA,0,221702505
"Present","Neonauclea formicaria","<1cm",900,"2022-07-21","Philippines","211","Y0","Control 01","Control",NA,NA,NA,0,221702505
"Present","Swietenia foxworthyi","<1cm",900,"2022-07-21","Philippines","211","Y0","Control 01","Control",NA,NA,NA,0,221702505
"Present","Syzygium xanthophyllum","<1cm",900,"2022-07-21","Philippines","211","Y0","Control 01","Control",NA,NA,NA,0,221702505
"Present","Alangium javanicum",">10cm",3,"2022-07-21","Philippines","211","Y0","Control 01","Control",NA,NA,NA,0,221702505
"Present","Dysoxylum cumingianum",">10cm",3,"2022-07-21","Philippines","211","Y0","Control 01","Control",NA,NA,NA,0,221702505
"Present","Kokoona ochracea",">10cm",1,"2022-07-21","Philippines","211","Y0","Control 01","Control",NA,NA,NA,0,221702505
"Present","Mitrephora lanotan",">10cm",1,"2022-07-21","Philippines","211","Y0","Control 01","Control",NA,NA,NA,0,221702505
"Present","Myristica philippinensis",">10cm",1,"2022-07-21","Philippines","211","Y0","Control 01","Control",NA,NA,NA,0,221702505
"Present","Neonauclea formicaria",">10cm",8,"2022-07-21","Philippines","211","Y0","Control 01","Control",NA,NA,NA,0,221702505
"Present","Palaquium luzoniense",">10cm",3,"2022-07-21","Philippines","211","Y0","Control 01","Control",NA,NA,NA,0,221702505
"Present","Swietenia foxworthyi",">10cm",1,"2022-07-21","Philippines","211","Y0","Control 01","Control",NA,NA,NA,0,221702505
"Present","Azadirachta excelsa","1-9.9cm",200,"2022-07-21","Philippines","211","Y0","Control 01","Control",NA,NA,NA,0,221702505
"Present","Terminalia microcarpa","1-9.9cm",100,"2022-07-21","Philippines","211","Y0","Control 01","Control",NA,NA,NA,0,221702505
"Present","Alangium javanicum","<1cm",900,"2022-08-19","Philippines","211","Y0","Plot No.05","Control",NA,NA,NA,0,221732781
"Present","Diospyros pyrrhocarpa","<1cm",900,"2022-08-19","Philippines","211","Y0","Plot No.05","Control",NA,NA,NA,0,221732781
"Present","Leucosyke capitellata","<1cm",900,"2022-08-19","Philippines","211","Y0","Plot No.05","Control",NA,NA,NA,0,221732781
"Present","Macaranga tanarius","<1cm",900,"2022-08-19","Philippines","211","Y0","Plot No.05","Control",NA,NA,NA,0,221732781
"Present","Mussaenda philippica","<1cm",900,"2022-08-19","Philippines","211","Y0","Plot No.05","Control",NA,NA,NA,0,221732781
"Present","Terminalia calamansanai","<1cm",900,"2022-08-19","Philippines","211","Y0","Plot No.05","Control",NA,NA,NA,0,221732781
"Present","Alangium javanicum",">10cm",1,"2022-08-19","Philippines","211","Y0","Plot No.05","Control",NA,NA,NA,0,221732781
"Present","Artocarpus anisophyllus Miq.",">10cm",1,"2022-08-19","Philippines","211","Y0","Plot No.05","Control",NA,NA,NA,0,221732781
"Present","Beilschmedia glomerata",">10cm",1,"2022-08-19","Philippines","211","Y0","Plot No.05","Control",NA,NA,NA,0,221732781
"Present","Dehaasia triandra",">10cm",3,"2022-08-19","Philippines","211","Y0","Plot No.05","Control",NA,NA,NA,0,221732781
"Present","Dimorphocalyx luzoniensis",">10cm",1,"2022-08-19","Philippines","211","Y0","Plot No.05","Control",NA,NA,NA,0,221732781
"Present","Neonauclea formicaria",">10cm",1,"2022-08-19","Philippines","211","Y0","Plot No.05","Control",NA,NA,NA,0,221732781
"Present","Pangium edule",">10cm",1,"2022-08-19","Philippines","211","Y0","Plot No.05","Control",NA,NA,NA,0,221732781
"Present","Pometia pinnata",">10cm",1,"2022-08-19","Philippines","211","Y0","Plot No.05","Control",NA,NA,NA,0,221732781
"Present","Sapium luzonicum",">10cm",1,"2022-08-19","Philippines","211","Y0","Plot No.05","Control",NA,NA,NA,0,221732781
"Present","Swintonia foxworthyi",">10cm",1,"2022-08-19","Philippines","211","Y0","Plot No.05","Control",NA,NA,NA,0,221732781
"Present","Syzygium nervosum",">10cm",1,"2022-08-19","Philippines","211","Y0","Plot No.05","Control",NA,NA,NA,0,221732781
"Present","Terminalia nitens C.Presl",">10cm",1,"2022-08-19","Philippines","211","Y0","Plot No.05","Control",NA,NA,NA,0,221732781
"Present","Alangium javanicum","1-9.9cm",300,"2022-08-19","Philippines","211","Y0","Plot No.05","Control",NA,NA,NA,0,221732781
"Present","Artocarpus ovatus","1-9.9cm",100,"2022-08-19","Philippines","211","Y0","Plot No.05","Control",NA,NA,NA,0,221732781
"Present","Drypetes grandifolia","1-9.9cm",100,"2022-08-19","Philippines","211","Y0","Plot No.05","Control",NA,NA,NA,0,221732781
"Present","Macaranga tanarius","1-9.9cm",100,"2022-08-19","Philippines","211","Y0","Plot No.05","Control",NA,NA,NA,0,221732781
"Present","Albizia gummifera",">10cm",0.333333333333333,"2023-03-27","Madagascar","S0025","Y0","S0025CP01","Control",NA,NA,NA,2,232555069
"Present","Cnestis polyphylla",">10cm",0.666666666666667,"2023-03-27","Madagascar","S0025","Y0","S0025CP01","Control",NA,NA,NA,2,232555069
"Present","Albizia gummifera",">10cm",0.333333333333333,"2023-03-23","Madagascar","S0016","Y0","ATKC003","Control",NA,NA,NA,2,227316281
"Present","Eucalyptus",">10cm",0.333333333333333,"2023-03-23","Madagascar","S0016","Y0","ATKC003","Control",NA,NA,NA,2,227316281
"Present","Perymenium grande","<1cm",1800,"2023-03-28","Mexico","295","Y0","295-11","Restoration","Permanent",0,"3 m por 3 m",0,229325338
"Present","Cedrela odorate",">10cm",4,"2023-03-28","Mexico","295","Y0","295-11","Restoration","Permanent",0,"3 m por 3 m",0,229325338
"Present","Enterolobium ciclocarpum",">10cm",2,"2023-03-28","Mexico","295","Y0","295-11","Restoration","Permanent",0,"3 m por 3 m",0,229325338
"Present","Heamatoxylum campechianum",">10cm",1,"2023-03-28","Mexico","295","Y0","295-11","Restoration","Permanent",0,"3 m por 3 m",0,229325338
"Present","Perymenium grande",">10cm",2,"2023-03-28","Mexico","295","Y0","295-11","Restoration","Permanent",0,"3 m por 3 m",0,229325338
"Present","Quercus rugosa",">10cm",15,"2023-03-28","Mexico","295","Y0","295-11","Restoration","Permanent",0,"3 m por 3 m",0,229325338
"Present","Spondia mombin",">10cm",3,"2023-03-28","Mexico","295","Y0","295-11","Restoration","Permanent",0,"3 m por 3 m",0,229325338
"Present","Spondias mombin",">10cm",1,"2023-03-28","Mexico","295","Y0","295-11","Restoration","Permanent",0,"3 m por 3 m",0,229325338
"Present","Alicia niopides","1-9.9cm",100,"2023-03-28","Mexico","295","Y0","295-11","Restoration","Permanent",0,"3 m por 3 m",0,229325338
"Present","Malpighia glabra","1-9.9cm",100,"2023-03-28","Mexico","295","Y0","295-11","Restoration","Permanent",0,"3 m por 3 m",0,229325338
"Present","Anonacea",">10cm",1,"2023-03-31","Brazil","#40 - TEST","Y0","Parcela 1","Restoration","Permanent",0,"3x2",1,229844564
"Present","Folha composta",">10cm",2,"2023-03-31","Brazil","#40 - TEST","Y0","Parcela 1","Restoration","Permanent",0,"3x2",1,229844564
"Present","Manga",">10cm",2,"2023-03-31","Brazil","#40 - TEST","Y0","Parcela 1","Restoration","Permanent",0,"3x2",1,229844564
"planted","Fedegoso","1-9.9cm",50,"2023-03-31","Brazil","#40 - TEST","Y0","Parcela 1","Restoration","Permanent",0,"3x2",1,229844564
"planted","Ipê amarelo mirim","1-9.9cm",50,"2023-03-31","Brazil","#40 - TEST","Y0","Parcela 1","Restoration","Permanent",0,"3x2",1,229844564
"Present","Buchanania arborescens","<1cm",900,"2022-07-22","Philippines","211","Y0","Plot No. 04","Control",NA,NA,NA,0,221722552
"Present","Dipterocarpus grandiflorus","<1cm",900,"2022-07-22","Philippines","211","Y0","Plot No. 04","Control",NA,NA,NA,0,221722552
"Present","Swietenia foxworthyi","<1cm",900,"2022-07-22","Philippines","211","Y0","Plot No. 04","Control",NA,NA,NA,0,221722552
"Present","Tristanosis decortecata","<1cm",900,"2022-07-22","Philippines","211","Y0","Plot No. 04","Control",NA,NA,NA,0,221722552
"Present","Artocarpus blancoi","1-9.9cm",100,"2022-07-22","Philippines","211","Y0","Plot No. 04","Control",NA,NA,NA,0,221722552
"Present","Garcinia forbesii","1-9.9cm",100,"2022-07-22","Philippines","211","Y0","Plot No. 04","Control",NA,NA,NA,0,221722552
"Present","Mussaenda philippica","1-9.9cm",100,"2022-07-22","Philippines","211","Y0","Plot No. 04","Control",NA,NA,NA,0,221722552
"Present","Cecropia peltata",">10cm",2.5,"2022-11-18",NA,"550","Y0","550-2","Restoration","Permanent",1,"2.5 m  por 2.5 m",0,224763824
"Present","Cedrela odorata L.",">10cm",0.5,"2022-11-18",NA,"550","Y0","550-2","Restoration","Permanent",1,"2.5 m  por 2.5 m",0,224763824
"Present","Crescentia alata",">10cm",1.5,"2022-11-18",NA,"550","Y0","550-2","Restoration","Permanent",1,"2.5 m  por 2.5 m",0,224763824
"Present","Dracaena fragrans",">10cm",0.5,"2022-11-18",NA,"550","Y0","550-2","Restoration","Permanent",1,"2.5 m  por 2.5 m",0,224763824
"Present","Gliricidia sepium",">10cm",0.5,"2022-11-18",NA,"550","Y0","550-2","Restoration","Permanent",1,"2.5 m  por 2.5 m",0,224763824
"Present","Inga spuria",">10cm",1,"2022-11-18",NA,"550","Y0","550-2","Restoration","Permanent",1,"2.5 m  por 2.5 m",0,224763824
"Present","Juglans  regia",">10cm",0.5,"2022-11-18",NA,"550","Y0","550-2","Restoration","Permanent",1,"2.5 m  por 2.5 m",0,224763824
"Present","Mameyito",">10cm",1.5,"2022-11-18",NA,"550","Y0","550-2","Restoration","Permanent",1,"2.5 m  por 2.5 m",0,224763824
"Present","Persea caerulea",">10cm",1.5,"2022-11-18",NA,"550","Y0","550-2","Restoration","Permanent",1,"2.5 m  por 2.5 m",0,224763824
"Present","Taxus baccata",">10cm",0.5,"2022-11-18",NA,"550","Y0","550-2","Restoration","Permanent",1,"2.5 m  por 2.5 m",0,224763824
"Present","Lambinana (nom scientifique ?)","<1cm",900,"2023-03-23","Madagascar","S0018","Y0","ATKC005","Control",NA,NA,NA,2,227317741
"don_t_know","Autre espèce",">10cm",0.333333333333333,"2023-03-23","Madagascar","S0018","Y0","ATKC005","Control",NA,NA,NA,2,227317741
"Present","Lambinana ( nom scientifique??)",">10cm",0.666666666666667,"2023-03-23","Madagascar","S0018","Y0","ATKC005","Control",NA,NA,NA,2,227317741
"Present","Avicenna Marina (<1 DBH)",">10cm",0,"2022-11-26","UAE","488","Y0","R3","Restoration","Permanent",0,"Zig zag 50cm apart and 50cm from the existing mangroves (upper and lower). In areas where further inland areas are inundated, a further line of mangroves are planted",0,206440717
"Present","Avicenna Marina (>9.9cm DBH)",">10cm",0,"2022-11-26","UAE","488","Y0","R3","Restoration","Permanent",0,"Zig zag 50cm apart and 50cm from the existing mangroves (upper and lower). In areas where further inland areas are inundated, a further line of mangroves are planted",0,206440717
"Present","Avicenna Marina (1-9.9cm DBH)",">10cm",90,"2022-11-26","UAE","488","Y0","R3","Restoration","Permanent",0,"Zig zag 50cm apart and 50cm from the existing mangroves (upper and lower). In areas where further inland areas are inundated, a further line of mangroves are planted",0,206440717
"Present","Avicenna Marina","1-9.9cm",200,"2022-11-26","UAE","488","Y0","R3","Restoration","Permanent",0,"Zig zag 50cm apart and 50cm from the existing mangroves (upper and lower). In areas where further inland areas are inundated, a further line of mangroves are planted",0,206440717
"Present","Avicenna Marina",">10cm",46,"2022-11-26","UAE","488","Y0","R1","Restoration","Permanent",0,"50cm above and below existing mangrove line in a zig zag formation. In areas where soils get inundated further inland, a further row of mangroves are planted in a 50cm pattern above the upper line of mangroves",0,206438443
"Present","Avicenna Marina","1-9.9cm",300,"2022-11-26","UAE","488","Y0","R1","Restoration","Permanent",0,"50cm above and below existing mangrove line in a zig zag formation. In areas where soils get inundated further inland, a further row of mangroves are planted in a 50cm pattern above the upper line of mangroves",0,206438443
"Present","Avicennia marina (<130cm)",">10cm",48,"2022-11-30","UAE","489","Y0","R6","Restoration","Permanent",0,"Zig-Zag - 50cm above and below the existing line of mangroves (where present). 50cm between each mangrove, between 4-6 rows",0,209227370
"Present","Avicennia marina","1-9.9cm",1200,"2022-11-30","UAE","489","Y0","R6","Restoration","Permanent",0,"Zig-Zag - 50cm above and below the existing line of mangroves (where present). 50cm between each mangrove, between 4-6 rows",0,209227370
"Present","Avicennia marina (130-250cm)",">10cm",9,"2022-11-26","UAE","488","Y0","C1","Control",NA,NA,NA,0,209222202
"Present","Avicennia marina","1-9.9cm",300,"2022-11-26","UAE","488","Y0","C1","Control",NA,NA,NA,0,209222202
"Present","Avicennia marina (<130cm)",">10cm",15,"2022-11-30","UAE","489","Y0","C2","Control",NA,NA,NA,0,209230939
"Present","Avicennia marina (<130cm)","1-9.9cm",700,"2022-11-30","UAE","489","Y0","C2","Control",NA,NA,NA,0,209230939
"Present","Azadirachta indica",">10cm",2,"2023-03-16","India","Rr","Y0","T5","Restoration","Permanent",0,"1.5x1.5m",0,225428768
"planted","Tectona grandis","1-9.9cm",200,"2023-03-16","India","Rr","Y0","T5","Restoration","Permanent",0,"1.5x1.5m",0,225428768
"Present","Betula pendula",">10cm",10,"2022-10-04",NA,"Chantilly-255-20","Y0","20","Restoration","Permanent",0,"Same as 16",0,190956010
"Present","Quercus",">10cm",1,"2022-10-04",NA,"Chantilly-255-20","Y0","20","Restoration","Permanent",0,"Same as 16",0,190956010
"naturally_regenerating","Carpinus betulus","1-9.9cm",200,"2022-10-04",NA,"Chantilly-255-20","Y0","20","Restoration","Permanent",0,"Same as 16",0,190956010
"naturally_regenerating","Quercus","1-9.9cm",300,"2022-10-04",NA,"Chantilly-255-20","Y0","20","Restoration","Permanent",0,"Same as 16",0,190956010
"naturally_regenerating","Talia cordata","1-9.9cm",200,"2022-10-04",NA,"Chantilly-255-20","Y0","20","Restoration","Permanent",0,"Same as 16",0,190956010
"Present","Betula sp",">10cm",1,"2022-10-04",NA,"Chantilly-255-26","Y0","26","Restoration","Permanent",0,"Same as 16",0,190956170
"Present","Pinus sp",">10cm",2,"2022-10-04",NA,"Chantilly-255-26","Y0","26","Restoration","Permanent",0,"Same as 16",0,190956170
"naturally_regenerating","Carpinus","1-9.9cm",200,"2022-10-04",NA,"Chantilly-255-26","Y0","26","Restoration","Permanent",0,"Same as 16",0,190956170
"naturally_regenerating","Populus sp","1-9.9cm",200,"2022-10-04",NA,"Chantilly-255-26","Y0","26","Restoration","Permanent",0,"Same as 16",0,190956170
"Present","Betula sp",">10cm",3,"2022-10-04",NA,"Chantilly-255-24","Y0","24","Restoration","Permanent",0,"Same as 16",0,190956088
"Present","Carpinus betulus",">10cm",6,"2022-10-04",NA,"Chantilly-255-24","Y0","24","Restoration","Permanent",0,"Same as 16",0,190956088
"Present","Quercus",">10cm",1,"2022-10-04",NA,"Chantilly-255-24","Y0","24","Restoration","Permanent",0,"Same as 16",0,190956088
"naturally_regenerating","Carpinus betulus","1-9.9cm",400,"2022-10-04",NA,"Chantilly-255-24","Y0","24","Restoration","Permanent",0,"Same as 16",0,190956088
"Present","Brachylaena perrieri",">10cm",0.666666666666667,"2023-03-27","Madagascar","S0036","Y0","S0036CP01","Control",NA,NA,NA,2,232554472
"Present","Brachylaena perrieri",">10cm",0.333333333333333,"2023-03-25","Madagascar","S0049","Y0","S0049CP01","Control",NA,NA,NA,2,232554131
"Present","Eucalyptus",">10cm",0.333333333333333,"2023-03-25","Madagascar","S0049","Y0","S0049CP01","Control",NA,NA,NA,2,232554131
"Present","Brosimum alicastrum","<1cm",900,"2023-03-10","Mexico","295","Y0","295-1","Restoration","Permanent",0,"3 m por 3m",0,229302062
"Present","Bursera copallifera",">10cm",1,"2023-03-10","Mexico","295","Y0","295-1","Restoration","Permanent",0,"3 m por 3m",0,229302062
"Present","Bursera simaruba",">10cm",8,"2023-03-10","Mexico","295","Y0","295-1","Restoration","Permanent",0,"3 m por 3m",0,229302062
"Present","Cedrela odorata",">10cm",4,"2023-03-10","Mexico","295","Y0","295-1","Restoration","Permanent",0,"3 m por 3m",0,229302062
"Present","Cochlospermum vitifolium",">10cm",1,"2023-03-10","Mexico","295","Y0","295-1","Restoration","Permanent",0,"3 m por 3m",0,229302062
"Present","Heamatoxylum campechianum",">10cm",1,"2023-03-10","Mexico","295","Y0","295-1","Restoration","Permanent",0,"3 m por 3m",0,229302062
"Present","Brosimum alicastrum","1-9.9cm",100,"2023-03-10","Mexico","295","Y0","295-1","Restoration","Permanent",0,"3 m por 3m",0,229302062
"Present","Bursera simaruba",">10cm",2,"2023-03-10","Mexico","295","Y0","295_2","Restoration","Permanent",0,"3 m por 3 m",0,229302073
"Present","Chysophyllum cainito",">10cm",1,"2023-03-10","Mexico","295","Y0","295_2","Restoration","Permanent",0,"3 m por 3 m",0,229302073
"Present","Conostegia xalaprnsis",">10cm",2,"2023-03-10","Mexico","295","Y0","295_2","Restoration","Permanent",0,"3 m por 3 m",0,229302073
"Present","Enterolobium cuclocarpum",">10cm",1,"2023-03-10","Mexico","295","Y0","295_2","Restoration","Permanent",0,"3 m por 3 m",0,229302073
"Present","Leucaena leucocephala",">10cm",1,"2023-03-10","Mexico","295","Y0","295_2","Restoration","Permanent",0,"3 m por 3 m",0,229302073
"Present","Presea cuerulea",">10cm",1,"2023-03-10","Mexico","295","Y0","295_2","Restoration","Permanent",0,"3 m por 3 m",0,229302073
"Present","Quercus rugosa nee",">10cm",3,"2023-03-10","Mexico","295","Y0","295_2","Restoration","Permanent",0,"3 m por 3 m",0,229302073
"Present","Ulmus mexicana",">10cm",1,"2023-03-10","Mexico","295","Y0","295_2","Restoration","Permanent",0,"3 m por 3 m",0,229302073
"Present","Brosimum alicastrum","1-9.9cm",200,"2023-03-10","Mexico","295","Y0","295_2","Restoration","Permanent",0,"3 m por 3 m",0,229302073
"Present","Malpighia glabra","1-9.9cm",100,"2023-03-10","Mexico","295","Y0","295_2","Restoration","Permanent",0,"3 m por 3 m",0,229302073
"Present","Persea caerulea","1-9.9cm",100,"2023-03-10","Mexico","295","Y0","295_2","Restoration","Permanent",0,"3 m por 3 m",0,229302073
"Present","Brysonima crassifolia",">10cm",2,"2023-03-28","Mexico","Si","Y0","295-3","Restoration","Permanent",0,"3 por 3 metros",0,229302368
"Present","Pinus oocarpa",">10cm",2,"2023-03-28","Mexico","Si","Y0","295-3","Restoration","Permanent",0,"3 por 3 metros",0,229302368
"Present","Quercus rugosa nee",">10cm",11,"2023-03-28","Mexico","Si","Y0","295-3","Restoration","Permanent",0,"3 por 3 metros",0,229302368
"Present","Quercus rugosa nee","1-9.9cm",200,"2023-03-28","Mexico","Si","Y0","295-3","Restoration","Permanent",0,"3 por 3 metros",0,229302368
"Present","Brysonima crassifolia",">10cm",1,"2023-03-29","Mexico","295","Y0","295-24","Restoration","Permanent",0,"3 m por 3 m",0,229327138
"Present","Pinus oocarpa",">10cm",6,"2023-03-29","Mexico","295","Y0","295-24","Restoration","Permanent",0,"3 m por 3 m",0,229327138
"Present","Quercus rugosa",">10cm",12,"2023-03-29","Mexico","295","Y0","295-24","Restoration","Permanent",0,"3 m por 3 m",0,229327138
"Present","Quercus rugosa nee","<1cm",1800,"2023-03-28","Mexico","295","Y0","295-4","Restoration","Permanent",0,"3 por 3 metros",0,229302428
"Present","Brysonima crassifolia",">10cm",1,"2023-03-28","Mexico","295","Y0","295-4","Restoration","Permanent",0,"3 por 3 metros",0,229302428
"Present","Pinus oocarpa",">10cm",2,"2023-03-28","Mexico","295","Y0","295-4","Restoration","Permanent",0,"3 por 3 metros",0,229302428
"Present","Quercus rugosa nee",">10cm",22,"2023-03-28","Mexico","295","Y0","295-4","Restoration","Permanent",0,"3 por 3 metros",0,229302428
"Present","Quercus rugosa nee","1-9.9cm",300,"2023-03-28","Mexico","295","Y0","295-4","Restoration","Permanent",0,"3 por 3 metros",0,229302428
"Present","Cedrela odorata","<1cm",900,"2023-03-29","Mexico","295","Y0","295-25","Restoration","Permanent",0,"3 por 3 metros",0,229322068
"Present","Bursera copallifera",">10cm",1,"2023-03-29","Mexico","295","Y0","295-25","Restoration","Permanent",0,"3 por 3 metros",0,229322068
"Present","Bursera simaruba",">10cm",6,"2023-03-29","Mexico","295","Y0","295-25","Restoration","Permanent",0,"3 por 3 metros",0,229322068
"Present","Ceiba pentandra",">10cm",1,"2023-03-29","Mexico","295","Y0","295-25","Restoration","Permanent",0,"3 por 3 metros",0,229322068
"Present","Cochlospermum vitifolium",">10cm",2,"2023-03-29","Mexico","295","Y0","295-25","Restoration","Permanent",0,"3 por 3 metros",0,229322068
"Present","Erythrina coralloides",">10cm",5,"2023-03-29","Mexico","295","Y0","295-25","Restoration","Permanent",0,"3 por 3 metros",0,229322068
"Present","Heamatoxylum campechianum",">10cm",2,"2023-03-29","Mexico","295","Y0","295-25","Restoration","Permanent",0,"3 por 3 metros",0,229322068
"Present","Lonchocarpus rugosus",">10cm",1,"2023-03-29","Mexico","295","Y0","295-25","Restoration","Permanent",0,"3 por 3 metros",0,229322068
"Present","Quercus rugosa nee",">10cm",10,"2023-03-29","Mexico","295","Y0","295-25","Restoration","Permanent",0,"3 por 3 metros",0,229322068
"Present","Bursera simaruba","1-9.9cm",100,"2023-03-29","Mexico","295","Y0","295-25","Restoration","Permanent",0,"3 por 3 metros",0,229322068
"Present","Cedrela odorata","1-9.9cm",100,"2023-03-29","Mexico","295","Y0","295-25","Restoration","Permanent",0,"3 por 3 metros",0,229322068
"Present","Cochlospermum vitifolium","1-9.9cm",100,"2023-03-29","Mexico","295","Y0","295-25","Restoration","Permanent",0,"3 por 3 metros",0,229322068
"Present","Cedrela odorata","<1cm",1800,"2023-03-29","Mexico","295","Y0","295-26","Restoration","Permanent",0,"3 por 3 metros",0,229320694
"Present","Bursera simaruba",">10cm",4,"2023-03-29","Mexico","295","Y0","295-26","Restoration","Permanent",0,"3 por 3 metros",0,229320694
"Present","Cedrela odorata",">10cm",3,"2023-03-29","Mexico","295","Y0","295-26","Restoration","Permanent",0,"3 por 3 metros",0,229320694
"Present","Enterolobium cyclocarpum",">10cm",3,"2023-03-29","Mexico","295","Y0","295-26","Restoration","Permanent",0,"3 por 3 metros",0,229320694
"Present","Ficus petiolaris",">10cm",1,"2023-03-29","Mexico","295","Y0","295-26","Restoration","Permanent",0,"3 por 3 metros",0,229320694
"Present","Heamatoxylum campechianum",">10cm",1,"2023-03-29","Mexico","295","Y0","295-26","Restoration","Permanent",0,"3 por 3 metros",0,229320694
"Present","Quercus rugosa nee",">10cm",2,"2023-03-29","Mexico","295","Y0","295-26","Restoration","Permanent",0,"3 por 3 metros",0,229320694
"Present","Bursera simaruba","1-9.9cm",300,"2023-03-29","Mexico","295","Y0","295-26","Restoration","Permanent",0,"3 por 3 metros",0,229320694
"Present","Cedrela odorata","1-9.9cm",200,"2023-03-29","Mexico","295","Y0","295-26","Restoration","Permanent",0,"3 por 3 metros",0,229320694
"Present","Bursera simaruba","<1cm",1800,"2023-03-29","Mexico","295","Y0","295-19","Restoration","Permanent",0,"3 m por 3 m",0,229326727
"Present","Bursera simaruba",">10cm",12,"2023-03-29","Mexico","295","Y0","295-19","Restoration","Permanent",0,"3 m por 3 m",0,229326727
"Present","Cochlolospermun vitifolium",">10cm",4,"2023-03-29","Mexico","295","Y0","295-19","Restoration","Permanent",0,"3 m por 3 m",0,229326727
"Present","Guatemala ulmifolia",">10cm",3,"2023-03-29","Mexico","295","Y0","295-19","Restoration","Permanent",0,"3 m por 3 m",0,229326727
"Present","Heamatoxylum campechianum",">10cm",3,"2023-03-29","Mexico","295","Y0","295-19","Restoration","Permanent",0,"3 m por 3 m",0,229326727
"Present","Malpiguia glabra",">10cm",4,"2023-03-29","Mexico","295","Y0","295-19","Restoration","Permanent",0,"3 m por 3 m",0,229326727
"Present","Bursera simaruba","1-9.9cm",100,"2023-03-29","Mexico","295","Y0","295-19","Restoration","Permanent",0,"3 m por 3 m",0,229326727
"Present","Malpighia glabra","1-9.9cm",300,"2023-03-29","Mexico","295","Y0","295-19","Restoration","Permanent",0,"3 m por 3 m",0,229326727
"naturally_regenerating","Butea monosperma",">10cm",9,"2023-03-15","India","273B1P1","Y0","273B1P1","Control",NA,NA,NA,NA,225333314
"naturally_regenerating","Mangifera indica",">10cm",18,"2023-03-15","India","273B1P1","Y0","273B1P1","Control",NA,NA,NA,NA,225333314
"naturally_regenerating","Butea monosperma",">10cm",2,"2023-03-15","India","273B1P1","Y0","273B1P1","Restoration","Permanent",0,"Trees were planted with a 6 ft by 6 ft spacing",0,225333642
"planted","Butea monosperma","1-9.9cm",100,"2023-03-15","India","273B1P1","Y0","273B1P1","Restoration","Permanent",0,"Trees were planted with a 6 ft by 6 ft spacing",0,225333642
"planted","D melonoxylon","1-9.9cm",100,"2023-03-15","India","273B1P1","Y0","273B1P1","Restoration","Permanent",0,"Trees were planted with a 6 ft by 6 ft spacing",0,225333642
"Present","Cafe","1-9.9cm",100,"2023-04-13","Mexico","1281","Y0","1281-2","Restoration","Permanent",0,"3*2",0,232761648
"Present","Inga edulis",">10cm",1,"2023-02-21","Mexico","878","Y0","878-2","Restoration","Permanent",0,"3x4",0,228159634
"Present","Inga vera",">10cm",4,"2023-02-21","Mexico","878","Y0","878-2","Restoration","Permanent",0,"3x4",0,228159634
"Present","Vernonia patens",">10cm",5,"2023-02-21","Mexico","878","Y0","878-2","Restoration","Permanent",0,"3x4",0,228159634
"Present","Café","1-9.9cm",400,"2023-02-21","Mexico","878","Y0","878-2","Restoration","Permanent",0,"3x4",0,228159634
"Present","Inga edulis",">10cm",3,"2023-02-24","Mexico","350","Y0","350-1","Restoration","Permanent",0,"3x3",0,229426589
"Present","Inga vera",">10cm",7,"2023-02-24","Mexico","350","Y0","350-1","Restoration","Permanent",0,"3x3",0,229426589
"Present","Pronus solicifolia",">10cm",1,"2023-02-24","Mexico","350","Y0","350-1","Restoration","Permanent",0,"3x3",0,229426589
"Present","Vijao",">10cm",1,"2023-02-24","Mexico","350","Y0","350-1","Restoration","Permanent",0,"3x3",0,229426589
"Present","Caffea arabica","1-9.9cm",100,"2023-02-24","Mexico","350","Y0","350-1","Restoration","Permanent",0,"3x3",0,229426589
"Present","Diphysa americana",">10cm",1,"2023-02-22","Mexico","901","Y0","901-2","Restoration","Permanent",0,"3x3",0,229426361
"Present","Inga vera",">10cm",7,"2023-02-22","Mexico","901","Y0","901-2","Restoration","Permanent",0,"3x3",0,229426361
"Present","Psidium guajava",">10cm",1,"2023-02-22","Mexico","901","Y0","901-2","Restoration","Permanent",0,"3x3",0,229426361
"Present","Ternstroemia sylvatica",">10cm",1,"2023-02-22","Mexico","901","Y0","901-2","Restoration","Permanent",0,"3x3",0,229426361
"Present","Vernonia patens",">10cm",2,"2023-02-22","Mexico","901","Y0","901-2","Restoration","Permanent",0,"3x3",0,229426361
"Present","Caffea arabica","1-9.9cm",100,"2023-02-22","Mexico","901","Y0","901-2","Restoration","Permanent",0,"3x3",0,229426361
"Present","Cupressus lusitanica var lindleyi",">10cm",1,"2023-02-22","Mexico","901","Y0","901-3","Restoration","Permanent",0,"3x3",0,229426380
"Present","Inga vera",">10cm",2,"2023-02-22","Mexico","901","Y0","901-3","Restoration","Permanent",0,"3x3",0,229426380
"Present","Prunus salicifolia",">10cm",1,"2023-02-22","Mexico","901","Y0","901-3","Restoration","Permanent",0,"3x3",0,229426380
"Present","Vernonia patens",">10cm",6,"2023-02-22","Mexico","901","Y0","901-3","Restoration","Permanent",0,"3x3",0,229426380
"Present","Caffea arabica","1-9.9cm",300,"2023-02-22","Mexico","901","Y0","901-3","Restoration","Permanent",0,"3x3",0,229426380
"Present","Inga vera",">10cm",7,"2023-02-23","Mexico","349","Y0","349-2","Restoration","Permanent",0,"3x3",0,229426516
"Present","Mangifera indica",">10cm",1,"2023-02-23","Mexico","349","Y0","349-2","Restoration","Permanent",0,"3x3",0,229426516
"Present","Platanus mexicana moric",">10cm",4,"2023-02-23","Mexico","349","Y0","349-2","Restoration","Permanent",0,"3x3",0,229426516
"Present","Psidium guajava",">10cm",1,"2023-02-23","Mexico","349","Y0","349-2","Restoration","Permanent",0,"3x3",0,229426516
"Present","Verbesina myrioephala",">10cm",2,"2023-02-23","Mexico","349","Y0","349-2","Restoration","Permanent",0,"3x3",0,229426516
"Present","Vernonia patens",">10cm",2,"2023-02-23","Mexico","349","Y0","349-2","Restoration","Permanent",0,"3x3",0,229426516
"Present","Inga vera",">10cm",10,"2023-02-22","Mexico","901","Y0","901-4","Restoration","Permanent",0,"3x3",0,229426408
"Present","Caffea arabica","1-9.9cm",100,"2023-02-22","Mexico","901","Y0","901-4","Restoration","Permanent",0,"3x3",0,229426408
"Present","Citrus x aurantiifolia",">10cm",1,"2023-02-23","Mexico","349","Y0","349-1","Restoration","Permanent",0,"3x3",0,229426458
"Present","Diphysa americana",">10cm",2,"2023-02-23","Mexico","349","Y0","349-1","Restoration","Permanent",0,"3x3",0,229426458
"Present","Inga edulis",">10cm",1,"2023-02-23","Mexico","349","Y0","349-1","Restoration","Permanent",0,"3x3",0,229426458
"Present","Inga vera",">10cm",6,"2023-02-23","Mexico","349","Y0","349-1","Restoration","Permanent",0,"3x3",0,229426458
"Present","Persea americana",">10cm",3,"2023-02-23","Mexico","349","Y0","349-1","Restoration","Permanent",0,"3x3",0,229426458
"Present","Prunus salicifolia",">10cm",1,"2023-02-23","Mexico","349","Y0","349-1","Restoration","Permanent",0,"3x3",0,229426458
"Present","Pseudosmodingium multifolium",">10cm",1,"2023-02-23","Mexico","349","Y0","349-1","Restoration","Permanent",0,"3x3",0,229426458
"Present","Ternstroemia luquillensis",">10cm",1,"2023-02-23","Mexico","349","Y0","349-1","Restoration","Permanent",0,"3x3",0,229426458
"Present","Ternstroemia sylvatica",">10cm",3,"2023-02-23","Mexico","349","Y0","349-1","Restoration","Permanent",0,"3x3",0,229426458
"Present","Caffea arabica","1-9.9cm",100,"2023-02-23","Mexico","349","Y0","349-1","Restoration","Permanent",0,"3x3",0,229426458
"Present","Inga edulis",">10cm",1,"2023-02-24","Mexico","350","Y0","350-2","Restoration","Permanent",0,"3x3",0,229426624
"Present","Inga vera",">10cm",8,"2023-02-24","Mexico","350","Y0","350-2","Restoration","Permanent",0,"3x3",0,229426624
"Present","Ternstroemia sylvatica",">10cm",1,"2023-02-24","Mexico","350","Y0","350-2","Restoration","Permanent",0,"3x3",0,229426624
"Present","Caffea arabica","1-9.9cm",100,"2023-02-24","Mexico","350","Y0","350-2","Restoration","Permanent",0,"3x3",0,229426624
"Present","Carpinus betulus",">10cm",1,"2022-10-04",NA,"Chantilly-255-25","Y0","25","Restoration","Permanent",0,"Same as 16",0,190956140
"Present","Pinus sp",">10cm",1,"2022-10-04",NA,"Chantilly-255-25","Y0","25","Restoration","Permanent",0,"Same as 16",0,190956140
"Present","quercus",">10cm",1,"2022-10-04",NA,"Chantilly-255-25","Y0","25","Restoration","Permanent",0,"Same as 16",0,190956140
"Present","Carpinus betulus","1-9.9cm",200,"2022-10-04",NA,"Chantilly-255-25","Y0","25","Restoration","Permanent",0,"Same as 16",0,190956140
"naturally_regenerating","Quercus","1-9.9cm",200,"2022-10-04",NA,"Chantilly-255-25","Y0","25","Restoration","Permanent",0,"Same as 16",0,190956140
"Present","Prunus avium",">10cm",0.5,"2022-10-03",NA,"Chantilly-451-43","Y0","43","Restoration","Permanent",1,"Idem 46",NA,189528140
"naturally_regenerating","Carpinus betulus","1-9.9cm",100,"2022-10-03",NA,"Chantilly-451-43","Y0","43","Restoration","Permanent",1,"Idem 46",NA,189528140
"naturally_regenerating","Populus","1-9.9cm",300,"2022-10-03",NA,"Chantilly-451-43","Y0","43","Restoration","Permanent",1,"Idem 46",NA,189528140
"naturally_regenerating","Quercus robur","1-9.9cm",100,"2022-10-03",NA,"Chantilly-451-43","Y0","43","Restoration","Permanent",1,"Idem 46",NA,189528140
"planted","Quercus robur","1-9.9cm",200,"2022-10-03",NA,"Chantilly-451-43","Y0","43","Restoration","Permanent",1,"Idem 46",NA,189528140
"Present","Carpinus betulus",">10cm",2,"2022-10-04",NA,"Chantilly-255-16","Y0","16","Restoration","Permanent",0,"2m entre plantes x 5m entre lignes",0,190955924
"Present","Pinus sp",">10cm",4,"2022-10-04",NA,"Chantilly-255-16","Y0","16","Restoration","Permanent",0,"2m entre plantes x 5m entre lignes",0,190955924
"Present","Quercus",">10cm",3,"2022-10-04",NA,"Chantilly-255-16","Y0","16","Restoration","Permanent",0,"2m entre plantes x 5m entre lignes",0,190955924
"naturally_regenerating","Carpinus betulus","1-9.9cm",100,"2022-10-04",NA,"Chantilly-255-16","Y0","16","Restoration","Permanent",0,"2m entre plantes x 5m entre lignes",0,190955924
"Present","Quercus","1-9.9cm",100,"2022-10-04",NA,"Chantilly-255-16","Y0","16","Restoration","Permanent",0,"2m entre plantes x 5m entre lignes",0,190955924
"naturally_regenerating","Tibia cordata","1-9.9cm",500,"2022-10-04",NA,"Chantilly-255-16","Y0","16","Restoration","Permanent",0,"2m entre plantes x 5m entre lignes",0,190955924
"Present","Carpinus betulus",">10cm",4,"2022-10-04",NA,"Chantilly-255-19","Y0","19","Restoration","Permanent",0,"Same as 16",0,190955982
"Present","Quercus",">10cm",5,"2022-10-04",NA,"Chantilly-255-19","Y0","19","Restoration","Permanent",0,"Same as 16",0,190955982
"Present","Carpinus betulus","1-9.9cm",200,"2022-10-04",NA,"Chantilly-255-19","Y0","19","Restoration","Permanent",0,"Same as 16",0,190955982
"naturally_regenerating","Quercus","1-9.9cm",400,"2022-10-04",NA,"Chantilly-255-19","Y0","19","Restoration","Permanent",0,"Same as 16",0,190955982
"naturally_regenerating","Sorbus aucuparia","1-9.9cm",200,"2022-10-04",NA,"Chantilly-255-19","Y0","19","Restoration","Permanent",0,"Same as 16",0,190955982
"Present","Prunus avium",">10cm",2,"2022-10-03",NA,"Chantilly-451-42","Y0","42","Restoration","Permanent",0,"Idem46",0,189528190
"naturally_regenerating","Carpinus betulus","1-9.9cm",200,"2022-10-03",NA,"Chantilly-451-42","Y0","42","Restoration","Permanent",0,"Idem46",0,189528190
"planted","Quercus robur","1-9.9cm",200,"2022-10-03",NA,"Chantilly-451-42","Y0","42","Restoration","Permanent",0,"Idem46",0,189528190
"planted","Sorbus torminalis","1-9.9cm",200,"2022-10-03",NA,"Chantilly-451-42","Y0","42","Restoration","Permanent",0,"Idem46",0,189528190
"Present","Carpinus betulus",">10cm",1,"2022-10-04",NA,"Chantilly-255-18","Y0","18","Restoration","Permanent",0,"Same as 16",0,190955967
"Present","Quercus",">10cm",7,"2022-10-04",NA,"Chantilly-255-18","Y0","18","Restoration","Permanent",0,"Same as 16",0,190955967
"Present","Carpinus betulus","1-9.9cm",300,"2022-10-04",NA,"Chantilly-255-18","Y0","18","Restoration","Permanent",0,"Same as 16",0,190955967
"naturally_regenerating","Quercus","1-9.9cm",200,"2022-10-04",NA,"Chantilly-255-18","Y0","18","Restoration","Permanent",0,"Same as 16",0,190955967
"Present","Carpinus betulus",">10cm",4,"2022-10-04",NA,"Chant-255-23","Y0","23","Restoration","Permanent",0,"Same as 16",0,190956064
"naturally_regenerating","Populus","1-9.9cm",200,"2022-10-04",NA,"Chant-255-23","Y0","23","Restoration","Permanent",0,"Same as 16",0,190956064
"Present","Quercus",">10cm",1,"2022-10-03",NA,"Chantilly-523-33","Y0","33","Restoration","Permanent",0,"Same as 28",NA,189663359
"naturally_regenerating","Carpinus betulus","1-9.9cm",100,"2022-10-04",NA,"Chantilly-51-4","Y0","4","Restoration","Permanent",0,"Same as 1",0,190956306
"Present","Prunus avium","1-9.9cm",100,"2022-10-04",NA,"Chantilly-51-4","Y0","4","Restoration","Permanent",0,"Same as 1",0,190956306
"Present","Carpinus betulus",">10cm",6,"2022-10-04",NA,"Chantilly-255-22","Y0","22","Restoration","Permanent",0,"Same as 16",NA,190956049
"Present","Quercus",">10cm",1,"2022-10-04",NA,"Chantilly-255-22","Y0","22","Restoration","Permanent",0,"Same as 16",NA,190956049
"naturally_regenerating","Carpinus betulus","1-9.9cm",200,"2022-10-04",NA,"Chantilly-255-22","Y0","22","Restoration","Permanent",0,"Same as 16",NA,190956049
"naturally_regenerating","Quercus","1-9.9cm",200,"2022-10-04",NA,"Chantilly-255-22","Y0","22","Restoration","Permanent",0,"Same as 16",NA,190956049
"Present","Qercus",">10cm",1,"2022-10-03",NA,"Chantilly-523-34","Y0","34","Restoration","Permanent",0,"Same que 28",0,189663391
"Present","Carpinus betulus","1-9.9cm",100,"2022-10-03",NA,"Chantilly-523-34","Y0","34","Restoration","Permanent",0,"Same que 28",0,189663391
"planted","Douglas","1-9.9cm",200,"2022-10-03",NA,"Chantilly-523-34","Y0","34","Restoration","Permanent",0,"Same que 28",0,189663391
"naturally_regenerating","Carpinus betulus","1-9.9cm",100,"2022-10-04",NA,"Chantilly-51-7","Y0","7","Restoration","Permanent",2,"Idem point précédent",0,190956404
"Present","Prunus avium","1-9.9cm",100,"2022-10-04",NA,"Chantilly-51-7","Y0","7","Restoration","Permanent",2,"Idem point précédent",0,190956404
"Present","Inga vera",">10cm",2,"2023-02-21","Mexico","878","Y0","878-3","Restoration","Permanent",0,"3x4",0,228160743
"Present","Vernonia patens",">10cm",8,"2023-02-21","Mexico","878","Y0","878-3","Restoration","Permanent",0,"3x4",0,228160743
"Present","Coffea arabica","1-9.9cm",300,"2023-02-21","Mexico","878","Y0","878-3","Restoration","Permanent",0,"3x4",0,228160743
"Present","Eriobptrya Japonica","1-9.9cm",100,"2023-02-21","Mexico","878","Y0","878-3","Restoration","Permanent",0,"3x4",0,228160743
"Present","Inga edulis",">10cm",3,"2023-02-21","Mexico","878","Y0","878-1","Restoration","Permanent",0,"Esta plantado a una distancia de 2*2",0,228159173
"Present","Inga vera",">10cm",4,"2023-02-21","Mexico","878","Y0","878-1","Restoration","Permanent",0,"Esta plantado a una distancia de 2*2",0,228159173
"Present","Ternstroemia sylvstica",">10cm",1,"2023-02-21","Mexico","878","Y0","878-1","Restoration","Permanent",0,"Esta plantado a una distancia de 2*2",0,228159173
"Present","Coffea arabica","1-9.9cm",300,"2023-02-21","Mexico","878","Y0","878-1","Restoration","Permanent",0,"Esta plantado a una distancia de 2*2",0,228159173
"Present","Inga vera",">10cm",8,"2023-02-22","Mexico","901","Y0","901-1","Restoration","Permanent",0,"3x3",0,229426328
"Present","Prunus salicifolia",">10cm",1,"2023-02-22","Mexico","901","Y0","901-1","Restoration","Permanent",0,"3x3",0,229426328
"Present","Ternstroemia sylvatica",">10cm",2,"2023-02-22","Mexico","901","Y0","901-1","Restoration","Permanent",0,"3x3",0,229426328
"Present","Coffea arabica","1-9.9cm",100,"2023-02-22","Mexico","901","Y0","901-1","Restoration","Permanent",0,"3x3",0,229426328
"Present","Thilachium angustifolium",">10cm",2.33333333333333,"2023-04-14","Madagascar","S0137","Y0","S0137CP01","Control",NA,NA,NA,2,232562628
"don_t_know","Thilachium angustifolium",">10cm",2.33333333333333,"2023-04-07","Madagascar","S0078","Y0","S0078CP02","Control",NA,NA,NA,2,232556710
"Present","Eucalyptus",">10cm",1.66666666666667,"2023-03-23","Madagascar","S0015","Y0","ATKC002","Control",NA,NA,NA,2,227314781
"Present","Thilachium angustifolium",">10cm",2,"2023-04-12","Madagascar","S0148
","Y0","S0148CP01","Control",NA,NA,NA,2,232559459
"Present","Eucalyptus",">10cm",0.333333333333333,"2023-03-24","Madagascar","S0003
","Y0","S0003CP01","Control",NA,NA,NA,2,232553701
"Present","Eucalyptusl",">10cm",0.333333333333333,"2023-03-24","Madagascar","S0003
","Y0","S0003CP01","Control",NA,NA,NA,2,232553701
"Present","Goyavia",">10cm",0.333333333333333,"2023-03-24","Madagascar","S0003
","Y0","S0003CP01","Control",NA,NA,NA,2,232553701
"don_t_know","Eucalyptus",">10cm",0.333333333333333,"2023-03-23","Madagascar","S0015","Y0","ATKC001","Control",NA,NA,NA,2,227314389
"Present","Eucalyptus",">10cm",11.6666666666667,"2023-03-23","Madagascar","S0015","Y0","ATKC001","Control",NA,NA,NA,2,227314389
"don_t_know","Thilachium angustifolium",">10cm",2,"2023-04-07","Madagascar","S0085","Y0","S0085CP01","Control",NA,NA,NA,2,232557424
"Present","Eucalyptus",">10cm",0.666666666666667,"2023-04-07","Madagascar","S0087","Y0","S0087CP01","Control",NA,NA,NA,2,232556854
"Present","Thilachium angustifolium",">10cm",3.33333333333333,"2023-04-07","Madagascar","S0087","Y0","S0087CP01","Control",NA,NA,NA,2,232556854
NA,NA,NA,NA,"2023-03-07","Madagascar","S01","Y0","P01","Restoration","Permanent",NA,"2msur2m",NA,223397416
"Present","Quercus",">10cm",3,"2022-10-03",NA,"Chantilly-523-31","Y0","31","Restoration","Permanent",0,"Same as 28",0,189663315
"Present","Fraises exelsion","1-9.9cm",100,"2022-10-03",NA,"Chantilly-523-31","Y0","31","Restoration","Permanent",0,"Same as 28",0,189663315
"Present","Grevilia",">10cm",0.666666666666667,"2023-04-06","Madagascar","S0097","Y0","S0097CP01","Control",NA,NA,NA,2,232555260
"Present","Inga edulis",">10cm",4,"2023-02-24","Mexico","350","Y0","350-3","Restoration","Permanent",0,"3x2",0,229426644
"Present","Inga vera",">10cm",9,"2023-02-24","Mexico","350","Y0","350-3","Restoration","Permanent",0,"3x2",0,229426644
"Present","Ternstroemia sylvatica",">10cm",2,"2023-02-24","Mexico","350","Y0","350-3","Restoration","Permanent",0,"3x2",0,229426644
"Present","Inga edulis",">10cm",2,"2023-04-12","Mexico","1274","Y0","1274-1","Restoration","Permanent",0,"1.30*1.30, están sembradas las plantas",0,232748411
"Present","Inga vera",">10cm",9,"2023-04-12","Mexico","1274","Y0","1274-1","Restoration","Permanent",0,"1.30*1.30, están sembradas las plantas",0,232748411
"Present","Platus mexicana moric",">10cm",4,"2023-04-12","Mexico","1274","Y0","1274-1","Restoration","Permanent",0,"1.30*1.30, están sembradas las plantas",0,232748411
"Present","Inga spuria",">10cm",4,"2023-04-14","Mexico","345-2","Y0","345-2","Restoration","Permanent",0,"Están de 2*2",0,232774002
"Present","Inga vera",">10cm",4,"2023-04-14","Mexico","345-2","Y0","345-2","Restoration","Permanent",0,"Están de 2*2",0,232774002
"Present","Inga vera",">10cm",7,"2023-04-14","Mexico","835","Y0","835-3","Restoration","Permanent",0,"Los árboles están de 3*2",0,232772835
"Present","Persea americana",">10cm",2,"2023-04-14","Mexico","835","Y0","835-3","Restoration","Permanent",0,"Los árboles están de 3*2",0,232772835
"Present","Transtoemia luquillensis",">10cm",1,"2023-04-14","Mexico","835","Y0","835-3","Restoration","Permanent",0,"Los árboles están de 3*2",0,232772835
"Present","Quercus",">10cm",3,"2022-10-03",NA,"Chantilly-523-30","Y0","30","Restoration","Permanent",0,"Samedi as 28",0,189663249
"planted","Larix decidua","1-9.9cm",200,"2022-10-03",NA,"Chantilly-523-30","Y0","30","Restoration","Permanent",0,"Samedi as 28",0,189663249
NA,NA,NA,NA,"2023-03-24","Madagascar","S0007","Y0","S0007CP01","Control",NA,NA,NA,2,232553842
NA,NA,NA,NA,"2023-03-24","Madagascar","S0001","Y0","S0001CP01","Control",NA,NA,NA,2,232553738
NA,NA,NA,NA,"2023-04-07","Madagascar","S0087","Y0","S0087CP02","Control",NA,NA,NA,2,232557364
NA,NA,NA,NA,"2023-04-07","Madagascar","S0085","Y0","S0085CP02","Control",NA,NA,NA,2,232557509
NA,NA,NA,NA,"2023-04-11","Madagascar","S0110","Y0","S0110CP02","Control",NA,NA,NA,2,232558061
NA,NA,NA,NA,"2023-04-11","Madagascar","S0109","Y0","S0109CP01","Control",NA,NA,NA,2,232558609
NA,NA,NA,NA,"2023-04-11","Madagascar","S0118","Y0","S0118CP01","Control",NA,NA,NA,2,232558652
NA,NA,NA,NA,"2023-04-12","Madagascar","S0149","Y0","S0149CP01","Control",NA,NA,NA,2,232559067
NA,NA,NA,NA,"2023-04-12","Madagascar","S0149","Y0","S0149CP02","Control",NA,NA,NA,2,232559277
NA,NA,NA,NA,"2023-04-13","Madagascar","S0135","Y0","S0135CP01","Control",NA,NA,NA,2,232560330
NA,NA,NA,NA,"2023-04-13","Madagascar","S0131","Y0","S0131CP01","Control",NA,NA,NA,2,232560451
NA,NA,NA,NA,"2023-04-13","Madagascar","S0128
","Y0","S0128CP01","Control",NA,NA,NA,2,232560674
NA,NA,NA,NA,"2023-04-13","Madagascar","S0129","Y0","S0129CP01","Control",NA,NA,NA,2,232560864
NA,NA,NA,NA,"2023-04-14","Madagascar","S0157","Y0","S0157CP01","Control",NA,NA,NA,2,232561773
"don_t_know","Nuxia capitata",">10cm",0.666666666666667,"2023-04-11","Madagascar","S0111","Y0","S0111CP01","Control",NA,NA,NA,2,232557775
NA,NA,NA,NA,"2023-04-14","Madagascar","S0138","Y0","S0138CP01","Control",NA,NA,NA,2,232561903
NA,NA,NA,NA,"2023-04-14","Madagascar","S0139","Y0","S0139CP01","Control",NA,NA,NA,2,232562121
NA,NA,NA,NA,"2023-04-15","Madagascar","S0090
","Y0","S0090CP01","Control",NA,NA,NA,2,232563270
NA,NA,NA,NA,"2023-04-15","Madagascar","S0114","Y0","S0114CP01","Control",NA,NA,NA,2,232563695
"Present","thilachium angustifolium",">10cm",1.66666666666667,"2023-04-12","Madagascar","S0147","Y0","S0147CP01","Control",NA,NA,NA,2,232559850
NA,NA,NA,NA,"2023-03-23","Madagascar","S0017","Y0","ATKC004","Control",NA,NA,NA,2,227315654
NA,NA,NA,NA,"2023-03-25","Madagascar","S0023","Y0","S0023CP01","Control",NA,NA,NA,2,232554307
NA,NA,NA,NA,"2023-03-27","Madagascar","S0038","Y0","S0038CP01","Control",NA,NA,NA,2,232554606
NA,NA,NA,NA,"2023-03-27","Madagascar","S0045","Y0","S0045CP01","Control",NA,NA,NA,2,232554779
NA,NA,NA,NA,"2023-04-06","Madagascar","S0097","Y0","S0097CP02","Control",NA,NA,NA,2,232555418
NA,NA,NA,NA,"2023-04-06","Madagascar","S0108","Y0","S0108CP01","Control",NA,NA,NA,2,232555570
NA,NA,NA,NA,"2023-04-06","Madagascar","S0108","Y0","S018CP02","Control",NA,NA,NA,2,232556156
NA,NA,NA,NA,"2023-04-06","Madagascar","S0070","Y0","S0070CP01","Control",NA,NA,NA,2,232556207
NA,NA,NA,NA,"2023-04-06","Madagascar","S0070","Y0","S0070CP02","Control",NA,NA,NA,2,232556252
NA,NA,NA,NA,"2023-04-06","Madagascar","S0093","Y0","S0093CP01","Control",NA,NA,NA,2,232556387
NA,NA,NA,NA,"2023-04-07","Madagascar","S0078","Y0","S0078CP01","Control",NA,NA,NA,2,232556509
"Present","Thilachium angustifolium",">10cm",0.666666666666667,"2023-04-11","Madagascar","S0110","Y0","S0110CP01","Control",NA,NA,NA,2,232557910
"Present","Thilachium angustifolium",">10cm",1,"2023-04-13","Madagascar","S0133","Y0","S0137CP01
","Control",NA,NA,NA,2,232560095
"Present","Thilachium angustifolium",">10cm",2,"2023-04-14","Madagascar","S0138","Y0","S0138CP02","Control",NA,NA,NA,2,232562521
"Present","Thilachium angustifolium",">10cm",4,"2023-04-15","Madagascar","S0119","Y0","S0119CP01","Control",NA,NA,NA,2,232563463
"Present","Thilachium angustifolium",">10cm",2.66666666666667,"2023-04-15","Madagascar","S0117","Y0","S0117CP01","Control",NA,NA,NA,2,232564062
"Present","Thilachium angustifolium",">10cm",1,"2023-04-16","Madagascar","S0052","Y0","S0052CP1","Control",NA,NA,NA,2,232564140
"Present","Thilachium angustifolium",">10cm",2,"2023-04-15","Madagascar","S0088","Y0","S0088CP01","Control",NA,NA,NA,2,232562984
"Present","Nuxia capitata","1-9.9cm",50,"2023-04-12","Madagascar","S0146","Y0","S0146CP01","Control",NA,NA,NA,1,232558769
"Present","Thilachium angustifolium",">10cm",0.666666666666667,"2023-04-14","Madagascar","S0155","Y0","S0155CP01","Control",NA,NA,NA,2,232561828
"Present","Quercus rugosa nee","<1cm",900,"2023-03-28","Mexico","295","Y0","295-8","Restoration","Permanent",0,"3 por 3 metros",0,229320895
"Present","Pinus oocarpa",">10cm",3,"2023-03-28","Mexico","295","Y0","295-8","Restoration","Permanent",0,"3 por 3 metros",0,229320895
"Present","Quercus rugosa nee",">10cm",16,"2023-03-28","Mexico","295","Y0","295-8","Restoration","Permanent",0,"3 por 3 metros",0,229320895
"Present","Quercus rugosa nee","1-9.9cm",200,"2023-03-28","Mexico","295","Y0","295-8","Restoration","Permanent",0,"3 por 3 metros",0,229320895
"Present","Pinus oocarpa",">10cm",12,"2023-03-28","Mexico","295","Y0","295-10","Restoration","Permanent",0,"3 por 3 metros",0,229321864
"Present","Quercus rugosa nee",">10cm",2,"2023-03-28","Mexico","295","Y0","295-10","Restoration","Permanent",0,"3 por 3 metros",0,229321864
"Present","Pinus oocarpa schil de var","1-9.9cm",100,"2023-03-28","Mexico","295","Y0","295-10","Restoration","Permanent",0,"3 por 3 metros",0,229321864
"Present","Quercus rugoza nee","<1cm",900,"2023-03-28","Mexico","295","Y0","295-7","Restoration","Permanent",0,"3 por 3 metros",0,229321584
"Present","Pinus oocarpa",">10cm",3,"2023-03-28","Mexico","295","Y0","295-7","Restoration","Permanent",0,"3 por 3 metros",0,229321584
"Present","Quercus rugosa nee",">10cm",11,"2023-03-28","Mexico","295","Y0","295-7","Restoration","Permanent",0,"3 por 3 metros",0,229321584
"Present","Quercus rugosa nee","1-9.9cm",200,"2023-03-28","Mexico","295","Y0","295-7","Restoration","Permanent",0,"3 por 3 metros",0,229321584
"Present","Quercus rugosa nee","<1cm",900,"2023-03-28","Mexico","295","Y0","295-9","Restoration","Permanent",0,"3 por 3 metros",0,229321703
"Present","Pinus oocarpa schil de var",">10cm",14,"2023-03-28","Mexico","295","Y0","295-9","Restoration","Permanent",0,"3 por 3 metros",0,229321703
"Present","Quercus rugoza nee",">10cm",15,"2023-03-28","Mexico","295","Y0","295-9","Restoration","Permanent",0,"3 por 3 metros",0,229321703
"Present","Quercus rugoza nee","1-9.9cm",100,"2023-03-28","Mexico","295","Y0","295-9","Restoration","Permanent",0,"3 por 3 metros",0,229321703
"Present","Pinus sp",">10cm",9,"2022-10-04",NA,"Chantilly-255-27","Y0","27","Control",NA,NA,NA,NA,190956190
"Present","Quercus",">10cm",9,"2022-10-04",NA,"Chantilly-255-27","Y0","27","Control",NA,NA,NA,NA,190956190
"Present","Populus","1-9.9cm",200,"2022-10-04",NA,"Chantilly-255-27","Y0","27","Control",NA,NA,NA,NA,190956190
"Present","Quercus","1-9.9cm",200,"2022-10-04",NA,"Chantilly-255-27","Y0","27","Control",NA,NA,NA,NA,190956190
NA,NA,NA,NA,"2022-09-30",NA,"1","Y0","45((634","Restoration","Permanent",1,"a",NA,189066260
"Present","Populus",">10cm",1,"2022-10-03",NA,"Chantilly-451-44","Y0","44","Restoration","Permanent",0,"Idem 46",0,189530391
"Present","Prunus avium",">10cm",1,"2022-10-03",NA,"Chantilly-451-44","Y0","44","Restoration","Permanent",0,"Idem 46",0,189530391
"Present","Quercy robur",">10cm",3,"2022-10-03",NA,"Chantilly-451-44","Y0","44","Restoration","Permanent",0,"Idem 46",0,189530391
"naturally_regenerating","Populis","1-9.9cm",400,"2022-10-03",NA,"Chantilly-451-44","Y0","44","Restoration","Permanent",0,"Idem 46",0,189530391
"Present","Querus","1-9.9cm",200,"2022-10-03",NA,"Chantilly-451-44","Y0","44","Restoration","Permanent",0,"Idem 46",0,189530391
"Present","Quercus",">10cm",1,"2022-10-04",NA,"Chantilly-51-6","Y0","6","Restoration","Permanent",0,"Same as 1",0,190956376
"Present","Populus","1-9.9cm",200,"2022-10-04",NA,"Chantilly-51-6","Y0","6","Restoration","Permanent",0,"Same as 1",0,190956376
"Present","Quercua",">10cm",2,"2022-10-03",NA,"Chantilly-523-34","Y0","34","Restoration","Permanent",0,"Same as 28",0,189551226
"Present","Populus sp","1-9.9cm",100,"2022-10-03",NA,"Chantilly-523-34","Y0","34","Restoration","Permanent",0,"Same as 28",0,189551226
"naturally_regenerating","Quercus","1-9.9cm",100,"2022-10-03",NA,"Chantilly-523-34","Y0","34","Restoration","Permanent",0,"Same as 28",0,189551226
"Present","Prunus avium",">10cm",5,"2022-10-03",NA,"Chantilly-451-41","Y0","41","Restoration","Permanent",0,"Idem 46",0,189528232
"planted","Quercus robur","1-9.9cm",200,"2022-10-03",NA,"Chantilly-451-41","Y0","41","Restoration","Permanent",0,"Idem 46",0,189528232
"Present","Prunus avium",">10cm",1,"2022-10-03",NA,"Chantilly","Y0","251-49","Restoration","Permanent",0,"Arbre planté en ligne tous les 2 mètres sur des cloisonnements tous les 5 mètres",0,189469011
"Present","Prunus avium","1-9.9cm",100,"2022-10-03",NA,"Chantilly","Y0","251-49","Restoration","Permanent",0,"Arbre planté en ligne tous les 2 mètres sur des cloisonnements tous les 5 mètres",0,189469011
"planted","Quercus robur","1-9.9cm",200,"2022-10-03",NA,"Chantilly","Y0","251-49","Restoration","Permanent",0,"Arbre planté en ligne tous les 2 mètres sur des cloisonnements tous les 5 mètres",0,189469011
"Present","Prunus avium",">10cm",36,"2022-10-03",NA,"Chantilly-451-40","Y0","41","Control",NA,NA,NA,NA,189529455
"planted","Quercus robur","1-9.9cm",300,"2022-10-03",NA,"Chantilly-451-40","Y0","41","Control",NA,NA,NA,NA,189529455
"Present","Prunus avium",">10cm",4,"2022-10-04",NA,"Chantilly-51-11","Y0","11","Control",NA,NA,NA,0,190956488
"Present","Quercus robur","1-9.9cm",100,"2022-10-04",NA,"Chantilly-51-11","Y0","11","Control",NA,NA,NA,0,190956488
"naturally_regenerating","Quercus","1-9.9cm",300,"2022-10-03",NA,"Chantilly-523-32","Y0","32","Restoration","Permanent",0,"Same as 28",0,189663334
"Present","Quercus",">10cm",2,"2022-10-03",NA,"Chantilly-523-29","Y0","29","Restoration","Permanent",0,"Same as 28",0,189532405
"naturally_regenerating","Quercus","1-9.9cm",400,"2022-10-03",NA,"Chantilly-523-29","Y0","29","Restoration","Permanent",0,"Same as 28",0,189532405
"Present","Quercus",">10cm",1,"2022-10-03",NA,"Chantilly-523-28","Y0","28","Restoration","Permanent",0,"1 plante à chaque 2m, distance entre Ligne de 5m",0,189531213
"naturally_regenerating","Quercus","1-9.9cm",400,"2022-10-03",NA,"Chantilly-523-28","Y0","28","Restoration","Permanent",0,"1 plante à chaque 2m, distance entre Ligne de 5m",0,189531213
"Present","Quercus",">10cm",18,"2022-10-03",NA,"Chantilly-523-35","Y0","35","Control",NA,NA,NA,NA,189563709
"naturally_regenerating","Quercus","1-9.9cm",300,"2022-10-03",NA,"Chantilly-523-35","Y0","35","Control",NA,NA,NA,NA,189563709
"Present","Quercus","1-9.9cm",200,"2022-10-04",NA,"Chantilly-51-2","Y0","2","Restoration","Permanent",0,"Same as 1",0,190956218
"Present","Quercus robur","1-9.9cm",100,"2022-10-04",NA,"Chantilly-51-9","Y0","9","Restoration","Permanent",2,"Idem précédent",0,190956468
"Present","Quercus robur",">10cm",3,"2022-10-03",NA,"Chantilly-451-46","Y0","46","Restoration","Permanent",0,"Plantation tous les 3 mètre avec cloiso de 5m",NA,189528021
"naturally_regenerating","Quercus robur","1-9.9cm",800,"2022-10-03",NA,"Chantilly-451-46","Y0","46","Restoration","Permanent",0,"Plantation tous les 3 mètre avec cloiso de 5m",NA,189528021
"Present","Quercus robur","1-9.9cm",100,"2022-10-04",NA,"Chantilly-51-10","Y0","10","Restoration","Permanent",2,"Idem précédent",0,190956469
"naturally_regenerating","Talia cordata","1-9.9cm",400,"2022-10-04",NA,"Chantilly-255-17","Y0","17","Restoration","Permanent",0,"Same as 16",0,190955945
