"Organization_Name","Site_ID","size_class","Already Present","Planted","Unknown"
"AMBIO","744",">10cm",8.72555555555556,NA,NA
"AMBIO","746",">10cm",26.2933333333333,NA,NA
"AMBIO","747","1 - 9.9cm",135.703703703704,NA,NA
"AMBIO","747",">10cm",16.2844444444444,NA,NA
"AMBIO","747","<10cm planted",NA,8.14222222222222,NA
"AMBIO","750",">10cm",35.4588888888889,NA,NA
"AMBIO","751",">10cm",45.1753086419753,NA,NA
"AMBIO","753",">10cm",339.545555555556,NA,NA
"AMBIO","808",">10cm",3.23055555555556,NA,NA
"AMBIO","809","1 - 9.9cm",1180.22222222222,NA,NA
"AMBIO","809",">10cm",188.835555555556,NA,NA
"AMBIO","810","1 - 9.9cm",322.833333333333,NA,NA
"AMBIO","810",">10cm",232.44,NA,NA
"AMBIO","813","1 - 9.9cm",10741.6222222222,NA,NA
"AMBIO","813",">10cm",732.383333333333,NA,NA
"AMBIO","813","<10cm planted",NA,9.76511111111111,NA
"AMBIO","814","1 - 9.9cm",1100.66666666667,NA,NA
"AMBIO","814",">10cm",104.563333333333,NA,NA
"AMBIO","815",">10cm",310.582222222222,NA,NA
"AMBIO","817","1 - 9.9cm",1976.66666666667,NA,NA
"AMBIO","817",">10cm",49.4166666666667,NA,NA
"AMBIO","817","<10cm planted",NA,6.58888888888889,NA
"AMBIO","818","1 - 9.9cm",515.333333333333,NA,NA
"AMBIO","818",">10cm",144.293333333333,NA,NA
"AMBIO","819",">10cm",43.4066666666667,NA,NA
"AMBIO","819","<10cm planted",NA,7.23444444444444,NA
"AMBIO","820","1 - 9.9cm",509,NA,NA
"AMBIO","820",">10cm",55.99,NA,NA
"AMBIO","821","1 - 9.9cm",597.037037037037,NA,NA
"AMBIO","821",">10cm",155.22962962963,NA,NA
"AMBIO","822","1 - 9.9cm",252.277777777778,NA,NA
"AMBIO","822",">10cm",12.6138888888889,NA,NA
"AMBIO","823",">10cm",155.715555555556,NA,NA
"AMBIO","824","1 - 9.9cm",156.111111111111,NA,NA
"AMBIO","824",">10cm",32.7833333333333,NA,NA
"AMBIO","825","1 - 9.9cm",513.777777777778,NA,NA
"AMBIO","825",">10cm",113.031111111111,NA,NA
"AMBIO","828",">10cm",283.015555555556,NA,NA
"AMBIO","831",">10cm",84.73,NA,NA
"AMBIO","832","1 - 9.9cm",376.962962962963,NA,NA
"AMBIO","832",">10cm",22.6177777777778,NA,NA
"AMBIO","833",">10cm",141.826666666667,NA,NA
"Amadese","1744","1 - 9.9cm",839.024390243902,NA,679.609756097561
"Amadese","1744","<1cm",0,NA,NA
"Amadese","1744",">10cm",75.5121951219512,NA,109.073170731707
"Amadese","1744","<10cm planted",NA,9321.56097560976,NA
"Amadese","1745","1 - 9.9cm",33.1055555555556,NA,NA
"Amadese","1745",">10cm",158.906666666667,NA,NA
"Amadese","1745","<10cm planted",NA,231.738888888889,NA
"Amadese","1747","1 - 9.9cm",386.111111111111,NA,NA
"Amadese","1747",">10cm",2.57407407407407,NA,NA
"Amadese","1747","<10cm planted",NA,21.8796296296296,NA
"Amadese","1748",">10cm",74.9793186132481,NA,NA
"Amadese","1748","<10cm planted",NA,20156.9401538615,NA
"Amadese","1748","1 - 9.9cm",NA,NA,9997.24248176641
"Amadese","1748","<1cm",NA,NA,11246.8977919872
"Amadese","1749","1 - 9.9cm",16819.3291975309,NA,NA
"Amadese","1749","<1cm",38209.6666666667,NA,0
"Amadese","1749",">10cm",1422.2487037037,NA,NA
"Amadese","1749","<10cm planted",NA,44248.9167592593,NA
"Amadese","1750","1 - 9.9cm",1271.92266666667,NA,NA
"Amadese","1750",">10cm",575.278,NA,NA
"Amadese","1750","<10cm planted",NA,35477.904,NA
"Amadese","1751",">10cm",11.5144444444444,NA,NA
"Amadese","1751","<10cm planted",NA,322.404444444444,NA
"Amadese","1752","1 - 9.9cm",970.777777777778,NA,NA
"Amadese","1752","<10cm planted",NA,9290.34333333333,NA
"Amadese","1753","1 - 9.9cm",243.259259259259,NA,NA
"Amadese","1753",">10cm",335.697777777778,NA,NA
"Amadese","1753","<10cm planted",NA,131.36,NA
"Amadese","1755","<10cm planted",NA,371.555555555556,NA
"Amadese","1756","1 - 9.9cm",208.814814814815,NA,NA
"Amadese","1756",">10cm",12.5288888888889,NA,NA
"Amadese","1756","<10cm planted",NA,109.627777777778,NA
"Amadese","1757","1 - 9.9cm",32.826,NA,NA
"Amadese","1757",">10cm",5.471,NA,NA
"Amadese","1757","<10cm planted",NA,147.717,NA
"Amadese","1758","1 - 9.9cm",13292.1663149705,NA,14927.7258420079
"Amadese","1758","<1cm",58412.8402513351,NA,0
"Amadese","1758",">10cm",1315.37062491895,NA,116.82568050267
"Amadese","1758",">1cm",9086.44181687434,NA,11682.568050267
"Amadese","1758","<10cm planted",NA,203094.955238309,NA
"Amadese","1759","1 - 9.9cm",530.997894736842,NA,NA
"Amadese","1759",">10cm",293.945263157895,NA,NA
"Amadese","1759","<10cm planted",NA,2000.72421052632,NA
"Amadese","1760","<10cm planted",NA,12656.2164864865,NA
"Amadese","1761","1 - 9.9cm",342.688172043011,NA,NA
"Amadese","1761","<10cm planted",NA,25794.1387096774,NA
"Amadese","1762","1 - 9.9cm",1709.08801169591,NA,735.091617933723
"Amadese","1762","<1cm",69466.1578947368,NA,NA
"Amadese","1762",">10cm",446.568157894737,NA,260.957524366472
"Amadese","1762","<10cm planted",NA,34225.8657309941,NA
"Amadese","1763","1 - 9.9cm",12553.8751057709,NA,3193.20951091555
"Amadese","1763","<1cm",258649.97038416,NA,24633.3305127771
"Amadese","1763",">10cm",205.277754273143,NA,NA
"Amadese","1763","<10cm planted",NA,58394.6784989,NA
"Amadese","1763",">1cm",NA,NA,8211.11017092571
"Amadese","1764","1 - 9.9cm",2837.83333333333,NA,NA
"Amadese","1764",">10cm",14.1891666666667,NA,NA
"Amadese","1764","<10cm planted",NA,4909.45166666667,NA
"Amadese","1765","<10cm planted",NA,5176.81388888889,NA
"Amadese","1766","1 - 9.9cm",12154.5652173913,NA,NA
"Amadese","1766",">10cm",33.7626811594203,NA,NA
"Amadese","1766","<10cm planted",NA,10675.7597826087,NA
"Amadese","1767","<10cm planted",NA,14.5666666666667,NA
"Amadese","1768","<10cm planted",NA,3578.83783783784,NA
"Amadese","1769","<10cm planted",NA,14.0177777777778,NA
"Amadese","1770","1 - 9.9cm",3135.02777777778,NA,NA
"Amadese","1770",">10cm",50.7575925925926,NA,NA
"Amadese","1770","<10cm planted",NA,3475.40222222222,NA
"Amadese","1771","<10cm planted",NA,2542.225,NA
"Amadese","1772","<10cm planted",NA,2963.5,NA
"Amadese","1773","1 - 9.9cm",1018.27160493827,NA,NA
"Amadese","1773",">10cm",81.4617283950617,NA,NA
"Amadese","1773","<10cm planted",NA,17870.6666666667,NA
"Amadese","1774","1 - 9.9cm",7764.16666666667,NA,NA
"Amadese","1774",">10cm",28.2333333333333,NA,NA
"Amadese","1774","<10cm planted",NA,5576.08333333333,NA
"Amadese","1775","<10cm planted",NA,1025.82444444444,NA
"Amadese","1776","1 - 9.9cm",754.12962962963,NA,NA
"Amadese","1776",">10cm",28.2798611111111,NA,NA
"Amadese","1776","<10cm planted",NA,5565.47666666667,NA
"Amadese","1777","1 - 9.9cm",1410.22222222222,NA,NA
"Amadese","1777",">10cm",3.52555555555556,NA,NA
"Amadese","1777","<10cm planted",NA,21.1533333333333,NA
"Amadese","1778","<10cm planted",NA,28.1866666666667,NA
"Amadese","1779","<10cm planted",NA,189.385263157895,NA
"Amadese","1780","<10cm planted",NA,248.157777777778,NA
"Amadese","1781","1 - 9.9cm",1106.33333333333,NA,NA
"Amadese","1781",">10cm",13.8291666666667,NA,NA
"Amadese","1781","<10cm planted",NA,539.3375,NA
"Amadese","1782",">10cm",4.32222222222222,NA,NA
"Amadese","1782","<10cm planted",NA,237.722222222222,NA
"Amadese","1783","<10cm planted",NA,2215.27703703704,NA
"Amadese","1784","<10cm planted",NA,1.88333333333333,NA
"Amadese","1785","1 - 9.9cm",1685.39682539683,NA,NA
"Amadese","1785",">10cm",15.1685714285714,NA,NA
"Amadese","1785","<10cm planted",NA,3670.79428571429,NA
"Amadese","1786","1 - 9.9cm",5184.8013029316,NA,5472.84581976113
"Amadese","1786",">10cm",138.261368078176,NA,NA
"Amadese","1786","<10cm planted",NA,100446.883908795,NA
"Amadese","1788",">10cm",24.4028813559322,NA,NA
"Amadese","1788","<10cm planted",NA,20742.4491525424,NA
"Amadese","1789","<10cm planted",NA,7295.08236111111,NA
"Amadese","1789","1 - 9.9cm",NA,NA,4047.63425925926
"Amadese","1790","<10cm planted",NA,5694.15,NA
"Amadese","1791","<10cm planted",NA,25.9077777777778,NA
"Amadese","1792",">10cm",68.2263157894737,NA,NA
"Amadese","1792","<10cm planted",NA,3984.41684210526,NA
"Amadese","1793","<10cm planted",NA,597.5,NA
"Amadese","1794","1 - 9.9cm",30364.284498713,NA,5987.32370397158
"Amadese","1794","<1cm",69281.8885745283,NA,NA
"Amadese","1794",">10cm",470.432576740624,NA,51.3199174626135
"Amadese","1794","<10cm planted",NA,264425.874726116,NA
"Amadese","1813","<10cm planted",NA,7530.12254723175,NA
"CI Madagascar","1744","<10cm planted",NA,0,NA
"CI Madagascar","1746","1 - 9.9cm",209.96,NA,NA
"CI Madagascar","1746",">10cm",104.98,NA,NA
"CI Madagascar","1750","<10cm planted",NA,640.816,NA
"CI Madagascar","1758","1 - 9.9cm",2185.0729131055,NA,NA
"CI Madagascar","1758",">10cm",298.554516840157,NA,12.9806311669633
"CI Madagascar","1758","<10cm planted",NA,5140.32994211749,NA
"CI Madagascar","1759","1 - 9.9cm",18.9642105263158,NA,NA
"CI Madagascar","1761","1 - 9.9cm",20.5612903225806,NA,10.2806451612903
"CI Madagascar","1761","<1cm",9252.58064516129,NA,NA
"CI Madagascar","1763","1 - 9.9cm",68.4259180910476,NA,NA
"CI Madagascar","1768","1 - 9.9cm",23.8589189189189,NA,NA
"CI Madagascar","1779","1 - 9.9cm",13.0610526315789,NA,NA
"CI Madagascar","1792","1 - 9.9cm",13.6452631578947,NA,NA
"CI Madagascar","1792",">10cm",13.6452631578947,NA,NA
"CI Madagascar","1794","<1cm",69281.8885745283,NA,NA
"CI Madagascar","1795","1 - 9.9cm",41.6897668484585,NA,NA
"CI Madagascar","1795",">10cm",41.6897668484585,NA,NA
"CI Madagascar","1797","1 - 9.9cm",254.860450196647,NA,12.1362119141261
"CI Madagascar","1797",">10cm",36.4086357423782,NA,NA
"CI Madagascar","1797","<10cm planted",NA,0,NA
"CI Madagascar","1821","<10cm planted",NA,30.5270078740158,NA
"CI Madagascar","1821","1 - 9.9cm",NA,NA,106.844527559055
"CI Madagascar","1828","<10cm planted",NA,43.072,NA
"CI Madagascar","1828","1 - 9.9cm",NA,NA,129.216
"CI Madagascar","1830","1 - 9.9cm",187.879518072289,NA,NA
"CI Madagascar","1831","1 - 9.9cm",263.328047571853,NA,NA
"CI Madagascar","1835","1 - 9.9cm",2721.87804878049,NA,NA
"CI Madagascar","1840","1 - 9.9cm",34.8032103233929,NA,NA
"CI Madagascar","1853","1 - 9.9cm",336.370044052863,NA,NA
"CI Madagascar","1854","1 - 9.9cm",NA,NA,52.9973808276585
"CI Madagascar","1860","1 - 9.9cm",26.1046635813457,NA,NA
"CI Madagascar","1862","1 - 9.9cm",168.823155298851,NA,NA
"CI Madagascar","1876","1 - 9.9cm",80.832,NA,NA
"CI Madagascar","1880","1 - 9.9cm",123.086486486486,NA,NA
"CI Madagascar","1880","<10cm planted",NA,35.1675675675676,NA
"CI Madagascar","1881","1 - 9.9cm",169.822105263158,NA,NA
"CI Madagascar","1889","1 - 9.9cm",813.163064833006,NA,NA
"CI Madagascar","1890","1 - 9.9cm",30.5609522506499,NA,NA
"CI Madagascar","1891","1 - 9.9cm",139.939794344473,NA,NA
"CI Madagascar","1891","<10cm planted",NA,63.6089974293059,NA
"CI Madagascar","1895",">10cm",151.786235662148,NA,NA
"CI Madagascar","1895","1 - 9.9cm",NA,NA,40476.3295099062
"CI Madagascar","1898","1 - 9.9cm",43.8315163528246,NA,NA
"CI Philippines","1742","1 - 9.9cm",7146650,NA,NA
"CI Philippines","1742","<1cm",25268512.5,NA,NA
"CI Philippines","1742",">10cm",222056.625,NA,NA
"CI Philippines","1987","1 - 9.9cm",6032897.66666667,NA,NA
"CI Philippines","1987","<1cm",20760265.5,NA,NA
"CI Philippines","1987",">10cm",149048.06,NA,NA
"CI Philippines","211","1 - 9.9cm",568719.763546798,NA,NA
"CI Philippines","211","<1cm",3079084.34482759,NA,NA
"CI Philippines","211",">10cm",22793.221773399,NA,NA
"CI Philippines","211","<10cm planted",NA,122408.042857143,NA
"FAFIALA","1794","<10cm planted",NA,128.299793656534,NA
"FAFIALA","1795","1 - 9.9cm",151180.99118146,NA,2779.31778989723
"FAFIALA","1795","<1cm",412728.691799739,NA,NA
"FAFIALA","1795",">10cm",421.52986480108,NA,NA
"FAFIALA","1795",">1cm",6948.29447474308,NA,NA
"FAFIALA","1795","<10cm planted",NA,552250.44485258,NA
"FAFIALA","1796","1 - 9.9cm",15696.6734448377,NA,1653.58687857126
"FAFIALA","1796","<1cm",44646.8457214241,NA,NA
"FAFIALA","1796",">10cm",446.468457214241,NA,NA
"FAFIALA","1796",">1cm",55808.5571517801,NA,NA
"FAFIALA","1796","<10cm planted",NA,36349.9735581928,NA
"FAFIALA","1797","1 - 9.9cm",117349.078401656,NA,3640.86357423782
"FAFIALA","1797","<1cm",141993.679395275,NA,NA
"FAFIALA","1797",">10cm",163.838860840702,NA,NA
"FAFIALA","1797",">1cm",97089.6953130085,NA,1213.62119141261
"FAFIALA","1797","<10cm planted",NA,296026.481009363,NA
"FAFIALA","1799","1 - 9.9cm",360.862354892206,NA,NA
"FAFIALA","1799",">1cm",93.9745715865119,NA,NA
"FAFIALA","1799","<10cm planted",NA,428.524046434494,NA
"FAFIALA","1800","1 - 9.9cm",7631.96777777778,NA,NA
"FAFIALA","1800","<10cm planted",NA,4567.72555555556,NA
"FAFIALA","1801","<10cm planted",NA,1920.5,NA
"FAFIALA","1802","1 - 9.9cm",2007.065,NA,NA
"FAFIALA","1802","<10cm planted",NA,6762.54333333333,NA
"FAFIALA","1803","1 - 9.9cm",23667.6963877458,NA,NA
"FAFIALA","1803","<1cm",102189.947089947,NA,NA
"FAFIALA","1803",">10cm",29.4374333180918,NA,NA
"FAFIALA","1803",">1cm",1261.60428506108,NA,NA
"FAFIALA","1803","<10cm planted",NA,45796.235547717,NA
"FAFIALA","1804","1 - 9.9cm",326.444444444444,NA,NA
"FAFIALA","1804","<10cm planted",NA,538.633333333333,NA
"FAFIALA","1805","1 - 9.9cm",8155.13228834327,NA,NA
"FAFIALA","1805","<1cm",11025.9675405743,NA,NA
"FAFIALA","1805",">1cm",3675.32251352476,NA,NA
"FAFIALA","1805","<10cm planted",NA,44557.1599389652,NA
"FAFIALA","1806","1 - 9.9cm",9446.09460946095,NA,NA
"FAFIALA","1806","<1cm",52316.8316831683,NA,NA
"FAFIALA","1806",">10cm",247.051705170517,NA,NA
"FAFIALA","1806","<10cm planted",NA,581.298129812981,NA
"FAFIALA","1808","1 - 9.9cm",199.8,NA,NA
"FAFIALA","1808","<10cm planted",NA,2207.79,NA
"FAFIALA","1809",">1cm",10277.7777777778,NA,NA
"FAFIALA","1809","<10cm planted",NA,1233.33333333333,NA
"FAFIALA","1810","1 - 9.9cm",1798,NA,NA
"FAFIALA","1810",">10cm",8.99,NA,NA
"FAFIALA","1810","<10cm planted",NA,3973.58,NA
"FAFIALA","1811","<10cm planted",NA,28377.4444444444,NA
"FAFIALA","1812","1 - 9.9cm",5501.43105297761,NA,10.0147409944981
"FAFIALA","1812",">10cm",56.7501989688224,NA,NA
"FAFIALA","1812",">1cm",4005.89639779923,NA,NA
"FAFIALA","1812","<10cm planted",NA,96962.7223087304,NA
"FAFIALA","1813","1 - 9.9cm",4277.67524983587,NA,NA
"FAFIALA","1813",">10cm",31.8174192136553,NA,NA
"FAFIALA","1813","<10cm planted",NA,20766.1689401123,NA
"FAFIALA","1814","<10cm planted",NA,6697.79833333333,NA
"FAFIALA","1815","<10cm planted",NA,1863.55555555556,NA
"FAFIALA","1816","<10cm planted",NA,353.333333333333,NA
"FAFIALA","1817",">1cm",1904.7304730473,NA,NA
"FAFIALA","1817","<10cm planted",NA,7523.68536853685,NA
"FAFIALA","1818","1 - 9.9cm",1811.42183594638,NA,476.689956827994
"FAFIALA","1818","<1cm",12870.6288343558,NA,NA
"FAFIALA","1818",">1cm",4290.20961145194,NA,NA
"FAFIALA","1818","<10cm planted",NA,28615.6981083845,NA
"FAFIALA","1819","1 - 9.9cm",2725.94282073416,NA,NA
"FAFIALA","1819",">1cm",6503.24330990258,NA,NA
"FAFIALA","1819","<10cm planted",NA,20403.9258848193,NA
"FONCET","295","1 - 9.9cm",21063.0769230769,NA,NA
"FONCET","295","<1cm",105315.384615385,NA,NA
"FONCET","295",">10cm",2429.27487179487,NA,NA
"FONCET","295","<10cm planted",NA,28.0841025641026,NA
"FONCET","296","1 - 9.9cm",58664.0888888889,NA,NA
"FONCET","296","<1cm",148916.533333333,NA,NA
"FONCET","296",">10cm",1549.33362962963,NA,NA
"Faja Lobi","95",">10cm",8161.66245874587,NA,NA
"Faja Lobi","95","<10cm planted",NA,902.992442244224,NA
"Faja Lobi","96",">10cm",4092.60782894737,NA,NA
"GANB","40",">10cm",4500.46666666667,NA,NA
"GANB","40","<10cm planted",NA,0,NA
"Green Forests Work","2007","1 - 9.9cm",117467.016393443,NA,NA
"Green Forests Work","2007",">10cm",660.751967213115,NA,NA
"Green Forests Work","2007","<10cm planted",NA,1027.83639344262,NA
"Reforest Action","279","1 - 9.9cm",49882,NA,NA
"Reforest Action","279",">10cm",498.82,NA,NA
"Reforest Action","329","1 - 9.9cm",31901.1780821918,NA,NA
"Reforest Action","329",">10cm",549.409178082192,NA,NA
"Reforest Action","329","<10cm planted",NA,35.4457534246575,NA
"Reforest Action","333","1 - 9.9cm",44861.4545454545,NA,NA
"Reforest Action","333",">10cm",785.075454545454,NA,NA
"Reforest Action","334","1 - 9.9cm",63996.6263736264,NA,NA
"Reforest Action","334",">10cm",990.136483516484,NA,NA
"Reforest Action2","274","<10cm planted",NA,7682.57522123894,NA
"Reforest Action2","275",">10cm",92.0559722222222,NA,NA
"Reforest Action2","275","<10cm planted",NA,81469.5354166667,NA
"Reforest Action2","302","1 - 9.9cm",1309.57407407407,NA,NA
"Reforest Action2","302","<10cm planted",NA,6560.96611111111,NA
"Reforest Action2","306","1 - 9.9cm",19500.3333333333,NA,NA
"Reforest Action2","306",">10cm",65.0011111111111,NA,NA
"Reforest Action2","306","<10cm planted",NA,5113.42074074074,NA
"Reforest Action2","307","1 - 9.9cm",17853.8888888889,NA,NA
"Reforest Action2","307","<10cm planted",NA,2570.96,NA
"Taotsara","1821","1 - 9.9cm",69957.7263779528,NA,NA
"Taotsara","1821","<1cm",109897.228346457,NA,NA
"Taotsara","1821",">10cm",188.249881889764,NA,NA
"Taotsara","1821","<10cm planted",NA,26512.7063385827,NA
"Taotsara","1822","<1cm",149136,NA,NA
"Taotsara","1822","<10cm planted",NA,497.12,NA
"Taotsara","1823","1 - 9.9cm",2195.62962962963,NA,NA
"Taotsara","1823","<1cm",177846,NA,NA
"Taotsara","1823","<10cm planted",NA,296.41,NA
"Taotsara","1824","<10cm planted",NA,1713.33,NA
"Taotsara","1825","1 - 9.9cm",1360,NA,NA
"Taotsara","1825","<10cm planted",NA,253.866666666667,NA
"Taotsara","1826","<10cm planted",NA,2427.33333333333,NA
"Taotsara","1827","<10cm planted",NA,24602.1111111111,NA
"Taotsara","1828","1 - 9.9cm",13998.4,NA,NA
"Taotsara","1828","<1cm",38764.8,NA,NA
"Taotsara","1828",">10cm",14.3573333333333,NA,NA
"Taotsara","1828","<10cm planted",NA,5793.184,NA
"Taotsara","1829","1 - 9.9cm",1638.22222222222,NA,NA
"Taotsara","1829","<1cm",2764.5,NA,NA
"Taotsara","1829","<10cm planted",NA,18.43,NA
"Taotsara","1830","<10cm planted",NA,12932.3734939759,NA
"Taotsara","1830","1 - 9.9cm",NA,NA,1565.66265060241
"Taotsara","1831","<10cm planted",NA,2369.95242814668,NA
"Taotsara","1832","<10cm planted",NA,334.055555555555,NA
"Taotsara","1833","1 - 9.9cm",12223.7142857143,NA,NA
"Taotsara","1833",">10cm",81.4914285714286,NA,NA
"Taotsara","1833","<10cm planted",NA,254.660714285714,NA
"Taotsara","1834","1 - 9.9cm",321.888888888889,NA,NA
"Taotsara","1834","<10cm planted",NA,32.1888888888889,NA
"Taotsara","1835","1 - 9.9cm",30847.9512195122,NA,NA
"Taotsara","1835","<1cm",97987.6097560976,NA,NA
"Taotsara","1835","<10cm planted",NA,21148.9924390244,NA
"Taotsara","1836","1 - 9.9cm",37318.753101649,NA,NA
"Taotsara","1836","<1cm",37550.5465991748,NA,NA
"Taotsara","1836",">10cm",18.5434798020616,NA,NA
"Taotsara","1836","<10cm planted",NA,19359.3929133523,NA
"Taotsara","1837","1 - 9.9cm",5792.22222222222,NA,NA
"Taotsara","1837","<10cm planted",NA,46.3377777777778,NA
"Taotsara","1838","<10cm planted",NA,266.911111111111,NA
"Taotsara","1840","1 - 9.9cm",4779.64088441262,NA,NA
"Taotsara","1840","<1cm",156614.446455268,NA,NA
"Taotsara","1840",">10cm",87.0080258084822,NA,NA
"Taotsara","1840","<10cm planted",NA,38718.5714847746,NA
"Taotsara","1841","<10cm planted",NA,788.9,NA
"Taotsara","1842","<1cm",1851,NA,NA
"Taotsara","1842","<10cm planted",NA,22.6233333333333,NA
"Taotsara","1843","<10cm planted",NA,18.9155555555556,NA
"Taotsara","1845","<10cm planted",NA,405.805555555556,NA
"Taotsara","1847","<10cm planted",NA,982,NA
"Taotsara","1848","1 - 9.9cm",3036.54194365305,NA,NA
"Taotsara","1848",">10cm",20.8936372269706,NA,NA
"Taotsara","1848","<10cm planted",NA,20329.5090218424,NA
"Taotsara","1849","1 - 9.9cm",7016.02655286866,NA,NA
"Taotsara","1849","<1cm",21048.079658606,NA,NA
"Taotsara","1849",">10cm",233.867551762289,NA,NA
"Taotsara","1849","<10cm planted",NA,35454.3208471629,NA
"Taotsara","1850","1 - 9.9cm",184.666666666667,NA,NA
"Taotsara","1850","<10cm planted",NA,930.72,NA
"Taotsara","1851","1 - 9.9cm",2628.99069803396,NA,4732.18325646113
"Taotsara","1851","<1cm",14196.5497693834,NA,NA
"Taotsara","1851",">10cm",31.5478883764075,NA,NA
"Taotsara","1851","<10cm planted",NA,163654.670952614,NA
"Taotsara","1852",">1cm",23528.4403669725,NA,NA
"Taotsara","1852","<10cm planted",NA,3764.5504587156,NA
"Taotsara","1853","<10cm planted",NA,27414.1585903084,NA
"Taotsara","1854","1 - 9.9cm",2649.86904138292,NA,NA
"Taotsara","1854",">10cm",150.159245678366,NA,NA
"Taotsara","1854","<10cm planted",NA,6465.68046097433,NA
"Taotsara","1855","<10cm planted",NA,7570.6135986733,NA
"Taotsara","1856",">1cm",131783.333333333,NA,NA
"Taotsara","1856","<10cm planted",NA,96860.75,NA
"Taotsara","1857","<10cm planted",NA,2684.4075,NA
"Taotsara","1859","1 - 9.9cm",1641.97530864198,NA,NA
"Taotsara","1859","<1cm",8866.66666666667,NA,NA
"Taotsara","1859","<10cm planted",NA,4334.81481481481,NA
"Taotsara","1860","1 - 9.9cm",108.76943158894,NA,NA
"Taotsara","1860","<10cm planted",NA,982.187967248131,NA
"Taotsara","1861","1 - 9.9cm",4047.92753623188,NA,NA
"Taotsara","1861","<10cm planted",NA,3148.70934782609,NA
"Taotsara","1862","1 - 9.9cm",5627.43850996171,NA,14.0685962749043
"Taotsara","1862","<1cm",88632.156531897,NA,NA
"Taotsara","1862","<10cm planted",NA,35480.9998053086,NA
"Taotsara","1864","1 - 9.9cm",16877.7777777778,NA,NA
"Taotsara","1864",">10cm",18.0833333333333,NA,NA
"Taotsara","1864","<10cm planted",NA,4701.66666666667,NA
"Taotsara","1865","<10cm planted",NA,19.76,NA
"Taotsara","1866","<10cm planted",NA,140.01,NA
"Taotsara","1868","1 - 9.9cm",135.037037037037,NA,NA
"Taotsara","1868","<10cm planted",NA,48.6133333333333,NA
"Taotsara","1869",">10cm",276.039800995025,NA,NA
"Taotsara","1869","<10cm planted",NA,4416.6368159204,NA
"Taotsara","1870","1 - 9.9cm",80038.0385830477,NA,NA
"Taotsara","1870","<1cm",97784.0290381125,NA,NA
"Taotsara","1870",">10cm",260.7574107683,NA,NA
"Taotsara","1870","<10cm planted",NA,33246.5698729583,NA
"Taotsara","1871","1 - 9.9cm",16378.1081081081,NA,NA
"Taotsara","1871","<10cm planted",NA,3619.56189189189,NA
"Taotsara","1872","1 - 9.9cm",4919.99099099099,NA,NA
"Taotsara","1872","<1cm",37954.2162162162,NA,NA
"Taotsara","1872","<10cm planted",NA,1391.65459459459,NA
"Taotsara","1873",">10cm",164.034444444444,NA,NA
"Taotsara","1873","<10cm planted",NA,15091.1688888889,NA
"Taotsara","1874","<10cm planted",NA,7016.165625,NA
"Taotsara","1876","<10cm planted",NA,107.776,NA
"Taotsara","1877","1 - 9.9cm",9890.62962962963,NA,NA
"Taotsara","1877","<1cm",48554,NA,NA
"Taotsara","1877",">10cm",251.761481481481,NA,NA
"Taotsara","1877","<10cm planted",NA,25436.9011111111,NA
"Taotsara","1878","1 - 9.9cm",1427.06666666667,NA,NA
"Taotsara","1878",">10cm",20.5333333333333,NA,NA
"Taotsara","1878","<10cm planted",NA,17417.4,NA
"Taotsara","1879","1 - 9.9cm",128.111111111111,NA,NA
"Taotsara","1879",">10cm",0.854074074074074,NA,NA
"Taotsara","1879","<10cm planted",NA,5.12444444444444,NA
"Taotsara","1880","1 - 9.9cm",586.126126126126,NA,NA
"Taotsara","1880",">10cm",93.7801801801802,NA,NA
"Taotsara","1880","<10cm planted",NA,4026.68648648649,NA
"Taotsara","1881","1 - 9.9cm",6604.19298245614,NA,NA
"Taotsara","1881","<10cm planted",NA,10755.4,NA
"Taotsara","1882","1 - 9.9cm",5197.59459459459,NA,NA
"Taotsara","1882","<1cm",347496.324324324,NA,NA
"Taotsara","1882",">10cm",9.90018018018018,NA,NA
"Taotsara","1882","<10cm planted",NA,5836.15621621622,NA
"Taotsara","1883","<10cm planted",NA,1637.77777777778,NA
"Taotsara","1884","<10cm planted",NA,23069.3333333333,NA
"Taotsara","1886","<10cm planted",NA,2.28444444444444,NA
"Taotsara","1887","<10cm planted",NA,17.1111111111111,NA
"Taotsara","1888","1 - 9.9cm",1107.64021164021,NA,NA
"Taotsara","1888",">10cm",95.5339682539683,NA,NA
"Taotsara","1888","<10cm planted",NA,195.221587301587,NA
"Taotsara","1889","<10cm planted",NA,829.426326129666,NA
"Taotsara","1890","1 - 9.9cm",3056.09522506499,NA,611.219045012998
"Taotsara","1890",">10cm",4.07479363341998,NA,6.11219045012998
"Taotsara","1890","<10cm planted",NA,3496.17293747435,NA
"Taotsara","1891","1 - 9.9cm",57672.1576692374,NA,NA
"Taotsara","1891",">10cm",125.097694944302,NA,NA
"Taotsara","1891","<10cm planted",NA,70415.1601542416,NA
"Taotsara","1892",">1cm",8342.04734911637,NA,NA
"Taotsara","1892","<10cm planted",NA,41459.9753251084,NA
"Taotsara","1895","<10cm planted",NA,29345.338894682,NA
"Taotsara","1896","<10cm planted",NA,2362,NA
"Taotsara","1897",">1cm",9666.66666666667,NA,NA
"Taotsara","1897","<10cm planted",NA,483.333333333333,NA
"Taotsara","1898",">1cm",2191.57581764123,NA,NA
"Taotsara","1898","<10cm planted",NA,4251.65708622398,NA
"Taotsara","1899",">1cm",50155.5555555556,NA,NA
"Taotsara","1899","<10cm planted",NA,1003.11111111111,NA
"Taotsara","1900","1 - 9.9cm",91.6923879040667,NA,NA
"Taotsara","1900",">1cm",9169.23879040667,NA,NA
"Taotsara","1900","<10cm planted",NA,11324.0099061522,NA
"Wells for Zoe","180","1 - 9.9cm",3108580.29360635,NA,NA
"Wells for Zoe","180","<1cm",123374.493499003,NA,NA
"Wells for Zoe","180",">10cm",4775.04984097992,NA,0
"Wells for Zoe","180","<10cm planted",NA,183965.078084068,NA
