"Site_ID","Plot_ID","Species","Tree_Count","Tree_Type","size_class","Timeframe","Country","Organization_Name","SiteType","Plot_Size","tree_index","main_index","_parent_table_name","origin_table","Plot_Permanence","Resample_Main_Plot","Resample_3x3_Subplot","Restoration_Technique"
"#40_Test","40_001_Test","Sp1",1,"planted",">10cm","Y2.5","Brazil","GANB","Restoration","30x30",1,1,"main","_30x30_Plot_Repeat","Permanent","0","0","3x2"
"#40_Test","40_001_Test","Sp2",1,"Present",">10cm","Y2.5","Brazil","GANB","Restoration","30x30",2,1,"main","_30x30_Plot_Repeat","Permanent","0","0","3x2"
"#40_Test","40_001_Test","Sp3",1,"naturally_regenerating",">10cm","Y2.5","Brazil","GANB","Restoration","30x30",3,1,"main","_30x30_Plot_Repeat","Permanent","0","0","3x2"
"#Teste Henrique",NA,"Angico",2,"planted",">10cm","Y2.5","Brazil","GANB","Restoration","30x15",3,2,"main","_30x15_Plot_Repeat",NA,"0","0",NA
"#Teste Henrique",NA,"Manga",2,"planted",">10cm","Y2.5","Brazil","GANB","Restoration","30x15",2,2,"main","_30x15_Plot_Repeat",NA,"0","0",NA
"#Teste Henrique",NA,"Pata de vaca",1,"planted",">10cm","Y2.5","Brazil","GANB","Restoration","30x15",1,2,"main","_30x15_Plot_Repeat",NA,"0","0",NA
"777","777-1","tree 2 test",1,"Present",">10cm","Y0","Brazil","EMA","Restoration","30x30",439,26,"main","_30x30_Plot_Repeat","Permanent","1","2","6x3"
"777","777-1","tree test",1,"Present",">10cm","Y0","Brazil","EMA","Restoration","30x30",438,26,"main","_30x30_Plot_Repeat","Permanent","1","2","6x3"
"888",NA,"Christmas tree",1,"Present",">10cm","Y0","Brazil","EMA","Restoration","30x15",6,25,"main","_30x15_Plot_Repeat",NA,"0","2",NA
"888",NA,"Palm tree",1,"Present",">10cm","Y0","Brazil","EMA","Restoration","30x15",7,25,"main","_30x15_Plot_Repeat",NA,"0","2",NA
"999","999-1","Anotherus testus (seeing what happens when same tree number is used)",1,"Present",">10cm","Y0","Brazil","EMA","Restoration","30x30",435,24,"main","_30x30_Plot_Repeat","Permanent","0","1","4 by 4 meters"
"999","999-1","Pretendus arbolus",2,"Present",">10cm","Y0","Brazil","EMA","Restoration","30x30",436,24,"main","_30x30_Plot_Repeat","Permanent","0","1","4 by 4 meters"
"999","999-1","Testus Speciesus",1,"Present",">10cm","Y0","Brazil","EMA","Restoration","30x30",434,24,"main","_30x30_Plot_Repeat","Permanent","0","1","4 by 4 meters"
"P1 - ENR - 180","P1 - ENR - 180","Jacaranda ulei",1,"Present",">10cm","Y0","Brazil","GANB","Restoration","30x30",6,3,"main","_30x30_Plot_Repeat","Permanent","0","0","4x3 (3 entre linhas)"
"P1 - ENR - 180","P1 - ENR - 180","Myrsine guianensis",2,"Present",">10cm","Y0","Brazil","GANB","Restoration","30x30",4,3,"main","_30x30_Plot_Repeat","Permanent","0","0","4x3 (3 entre linhas)"
"P1 - RN - 180","P1 - RN - 180","Annona silvestris Vell.",2,"Present",">10cm","Y0","Brazil","GANB","Restoration","30x30",12,4,"main","_30x30_Plot_Repeat","Permanent","0","0","Não haverá plantio de mudas, apenas limpeza de área e coroamento de regenerantes."
"P1 - RN - 180","P1 - RN - 180","Byrsonima sericea DC.",1,"Present",">10cm","Y0","Brazil","GANB","Restoration","30x30",31,4,"main","_30x30_Plot_Repeat","Permanent","0","0","Não haverá plantio de mudas, apenas limpeza de área e coroamento de regenerantes."
"P1 - RN - 180","P1 - RN - 180","Byrsonima verbascifolia",2,"Present",">10cm","Y0","Brazil","GANB","Restoration","30x30",19,4,"main","_30x30_Plot_Repeat","Permanent","0","0","Não haverá plantio de mudas, apenas limpeza de área e coroamento de regenerantes."
"P1 - RN - 180","P1 - RN - 180","Byrsonima verbascifolia (L.) DC.",1,"Present",">10cm","Y0","Brazil","GANB","Restoration","30x30",15,4,"main","_30x30_Plot_Repeat","Permanent","0","0","Não haverá plantio de mudas, apenas limpeza de área e coroamento de regenerantes."
"P1 - RN - 180","P1 - RN - 180","Eschweilera ovata",1,"Present",">10cm","Y0","Brazil","GANB","Restoration","30x30",17,4,"main","_30x30_Plot_Repeat","Permanent","0","0","Não haverá plantio de mudas, apenas limpeza de área e coroamento de regenerantes."
"P1 - RN - 180","P1 - RN - 180","Inga edulis",1,"Present",">10cm","Y0","Brazil","GANB","Restoration","30x30",30,4,"main","_30x30_Plot_Repeat","Permanent","0","0","Não haverá plantio de mudas, apenas limpeza de área e coroamento de regenerantes."
"P1 - RN - 180","P1 - RN - 180","Miconia sp.",3,"Present",">10cm","Y0","Brazil","GANB","Restoration","30x30",16,4,"main","_30x30_Plot_Repeat","Permanent","0","0","Não haverá plantio de mudas, apenas limpeza de área e coroamento de regenerantes."
"P1 - RN - 180","P1 - RN - 180","Senefeldera multiflora (Mart.) Muell. Arg.",1,"Present",">10cm","Y0","Brazil","GANB","Restoration","30x30",8,4,"main","_30x30_Plot_Repeat","Permanent","0","0","Não haverá plantio de mudas, apenas limpeza de área e coroamento de regenerantes."
"P1 - RN - 180","P1 - RN - 180","Syagrus botryophora",1,"Present",">10cm","Y0","Brazil","GANB","Restoration","30x30",7,4,"main","_30x30_Plot_Repeat","Permanent","0","0","Não haverá plantio de mudas, apenas limpeza de área e coroamento de regenerantes."
"P1 - RN - 180","P1 - RN - 180","Syagrus botryophora (Mart.) Mart.",9,"Present",">10cm","Y0","Brazil","GANB","Restoration","30x30",9,4,"main","_30x30_Plot_Repeat","Permanent","0","0","Não haverá plantio de mudas, apenas limpeza de área e coroamento de regenerantes."
"P1 - RN - 180","P1 - RN - 180","Tapirira guianensis Aubl.",1,"Present",">10cm","Y0","Brazil","GANB","Restoration","30x30",34,4,"main","_30x30_Plot_Repeat","Permanent","0","0","Não haverá plantio de mudas, apenas limpeza de área e coroamento de regenerantes."
"P1 - RN - 180","P1 - RN - 180","Vismia martiniana",2,"Present",">10cm","Y0","Brazil","GANB","Restoration","30x30",10,4,"main","_30x30_Plot_Repeat","Permanent","0","0","Não haverá plantio de mudas, apenas limpeza de área e coroamento de regenerantes."
"P1 - RN - 180","P1 - RN - 180","Xylopia frutescens",2,"Present",">10cm","Y0","Brazil","GANB","Restoration","30x30",20,4,"main","_30x30_Plot_Repeat","Permanent","0","0","Não haverá plantio de mudas, apenas limpeza de área e coroamento de regenerantes."
"P1 - RN - 180","P1 - RN - 180","Zanthoxylum nemorale Mart.",1,"Present",">10cm","Y0","Brazil","GANB","Restoration","30x30",11,4,"main","_30x30_Plot_Repeat","Permanent","0","0","Não haverá plantio de mudas, apenas limpeza de área e coroamento de regenerantes."
"P10- ENR 180","P10-ENR 180","Annona silvestris",3,"Present",">10cm","Y0","Brazil","GANB","Restoration","30x30",197,16,"main","_30x30_Plot_Repeat","Permanent","0","0","4x3"
"P10- ENR 180","P10-ENR 180","Arapatiella psilophylla",1,"Present",">10cm","Y0","Brazil","GANB","Restoration","30x30",199,16,"main","_30x30_Plot_Repeat","Permanent","0","0","4x3"
"P10- ENR 180","P10-ENR 180","Casearia sylvestris",2,"Present",">10cm","Y0","Brazil","GANB","Restoration","30x30",218,16,"main","_30x30_Plot_Repeat","Permanent","0","0","4x3"
"P10- ENR 180","P10-ENR 180","Compomanesia dichotoma",1,"Present",">10cm","Y0","Brazil","GANB","Restoration","30x30",203,16,"main","_30x30_Plot_Repeat","Permanent","0","0","4x3"
"P10- ENR 180","P10-ENR 180","Copaífera sp",1,"Present",">10cm","Y0","Brazil","GANB","Restoration","30x30",210,16,"main","_30x30_Plot_Repeat","Permanent","0","0","4x3"
"P10- ENR 180","P10-ENR 180","Coussapoa sp",1,"Present",">10cm","Y0","Brazil","GANB","Restoration","30x30",213,16,"main","_30x30_Plot_Repeat","Permanent","0","0","4x3"
"P10- ENR 180","P10-ENR 180","Emmotum nitens",1,"Present",">10cm","Y0","Brazil","GANB","Restoration","30x30",198,16,"main","_30x30_Plot_Repeat","Permanent","0","0","4x3"
"P10- ENR 180","P10-ENR 180","Eschweilera ovata",1,"Present",">10cm","Y0","Brazil","GANB","Restoration","30x30",222,16,"main","_30x30_Plot_Repeat","Permanent","0","0","4x3"
"P10- ENR 180","P10-ENR 180","Inga affinis",4,"Present",">10cm","Y0","Brazil","GANB","Restoration","30x30",196,16,"main","_30x30_Plot_Repeat","Permanent","0","0","4x3"
"P10- ENR 180","P10-ENR 180","Jacaranda ulei",3,"Present",">10cm","Y0","Brazil","GANB","Restoration","30x30",201,16,"main","_30x30_Plot_Repeat","Permanent","0","0","4x3"
"P10- ENR 180","P10-ENR 180","Lecythis lurida",1,"Present",">10cm","Y0","Brazil","GANB","Restoration","30x30",228,16,"main","_30x30_Plot_Repeat","Permanent","0","0","4x3"
"P10- ENR 180","P10-ENR 180","Margaritaria nobilis",1,"Present",">10cm","Y0","Brazil","GANB","Restoration","30x30",193,16,"main","_30x30_Plot_Repeat","Permanent","0","0","4x3"
"P10- ENR 180","P10-ENR 180","Swartzia polida",6,"Present",">10cm","Y0","Brazil","GANB","Restoration","30x30",204,16,"main","_30x30_Plot_Repeat","Permanent","0","0","4x3"
"P10- ENR 180","P10-ENR 180","Syagrus botryophora",1,"Present",">10cm","Y0","Brazil","GANB","Restoration","30x30",221,16,"main","_30x30_Plot_Repeat","Permanent","0","0","4x3"
"P10- ENR 180","P10-ENR 180","Tabebuia sp",2,"Present",">10cm","Y0","Brazil","GANB","Restoration","30x30",195,16,"main","_30x30_Plot_Repeat","Permanent","0","0","4x3"
"P10- ENR 180","P10-ENR 180","Thyrsodium spruceanum",2,"Present",">10cm","Y0","Brazil","GANB","Restoration","30x30",215,16,"main","_30x30_Plot_Repeat","Permanent","0","0","4x3"
"P10- ENR 180","P10-ENR 180","Vismia martiniana",1,"Present",">10cm","Y0","Brazil","GANB","Restoration","30x30",200,16,"main","_30x30_Plot_Repeat","Permanent","0","0","4x3"
"P10- ENR 180","P10-ENR 180","Xylopia aromatica",3,"Present",">10cm","Y0","Brazil","GANB","Restoration","30x30",207,16,"main","_30x30_Plot_Repeat","Permanent","0","0","4x3"
"P10- ENR 180","P10-ENR 180","Xylopia frutescens",1,"Present",">10cm","Y0","Brazil","GANB","Restoration","30x30",194,16,"main","_30x30_Plot_Repeat","Permanent","0","0","4x3"
"P10- RN 180","P10- RN 180","Allophylus sericeus",1,"Present",">10cm","Y0","Brazil","GANB","Restoration","30x30",246,17,"main","_30x30_Plot_Repeat","Permanent","0","0","Não haverá plantio de mudas"
"P10- RN 180","P10- RN 180","Annona silvestris",7,"Present",">10cm","Y0","Brazil","GANB","Restoration","30x30",239,17,"main","_30x30_Plot_Repeat","Permanent","0","0","Não haverá plantio de mudas"
"P10- RN 180","P10- RN 180","Byrsonima crassifolia",1,"Present",">10cm","Y0","Brazil","GANB","Restoration","30x30",253,17,"main","_30x30_Plot_Repeat","Permanent","0","0","Não haverá plantio de mudas"
"P10- RN 180","P10- RN 180","Casearia sylvestris",1,"Present",">10cm","Y0","Brazil","GANB","Restoration","30x30",261,17,"main","_30x30_Plot_Repeat","Permanent","0","0","Não haverá plantio de mudas"
"P10- RN 180","P10- RN 180","Coccoloba alnifolia",1,"Present",">10cm","Y0","Brazil","GANB","Restoration","30x30",276,17,"main","_30x30_Plot_Repeat","Permanent","0","0","Não haverá plantio de mudas"
"P10- RN 180","P10- RN 180","Copaífera sp",1,"Present",">10cm","Y0","Brazil","GANB","Restoration","30x30",250,17,"main","_30x30_Plot_Repeat","Permanent","0","0","Não haverá plantio de mudas"
"P10- RN 180","P10- RN 180","Croton floribundus",1,"Present",">10cm","Y0","Brazil","GANB","Restoration","30x30",233,17,"main","_30x30_Plot_Repeat","Permanent","0","0","Não haverá plantio de mudas"
"P10- RN 180","P10- RN 180","Eschweilera ovata",1,"Present",">10cm","Y0","Brazil","GANB","Restoration","30x30",236,17,"main","_30x30_Plot_Repeat","Permanent","0","0","Não haverá plantio de mudas"
"P10- RN 180","P10- RN 180","Guatteria sp",1,"Present",">10cm","Y0","Brazil","GANB","Restoration","30x30",248,17,"main","_30x30_Plot_Repeat","Permanent","0","0","Não haverá plantio de mudas"
"P10- RN 180","P10- RN 180","Inga subnuda",1,"Present",">10cm","Y0","Brazil","GANB","Restoration","30x30",274,17,"main","_30x30_Plot_Repeat","Permanent","0","0","Não haverá plantio de mudas"
"P10- RN 180","P10- RN 180","Jacaranda ulei",3,"Present",">10cm","Y0","Brazil","GANB","Restoration","30x30",262,17,"main","_30x30_Plot_Repeat","Permanent","0","0","Não haverá plantio de mudas"
"P10- RN 180","P10- RN 180","Lecythis lurida",1,"Present",">10cm","Y0","Brazil","GANB","Restoration","30x30",268,17,"main","_30x30_Plot_Repeat","Permanent","0","0","Não haverá plantio de mudas"
"P10- RN 180","P10- RN 180","Margaritaria nobilis",1,"Present",">10cm","Y0","Brazil","GANB","Restoration","30x30",235,17,"main","_30x30_Plot_Repeat","Permanent","0","0","Não haverá plantio de mudas"
"P10- RN 180","P10- RN 180","Melanoxylon brauna",12,"Present",">10cm","Y0","Brazil","GANB","Restoration","30x30",229,17,"main","_30x30_Plot_Repeat","Permanent","0","0","Não haverá plantio de mudas"
"P10- RN 180","P10- RN 180","Nectandra sp",1,"Present",">10cm","Y0","Brazil","GANB","Restoration","30x30",264,17,"main","_30x30_Plot_Repeat","Permanent","0","0","Não haverá plantio de mudas"
"P10- RN 180","P10- RN 180","Ormosia sp",1,"Present",">10cm","Y0","Brazil","GANB","Restoration","30x30",244,17,"main","_30x30_Plot_Repeat","Permanent","0","0","Não haverá plantio de mudas"
"P10- RN 180","P10- RN 180","Randia armata",1,"Present",">10cm","Y0","Brazil","GANB","Restoration","30x30",232,17,"main","_30x30_Plot_Repeat","Permanent","0","0","Não haverá plantio de mudas"
"P10- RN 180","P10- RN 180","Swartzia polida",1,"Present",">10cm","Y0","Brazil","GANB","Restoration","30x30",241,17,"main","_30x30_Plot_Repeat","Permanent","0","0","Não haverá plantio de mudas"
"P10- RN 180","P10- RN 180","Syagrus botryophora",12,"Present",">10cm","Y0","Brazil","GANB","Restoration","30x30",234,17,"main","_30x30_Plot_Repeat","Permanent","0","0","Não haverá plantio de mudas"
"P10- RN 180","P10- RN 180","Tapirira guianensis",1,"Present",">10cm","Y0","Brazil","GANB","Restoration","30x30",260,17,"main","_30x30_Plot_Repeat","Permanent","0","0","Não haverá plantio de mudas"
"P10- RN 180","P10- RN 180","Xylopia aromatica",2,"Present",">10cm","Y0","Brazil","GANB","Restoration","30x30",243,17,"main","_30x30_Plot_Repeat","Permanent","0","0","Não haverá plantio de mudas"
"P2 - ENR - 180","P2 -  ENR - 180","Byrsonima sericea",1,"Present",">10cm","Y0","Brazil","GANB","Restoration","30x30",50,6,"main","_30x30_Plot_Repeat","Permanent","0","0","4x3"
"P2 - ENR - 180","P2 -  ENR - 180","Compamanesia dichotoma",1,"Present",">10cm","Y0","Brazil","GANB","Restoration","30x30",43,6,"main","_30x30_Plot_Repeat","Permanent","0","0","4x3"
"P2 - ENR - 180","P2 -  ENR - 180","Eschweilera ovata",1,"Present",">10cm","Y0","Brazil","GANB","Restoration","30x30",45,6,"main","_30x30_Plot_Repeat","Permanent","0","0","4x3"
"P2 - ENR - 180","P2 -  ENR - 180","Myrcia falla",1,"Present",">10cm","Y0","Brazil","GANB","Restoration","30x30",48,6,"main","_30x30_Plot_Repeat","Permanent","0","0","4x3"
"P2 - ENR - 180","P2 -  ENR - 180","Pogonophora schomburgkiana",1,"Present",">10cm","Y0","Brazil","GANB","Restoration","30x30",47,6,"main","_30x30_Plot_Repeat","Permanent","0","0","4x3"
"P2 - ENR - 180","P2 -  ENR - 180","Pouteira venosa",1,"Present",">10cm","Y0","Brazil","GANB","Restoration","30x30",49,6,"main","_30x30_Plot_Repeat","Permanent","0","0","4x3"
"P2 - ENR - 180","P2 -  ENR - 180","Pterocarpus rhorii",1,"Present",">10cm","Y0","Brazil","GANB","Restoration","30x30",52,6,"main","_30x30_Plot_Repeat","Permanent","0","0","4x3"
"P2 - ENR - 180","P2 -  ENR - 180","Schefflera morototoni",1,"Present",">10cm","Y0","Brazil","GANB","Restoration","30x30",46,6,"main","_30x30_Plot_Repeat","Permanent","0","0","4x3"
"P2 - ENR - 180","P2 -  ENR - 180","Tapirira guianensis",1,"Present",">10cm","Y0","Brazil","GANB","Restoration","30x30",44,6,"main","_30x30_Plot_Repeat","Permanent","0","0","4x3"
"P2 - ENR - 180","P2 -  ENR - 180","Zanthoxylum nemorale",1,"Present",">10cm","Y0","Brazil","GANB","Restoration","30x30",51,6,"main","_30x30_Plot_Repeat","Permanent","0","0","4x3"
"P2 - RN - 180","P2  - RN - 180","Andira fraxinifolia",1,"Present",">10cm","Y0","Brazil","GANB","Restoration","30x30",65,7,"main","_30x30_Plot_Repeat","Permanent","0","0","Não haverá plantio de mudas"
"P2 - RN - 180","P2  - RN - 180","Annona silvestris",1,"Present",">10cm","Y0","Brazil","GANB","Restoration","30x30",66,7,"main","_30x30_Plot_Repeat","Permanent","0","0","Não haverá plantio de mudas"
"P2 - RN - 180","P2  - RN - 180","Casearia commersoniana",1,"Present",">10cm","Y0","Brazil","GANB","Restoration","30x30",69,7,"main","_30x30_Plot_Repeat","Permanent","0","0","Não haverá plantio de mudas"
"P2 - RN - 180","P2  - RN - 180","Eschweilera mattos-silvae",1,"Present",">10cm","Y0","Brazil","GANB","Restoration","30x30",62,7,"main","_30x30_Plot_Repeat","Permanent","0","0","Não haverá plantio de mudas"
"P2 - RN - 180","P2  - RN - 180","Eschweilera ovata",1,"Present",">10cm","Y0","Brazil","GANB","Restoration","30x30",71,7,"main","_30x30_Plot_Repeat","Permanent","0","0","Não haverá plantio de mudas"
"P2 - RN - 180","P2  - RN - 180","Inga affinis",2,"Present",">10cm","Y0","Brazil","GANB","Restoration","30x30",73,7,"main","_30x30_Plot_Repeat","Permanent","0","0","Não haverá plantio de mudas"
"P2 - RN - 180","P2  - RN - 180","Jacaranda semisserrata",1,"Present",">10cm","Y0","Brazil","GANB","Restoration","30x30",68,7,"main","_30x30_Plot_Repeat","Permanent","0","0","Não haverá plantio de mudas"
"P2 - RN - 180","P2  - RN - 180","Lecythis pisonis",1,"Present",">10cm","Y0","Brazil","GANB","Restoration","30x30",57,7,"main","_30x30_Plot_Repeat","Permanent","0","0","Não haverá plantio de mudas"
"P2 - RN - 180","P2  - RN - 180","Margaritaria nobilis",1,"Present",">10cm","Y0","Brazil","GANB","Restoration","30x30",67,7,"main","_30x30_Plot_Repeat","Permanent","0","0","Não haverá plantio de mudas"
"P2 - RN - 180","P2  - RN - 180","Melanoxylon brauna",1,"Present",">10cm","Y0","Brazil","GANB","Restoration","30x30",72,7,"main","_30x30_Plot_Repeat","Permanent","0","0","Não haverá plantio de mudas"
"P2 - RN - 180","P2  - RN - 180","Moldenhawera blanchetiana",3,"Present",">10cm","Y0","Brazil","GANB","Restoration","30x30",70,7,"main","_30x30_Plot_Repeat","Permanent","0","0","Não haverá plantio de mudas"
"P2 - RN - 180","P2  - RN - 180","Pera glabrata",1,"Present",">10cm","Y0","Brazil","GANB","Restoration","30x30",81,7,"main","_30x30_Plot_Repeat","Permanent","0","0","Não haverá plantio de mudas"
"P2 - RN - 180","P2  - RN - 180","Pouteria venosa",1,"Present",">10cm","Y0","Brazil","GANB","Restoration","30x30",60,7,"main","_30x30_Plot_Repeat","Permanent","0","0","Não haverá plantio de mudas"
"P2 - RN - 180","P2  - RN - 180","Sloanea obtusifolia",1,"Present",">10cm","Y0","Brazil","GANB","Restoration","30x30",53,7,"main","_30x30_Plot_Repeat","Permanent","0","0","Não haverá plantio de mudas"
"P2 - RN - 180","P2  - RN - 180","Syagrus botryophora",5,"Present",">10cm","Y0","Brazil","GANB","Restoration","30x30",74,7,"main","_30x30_Plot_Repeat","Permanent","0","0","Não haverá plantio de mudas"
"P2 - RN - 180","P2  - RN - 180","Tapirira guianensis Aubl.",3,"Present",">10cm","Y0","Brazil","GANB","Restoration","30x30",54,7,"main","_30x30_Plot_Repeat","Permanent","0","0","Não haverá plantio de mudas"
"P2 - RN - 180","P2  - RN - 180","Thyrsodium spruceanum",1,"Present",">10cm","Y0","Brazil","GANB","Restoration","30x30",58,7,"main","_30x30_Plot_Repeat","Permanent","0","0","Não haverá plantio de mudas"
"P2 - RN - 180","P2  - RN - 180","Vismia martiana",1,"Present",">10cm","Y0","Brazil","GANB","Restoration","30x30",78,7,"main","_30x30_Plot_Repeat","Permanent","0","0","Não haverá plantio de mudas"
"P2 - RN - 180","P2  - RN - 180","Xylopia frutescens",2,"Present",">10cm","Y0","Brazil","GANB","Restoration","30x30",63,7,"main","_30x30_Plot_Repeat","Permanent","0","0","Não haverá plantio de mudas"
"P2 - RN - 180","P2  - RN - 180","Zanthoxylum nemorale",4,"Present",">10cm","Y0","Brazil","GANB","Restoration","30x30",59,7,"main","_30x30_Plot_Repeat","Permanent","0","0","Não haverá plantio de mudas"
"P3 - ENR - 180","P3 - ENR - 180","Jacaranda semisserrata",1,"Present",">10cm","Y0","Brazil","GANB","Restoration","30x30",41,5,"main","_30x30_Plot_Repeat","Permanent","0","0","3x4"
"P3 - ENR - 180","P3 - ENR - 180","Jacaranda semisserrata Cham.",2,"Present",">10cm","Y0","Brazil","GANB","Restoration","30x30",36,5,"main","_30x30_Plot_Repeat","Permanent","0","0","3x4"
"P3 - ENR - 180","P3 - ENR - 180","Lecythis lurida",1,"Present",">10cm","Y0","Brazil","GANB","Restoration","30x30",39,5,"main","_30x30_Plot_Repeat","Permanent","0","0","3x4"
"P3 - ENR - 180","P3 - ENR - 180","Margaritaria nobilis",1,"Present",">10cm","Y0","Brazil","GANB","Restoration","30x30",40,5,"main","_30x30_Plot_Repeat","Permanent","0","0","3x4"
"P3 - ENR - 180","P3 - ENR - 180","Tabernaemontana sp",1,"Present",">10cm","Y0","Brazil","GANB","Restoration","30x30",42,5,"main","_30x30_Plot_Repeat","Permanent","0","0","3x4"
"P3 - ENR - 180","P3 - ENR - 180","Tabernaemontana sp (2)",2,"Present",">10cm","Y0","Brazil","GANB","Restoration","30x30",35,5,"main","_30x30_Plot_Repeat","Permanent","0","0","3x4"
"P3 - RN - 180","P3 - RN - 180","Bowdichia virgilioides",2,"Present",">10cm","Y0","Brazil","GANB","Restoration","30x30",93,8,"main","_30x30_Plot_Repeat","Permanent","0","0","Não haverá plantio de mudas nativas"
"P3 - RN - 180","P3 - RN - 180","Byrsonima sericea",3,"Present",">10cm","Y0","Brazil","GANB","Restoration","30x30",94,8,"main","_30x30_Plot_Repeat","Permanent","0","0","Não haverá plantio de mudas nativas"
"P3 - RN - 180","P3 - RN - 180","Byrsonima sericea DC.",1,"Present",">10cm","Y0","Brazil","GANB","Restoration","30x30",87,8,"main","_30x30_Plot_Repeat","Permanent","0","0","Não haverá plantio de mudas nativas"
"P3 - RN - 180","P3 - RN - 180","Desconhecida",1,"Present",">10cm","Y0","Brazil","GANB","Restoration","30x30",100,8,"main","_30x30_Plot_Repeat","Permanent","0","0","Não haverá plantio de mudas nativas"
"P3 - RN - 180","P3 - RN - 180","Pera glabrata",2,"Present",">10cm","Y0","Brazil","GANB","Restoration","30x30",97,8,"main","_30x30_Plot_Repeat","Permanent","0","0","Não haverá plantio de mudas nativas"
"P3 - RN - 180","P3 - RN - 180","Pera heteranthera",1,"Present",">10cm","Y0","Brazil","GANB","Restoration","30x30",95,8,"main","_30x30_Plot_Repeat","Permanent","0","0","Não haverá plantio de mudas nativas"
"P3 - RN - 180","P3 - RN - 180","Tapira guianensis Aubl.",1,"Present",">10cm","Y0","Brazil","GANB","Restoration","30x30",86,8,"main","_30x30_Plot_Repeat","Permanent","0","0","Não haverá plantio de mudas nativas"
"P3 - RN - 180","P3 - RN - 180","Tapirira guianensis",2,"Present",">10cm","Y0","Brazil","GANB","Restoration","30x30",103,8,"main","_30x30_Plot_Repeat","Permanent","0","0","Não haverá plantio de mudas nativas"
"P3 - RN - 180","P3 - RN - 180","Tapirira guianensis Aubl.",2,"Present",">10cm","Y0","Brazil","GANB","Restoration","30x30",89,8,"main","_30x30_Plot_Repeat","Permanent","0","0","Não haverá plantio de mudas nativas"
"P3 - RN - 180","P3 - RN - 180","Thyrsodium spruceanum",2,"Present",">10cm","Y0","Brazil","GANB","Restoration","30x30",88,8,"main","_30x30_Plot_Repeat","Permanent","0","0","Não haverá plantio de mudas nativas"
"P3 - RN - 180","P3 - RN - 180","Xylopia frutescens Aubl",1,"Present",">10cm","Y0","Brazil","GANB","Restoration","30x30",91,8,"main","_30x30_Plot_Repeat","Permanent","0","0","Não haverá plantio de mudas nativas"
"P3 - RN - 180","P3 - RN - 180","Xylopia frutescens Aubl.",1,"Present",">10cm","Y0","Brazil","GANB","Restoration","30x30",90,8,"main","_30x30_Plot_Repeat","Permanent","0","0","Não haverá plantio de mudas nativas"
"P4 - ENR - 180","P4 - ENR - 180","Albizia polycephalum",1,"Present",">10cm","Y0","Brazil","GANB","Restoration","30x30",115,10,"main","_30x30_Plot_Repeat","Permanent","0","0","4x3"
"P4 - ENR - 180","P4 - ENR - 180","Byrsonima sericea",4,"Present",">10cm","Y0","Brazil","GANB","Restoration","30x30",117,10,"main","_30x30_Plot_Repeat","Permanent","0","0","4x3"
"P4 - ENR - 180","P4 - ENR - 180","Cuspia sp.",1,"Present",">10cm","Y0","Brazil","GANB","Restoration","30x30",121,10,"main","_30x30_Plot_Repeat","Permanent","0","0","4x3"
"P4 - ENR - 180","P4 - ENR - 180","Eschweilera ovata",2,"Present",">10cm","Y0","Brazil","GANB","Restoration","30x30",116,10,"main","_30x30_Plot_Repeat","Permanent","0","0","4x3"
"P4 - ENR - 180","P4 - ENR - 180","Syagrus botryophora",1,"Present",">10cm","Y0","Brazil","GANB","Restoration","30x30",123,10,"main","_30x30_Plot_Repeat","Permanent","0","0","4x3"
"P4 - RN - 180","P4 - RN - 180","Andira fraxinifolia",1,"Present",">10cm","Y0","Brazil","GANB","Restoration","30x30",110,9,"main","_30x30_Plot_Repeat","Permanent","0","0","Não haverá plantio"
"P4 - RN - 180","P4 - RN - 180","Balizia pedicellare",2,"Present",">10cm","Y0","Brazil","GANB","Restoration","30x30",105,9,"main","_30x30_Plot_Repeat","Permanent","0","0","Não haverá plantio"
"P4 - RN - 180","P4 - RN - 180","Byrsonima sericea",2,"Present",">10cm","Y0","Brazil","GANB","Restoration","30x30",113,9,"main","_30x30_Plot_Repeat","Permanent","0","0","Não haverá plantio"
"P4 - RN - 180","P4 - RN - 180","Schefflera morototoni",1,"Present",">10cm","Y0","Brazil","GANB","Restoration","30x30",108,9,"main","_30x30_Plot_Repeat","Permanent","0","0","Não haverá plantio"
"P4 - RN - 180","P4 - RN - 180","Tapirira guianensis",2,"Present",">10cm","Y0","Brazil","GANB","Restoration","30x30",107,9,"main","_30x30_Plot_Repeat","Permanent","0","0","Não haverá plantio"
"P4 - RN - 180","P4 - RN - 180","Thyrsodium spruceanum",2,"Present",">10cm","Y0","Brazil","GANB","Restoration","30x30",111,9,"main","_30x30_Plot_Repeat","Permanent","0","0","Não haverá plantio"
"P5 - ENR - 180","P5 - ENR - 180","Byrsonima sericea",2,"Present",">10cm","Y0","Brazil","GANB","Restoration","30x30",124,11,"main","_30x30_Plot_Repeat","Permanent","0","0","4x3"
"P5 - ENR - 180","P5 - ENR - 180","Dimorphandra jorgei",1,"Present",">10cm","Y0","Brazil","GANB","Restoration","30x30",127,11,"main","_30x30_Plot_Repeat","Permanent","0","0","4x3"
"P5 - ENR - 180","P5 - ENR - 180","Tapirira guianensis",1,"Present",">10cm","Y0","Brazil","GANB","Restoration","30x30",125,11,"main","_30x30_Plot_Repeat","Permanent","0","0","4x3"
"P5 - RN - 180","P5 - RN - 180","Abarema sp.",1,"Present",">10cm","Y0","Brazil","GANB","Restoration","30x30",129,12,"main","_30x30_Plot_Repeat","Permanent","0","1","Não haverá plantio de mudas"
"P5 - RN - 180","P5 - RN - 180","Andira sp.",1,"Present",">10cm","Y0","Brazil","GANB","Restoration","30x30",161,12,"main","_30x30_Plot_Repeat","Permanent","0","1","Não haverá plantio de mudas"
"P5 - RN - 180","P5 - RN - 180","Byrsonima sericea",2,"Present",">10cm","Y0","Brazil","GANB","Restoration","30x30",149,12,"main","_30x30_Plot_Repeat","Permanent","0","1","Não haverá plantio de mudas"
"P5 - RN - 180","P5 - RN - 180","Byrsonima verbascifolia",1,"Present",">10cm","Y0","Brazil","GANB","Restoration","30x30",128,12,"main","_30x30_Plot_Repeat","Permanent","0","1","Não haverá plantio de mudas"
"P5 - RN - 180","P5 - RN - 180","Eschweilera ovata",3,"Present",">10cm","Y0","Brazil","GANB","Restoration","30x30",150,12,"main","_30x30_Plot_Repeat","Permanent","0","1","Não haverá plantio de mudas"
"P5 - RN - 180","P5 - RN - 180","Himatanthus phagedaenicus",1,"Present",">10cm","Y0","Brazil","GANB","Restoration","30x30",157,12,"main","_30x30_Plot_Repeat","Permanent","0","1","Não haverá plantio de mudas"
"P5 - RN - 180","P5 - RN - 180","Myrcia fallax",1,"Present",">10cm","Y0","Brazil","GANB","Restoration","30x30",151,12,"main","_30x30_Plot_Repeat","Permanent","0","1","Não haverá plantio de mudas"
"P5 - RN - 180","P5 - RN - 180","Piptadenia macrocarpa",19,"Present",">10cm","Y0","Brazil","GANB","Restoration","30x30",130,12,"main","_30x30_Plot_Repeat","Permanent","0","1","Não haverá plantio de mudas"
"P5 - RN - 180","P5 - RN - 180","Senefeldera multiflora",1,"Present",">10cm","Y0","Brazil","GANB","Restoration","30x30",159,12,"main","_30x30_Plot_Repeat","Permanent","0","1","Não haverá plantio de mudas"
"P5 - RN - 180","P5 - RN - 180","Tapirira guianensis",1,"Present",">10cm","Y0","Brazil","GANB","Restoration","30x30",140,12,"main","_30x30_Plot_Repeat","Permanent","0","1","Não haverá plantio de mudas"
"P5 - RN - 180","P5 - RN - 180","Thyrsodium spruceanum",6,"Present",">10cm","Y0","Brazil","GANB","Restoration","30x30",160,12,"main","_30x30_Plot_Repeat","Permanent","0","1","Não haverá plantio de mudas"
"P5 - RN - 180","P5 - RN - 180","Xylopia frutescens",2,"Present",">10cm","Y0","Brazil","GANB","Restoration","30x30",133,12,"main","_30x30_Plot_Repeat","Permanent","0","1","Não haverá plantio de mudas"
"P6 - ENR - 180","P6 - ENR - 180","Byrsonima sericea",1,"Present",">10cm","Y0","Brazil","GANB","Restoration","30x30",190,14,"main","_30x30_Plot_Repeat","Permanent","0","2","4x3"
"P6 - ENR - 180","P6 - ENR - 180","Miconia sp",1,"Present",">10cm","Y0","Brazil","GANB","Restoration","30x30",191,14,"main","_30x30_Plot_Repeat","Permanent","0","2","4x3"
"P7- RN 180","P7- RN 180","Alseis floribunda",1,"Present",">10cm","Y0","Brazil","GANB","Restoration","30x30",294,18,"main","_30x30_Plot_Repeat","Permanent","0","0","4x3"
"P7- RN 180","P7- RN 180","Andira fraxinifolia",1,"Present",">10cm","Y0","Brazil","GANB","Restoration","30x30",292,18,"main","_30x30_Plot_Repeat","Permanent","0","0","4x3"
"P7- RN 180","P7- RN 180","Andira sp",1,"Present",">10cm","Y0","Brazil","GANB","Restoration","30x30",282,18,"main","_30x30_Plot_Repeat","Permanent","0","0","4x3"
"P7- RN 180","P7- RN 180","Aspidosperma discolor",1,"Present",">10cm","Y0","Brazil","GANB","Restoration","30x30",305,18,"main","_30x30_Plot_Repeat","Permanent","0","0","4x3"
"P7- RN 180","P7- RN 180","Aspidosperma polyneuron",1,"Present",">10cm","Y0","Brazil","GANB","Restoration","30x30",319,18,"main","_30x30_Plot_Repeat","Permanent","0","0","4x3"
"P7- RN 180","P7- RN 180","Caesalpinia sp",1,"Present",">10cm","Y0","Brazil","GANB","Restoration","30x30",300,18,"main","_30x30_Plot_Repeat","Permanent","0","0","4x3"
"P7- RN 180","P7- RN 180","Ceiba speciosa",2,"Present",">10cm","Y0","Brazil","GANB","Restoration","30x30",314,18,"main","_30x30_Plot_Repeat","Permanent","0","0","4x3"
"P7- RN 180","P7- RN 180","Chrysophyllum grandiflora",4,"Present",">10cm","Y0","Brazil","GANB","Restoration","30x30",290,18,"main","_30x30_Plot_Repeat","Permanent","0","0","4x3"
"P7- RN 180","P7- RN 180","Desconhecida",2,"Present",">10cm","Y0","Brazil","GANB","Restoration","30x30",307,18,"main","_30x30_Plot_Repeat","Permanent","0","0","4x3"
"P7- RN 180","P7- RN 180","Diospyros sp",1,"Present",">10cm","Y0","Brazil","GANB","Restoration","30x30",313,18,"main","_30x30_Plot_Repeat","Permanent","0","0","4x3"
"P7- RN 180","P7- RN 180","Dulacia papillosa",1,"Present",">10cm","Y0","Brazil","GANB","Restoration","30x30",315,18,"main","_30x30_Plot_Repeat","Permanent","0","0","4x3"
"P7- RN 180","P7- RN 180","Emmotum nitens",1,"Present",">10cm","Y0","Brazil","GANB","Restoration","30x30",288,18,"main","_30x30_Plot_Repeat","Permanent","0","0","4x3"
"P7- RN 180","P7- RN 180","Eugenia sp",1,"Present",">10cm","Y0","Brazil","GANB","Restoration","30x30",329,18,"main","_30x30_Plot_Repeat","Permanent","0","0","4x3"
"P7- RN 180","P7- RN 180","Guapira nitida",1,"Present",">10cm","Y0","Brazil","GANB","Restoration","30x30",284,18,"main","_30x30_Plot_Repeat","Permanent","0","0","4x3"
"P7- RN 180","P7- RN 180","Handroanthus albus",1,"Present",">10cm","Y0","Brazil","GANB","Restoration","30x30",326,18,"main","_30x30_Plot_Repeat","Permanent","0","0","4x3"
"P7- RN 180","P7- RN 180","Heisteria sp",2,"Present",">10cm","Y0","Brazil","GANB","Restoration","30x30",281,18,"main","_30x30_Plot_Repeat","Permanent","0","0","4x3"
"P7- RN 180","P7- RN 180","Himatanthus phagedaenicus",1,"Present",">10cm","Y0","Brazil","GANB","Restoration","30x30",328,18,"main","_30x30_Plot_Repeat","Permanent","0","0","4x3"
"P7- RN 180","P7- RN 180","Inga affinis",4,"Present",">10cm","Y0","Brazil","GANB","Restoration","30x30",287,18,"main","_30x30_Plot_Repeat","Permanent","0","0","4x3"
"P7- RN 180","P7- RN 180","Inga edulis",1,"Present",">10cm","Y0","Brazil","GANB","Restoration","30x30",298,18,"main","_30x30_Plot_Repeat","Permanent","0","0","4x3"
"P7- RN 180","P7- RN 180","Jacaranda ulei",1,"Present",">10cm","Y0","Brazil","GANB","Restoration","30x30",304,18,"main","_30x30_Plot_Repeat","Permanent","0","0","4x3"
"P7- RN 180","P7- RN 180","Lecythis pisonis",2,"Present",">10cm","Y0","Brazil","GANB","Restoration","30x30",301,18,"main","_30x30_Plot_Repeat","Permanent","0","0","4x3"
"P7- RN 180","P7- RN 180","Margaritaria nobilis",1,"Present",">10cm","Y0","Brazil","GANB","Restoration","30x30",321,18,"main","_30x30_Plot_Repeat","Permanent","0","0","4x3"
"P7- RN 180","P7- RN 180","Ocotea sp",1,"Present",">10cm","Y0","Brazil","GANB","Restoration","30x30",318,18,"main","_30x30_Plot_Repeat","Permanent","0","0","4x3"
"P7- RN 180","P7- RN 180","Pera glabrata",1,"Present",">10cm","Y0","Brazil","GANB","Restoration","30x30",308,18,"main","_30x30_Plot_Repeat","Permanent","0","0","4x3"
"P7- RN 180","P7- RN 180","Pera heteranthera",1,"Present",">10cm","Y0","Brazil","GANB","Restoration","30x30",324,18,"main","_30x30_Plot_Repeat","Permanent","0","0","4x3"
"P7- RN 180","P7- RN 180","Plinia sp",1,"Present",">10cm","Y0","Brazil","GANB","Restoration","30x30",317,18,"main","_30x30_Plot_Repeat","Permanent","0","0","4x3"
"P7- RN 180","P7- RN 180","Pradosia lactescens",1,"Present",">10cm","Y0","Brazil","GANB","Restoration","30x30",286,18,"main","_30x30_Plot_Repeat","Permanent","0","0","4x3"
"P7- RN 180","P7- RN 180","Pterocarpus rhorii",1,"Present",">10cm","Y0","Brazil","GANB","Restoration","30x30",312,18,"main","_30x30_Plot_Repeat","Permanent","0","0","4x3"
"P7- RN 180","P7- RN 180","Swartzia polida",3,"Present",">10cm","Y0","Brazil","GANB","Restoration","30x30",302,18,"main","_30x30_Plot_Repeat","Permanent","0","0","4x3"
"P7- RN 180","P7- RN 180","Tabebuia sp",1,"Present",">10cm","Y0","Brazil","GANB","Restoration","30x30",323,18,"main","_30x30_Plot_Repeat","Permanent","0","0","4x3"
"P7- RN 180","P7- RN 180","Thyrsodium spruceanum",2,"Present",">10cm","Y0","Brazil","GANB","Restoration","30x30",296,18,"main","_30x30_Plot_Repeat","Permanent","0","0","4x3"
"P7- RN 180","P7- RN 180","Vatairea heteroptera",1,"Present",">10cm","Y0","Brazil","GANB","Restoration","30x30",320,18,"main","_30x30_Plot_Repeat","Permanent","0","0","4x3"
"P7- RN 180","P7- RN 180","Vismia latifolia",1,"Present",">10cm","Y0","Brazil","GANB","Restoration","30x30",283,18,"main","_30x30_Plot_Repeat","Permanent","0","0","4x3"
"P7- RN 180","P7- RN 180","Xylopia aromatica",1,"Present",">10cm","Y0","Brazil","GANB","Restoration","30x30",285,18,"main","_30x30_Plot_Repeat","Permanent","0","0","4x3"
"P7- RN 180","P7- RN 180","Xylopia frutescens",1,"Present",">10cm","Y0","Brazil","GANB","Restoration","30x30",299,18,"main","_30x30_Plot_Repeat","Permanent","0","0","4x3"
"P7- RN 180","P7- RN 180","Zanthoxylum nemorale",1,"Present",">10cm","Y0","Brazil","GANB","Restoration","30x30",295,18,"main","_30x30_Plot_Repeat","Permanent","0","0","4x3"
"P7-ENR-180","P7-ENR-180","Pera glabrata",1,"Present",">10cm","Y0","Brazil","GANB","Restoration","30x30",192,15,"main","_30x30_Plot_Repeat","Permanent","0","1","4x3"
"P8 RN - 165","P8RN - 165ha","Annona silvestris",1,"Present",">10cm","Y2.5","Brazil","GANB","Restoration","30x30",348,20,"main","_30x30_Plot_Repeat","Permanent","0","1","Não houve plantio"
"P8 RN - 165","P8RN - 165ha","Cordia sp",1,"Present",">10cm","Y2.5","Brazil","GANB","Restoration","30x30",344,20,"main","_30x30_Plot_Repeat","Permanent","0","1","Não houve plantio"
"P8 RN - 165","P8RN - 165ha","Eschweilera ovata",1,"Present",">10cm","Y2.5","Brazil","GANB","Restoration","30x30",345,20,"main","_30x30_Plot_Repeat","Permanent","0","1","Não houve plantio"
"P8 RN - 165","P8RN - 165ha","Eugenia sp",1,"Present",">10cm","Y2.5","Brazil","GANB","Restoration","30x30",343,20,"main","_30x30_Plot_Repeat","Permanent","0","1","Não houve plantio"
"P8 RN - 165","P8RN - 165ha","Inga edulis",1,"Present",">10cm","Y2.5","Brazil","GANB","Restoration","30x30",346,20,"main","_30x30_Plot_Repeat","Permanent","0","1","Não houve plantio"
"P8 RN - 165","P8RN - 165ha","Jacaranda ulei",1,"Present",">10cm","Y2.5","Brazil","GANB","Restoration","30x30",349,20,"main","_30x30_Plot_Repeat","Permanent","0","1","Não houve plantio"
"P8 RN - 165","P8RN - 165ha","Pati",1,"Present",">10cm","Y2.5","Brazil","GANB","Restoration","30x30",347,20,"main","_30x30_Plot_Repeat","Permanent","0","1","Não houve plantio"
"P8 RN - 165","P8RN - 165ha","Thyrsodium spruceanum",1,"Present",">10cm","Y2.5","Brazil","GANB","Restoration","30x30",342,20,"main","_30x30_Plot_Repeat","Permanent","0","1","Não houve plantio"
"P8 RN - 165","P8RN - 165ha","Xylopia aromatica",1,"Present",">10cm","Y2.5","Brazil","GANB","Restoration","30x30",341,20,"main","_30x30_Plot_Repeat","Permanent","0","1","Não houve plantio"
"P8 RN - 165","P8RN - 165ha","Zanthoxylum nemorale",1,"Present",">10cm","Y2.5","Brazil","GANB","Restoration","30x30",340,20,"main","_30x30_Plot_Repeat","Permanent","0","1","Não houve plantio"
"P8-ENR-180","P8-ENR-180","Balizia pedicellare",1,"Present",">10cm","Y0","Brazil","GANB","Restoration","30x30",339,19,"main","_30x30_Plot_Repeat","Permanent","0","0","4x3"
"P8-ENR-180","P8-ENR-180","Byrsonima sericea",1,"Present",">10cm","Y0","Brazil","GANB","Restoration","30x30",338,19,"main","_30x30_Plot_Repeat","Permanent","0","0","4x3"
"P8-ENR-180","P8-ENR-180","Casearia commersoniana",2,"Present",">10cm","Y0","Brazil","GANB","Restoration","30x30",330,19,"main","_30x30_Plot_Repeat","Permanent","0","0","4x3"
"P8-ENR-180","P8-ENR-180","Cupania vernalis",1,"Present",">10cm","Y0","Brazil","GANB","Restoration","30x30",333,19,"main","_30x30_Plot_Repeat","Permanent","0","0","4x3"
"P8-ENR-180","P8-ENR-180","Eschweilera ovata",2,"Present",">10cm","Y0","Brazil","GANB","Restoration","30x30",334,19,"main","_30x30_Plot_Repeat","Permanent","0","0","4x3"
"P8-ENR-180","P8-ENR-180","Jacaranda ulei",1,"Present",">10cm","Y0","Brazil","GANB","Restoration","30x30",332,19,"main","_30x30_Plot_Repeat","Permanent","0","0","4x3"
"P8-ENR-180","P8-ENR-180","Miconia sp",1,"Present",">10cm","Y0","Brazil","GANB","Restoration","30x30",337,19,"main","_30x30_Plot_Repeat","Permanent","0","0","4x3"
"P8-ENR-180","P8-ENR-180","Xylopia aromatica",1,"Present",">10cm","Y0","Brazil","GANB","Restoration","30x30",335,19,"main","_30x30_Plot_Repeat","Permanent","0","0","4x3"
"PControle -ENR","PControle - ENR","Albizia polycephalum",3,"Present",">10cm","Y0","Brazil","GANB","Control","30x30",184,13,"main","_30x30_Plot_Repeat","Permanent","0","0","3x4"
"PControle -ENR","PControle - ENR","Andira anthelmia",1,"Present",">10cm","Y0","Brazil","GANB","Control","30x30",189,13,"main","_30x30_Plot_Repeat","Permanent","0","0","3x4"
"PControle -ENR","PControle - ENR","Centrolobium robustum",3,"Present",">10cm","Y0","Brazil","GANB","Control","30x30",181,13,"main","_30x30_Plot_Repeat","Permanent","0","0","3x4"
"PControle -ENR","PControle - ENR","Compamanesia dichotoma",1,"Present",">10cm","Y0","Brazil","GANB","Control","30x30",172,13,"main","_30x30_Plot_Repeat","Permanent","0","0","3x4"
"PControle -ENR","PControle - ENR","Jacaranda semisserrata",1,"Present",">10cm","Y0","Brazil","GANB","Control","30x30",168,13,"main","_30x30_Plot_Repeat","Permanent","0","0","3x4"
"PControle -ENR","PControle - ENR","Margaritaria nobilis",1,"Present",">10cm","Y0","Brazil","GANB","Control","30x30",174,13,"main","_30x30_Plot_Repeat","Permanent","0","0","3x4"
"PControle -ENR","PControle - ENR","Melanoxylon brauna",9,"Present",">10cm","Y0","Brazil","GANB","Control","30x30",167,13,"main","_30x30_Plot_Repeat","Permanent","0","0","3x4"
"PControle -ENR","PControle - ENR","Ormosia sp.",1,"Present",">10cm","Y0","Brazil","GANB","Control","30x30",176,13,"main","_30x30_Plot_Repeat","Permanent","0","0","3x4"
"PControle -ENR","PControle - ENR","Randia armata",2,"Present",">10cm","Y0","Brazil","GANB","Control","30x30",173,13,"main","_30x30_Plot_Repeat","Permanent","0","0","3x4"
"PControle -ENR","PControle - ENR","Sloanea obtusifolia",1,"Present",">10cm","Y0","Brazil","GANB","Control","30x30",180,13,"main","_30x30_Plot_Repeat","Permanent","0","0","3x4"
"PRN1 - 165ha","PRN1- 165ha","Byrsonima sericea",7,"Present",">10cm","Y2.5","Brazil","GANB","Restoration","30x30",397,22,"main","_30x30_Plot_Repeat","Permanent","0","0","Não houve plantio"
"PRN1 - 165ha","PRN1- 165ha","Terminalia dichotoma",1,"Present",">10cm","Y2.5","Brazil","GANB","Restoration","30x30",399,22,"main","_30x30_Plot_Repeat","Permanent","0","0","Não houve plantio"
"PRN3 - 165ha","PRN3 - 165ha","Andira anthelmia",1,"Present",">10cm","Y2.5","Brazil","GANB","Restoration","30x30",396,21,"main","_30x30_Plot_Repeat","Permanent","0","0","Não houve plantio"
"PRN3 - 165ha","PRN3 - 165ha","Annona silvestris",2,"Present",">10cm","Y2.5","Brazil","GANB","Restoration","30x30",385,21,"main","_30x30_Plot_Repeat","Permanent","0","0","Não houve plantio"
"PRN3 - 165ha","PRN3 - 165ha","Arapatiella psilophylla",1,"Present",">10cm","Y2.5","Brazil","GANB","Restoration","30x30",362,21,"main","_30x30_Plot_Repeat","Permanent","0","0","Não houve plantio"
"PRN3 - 165ha","PRN3 - 165ha","Byrsonima sericea",2,"Present",">10cm","Y2.5","Brazil","GANB","Restoration","30x30",352,21,"main","_30x30_Plot_Repeat","Permanent","0","0","Não houve plantio"
"PRN3 - 165ha","PRN3 - 165ha","Desconhecida",1,"Present",">10cm","Y2.5","Brazil","GANB","Restoration","30x30",369,21,"main","_30x30_Plot_Repeat","Permanent","0","0","Não houve plantio"
"PRN3 - 165ha","PRN3 - 165ha","Desconhecida 2",1,"Present",">10cm","Y2.5","Brazil","GANB","Restoration","30x30",374,21,"main","_30x30_Plot_Repeat","Permanent","0","0","Não houve plantio"
"PRN3 - 165ha","PRN3 - 165ha","Emmotum nitens",1,"Present",">10cm","Y2.5","Brazil","GANB","Restoration","30x30",360,21,"main","_30x30_Plot_Repeat","Permanent","0","0","Não houve plantio"
"PRN3 - 165ha","PRN3 - 165ha","Inga edulis",2,"Present",">10cm","Y2.5","Brazil","GANB","Restoration","30x30",359,21,"main","_30x30_Plot_Repeat","Permanent","0","0","Não houve plantio"
"PRN3 - 165ha","PRN3 - 165ha","Jacaranda ulei",7,"Present",">10cm","Y2.5","Brazil","GANB","Restoration","30x30",351,21,"main","_30x30_Plot_Repeat","Permanent","0","0","Não houve plantio"
"PRN3 - 165ha","PRN3 - 165ha","Lecythis lurida",1,"Present",">10cm","Y2.5","Brazil","GANB","Restoration","30x30",394,21,"main","_30x30_Plot_Repeat","Permanent","0","0","Não houve plantio"
"PRN3 - 165ha","PRN3 - 165ha","Margaritaria nobilis",2,"Present",">10cm","Y2.5","Brazil","GANB","Restoration","30x30",368,21,"main","_30x30_Plot_Repeat","Permanent","0","0","Não houve plantio"
"PRN3 - 165ha","PRN3 - 165ha","Melanoxylon brauna",4,"Present",">10cm","Y2.5","Brazil","GANB","Restoration","30x30",355,21,"main","_30x30_Plot_Repeat","Permanent","0","0","Não houve plantio"
"PRN3 - 165ha","PRN3 - 165ha","Pera glabrata",1,"Present",">10cm","Y2.5","Brazil","GANB","Restoration","30x30",393,21,"main","_30x30_Plot_Repeat","Permanent","0","0","Não houve plantio"
"PRN3 - 165ha","PRN3 - 165ha","Pogonophora schomburgkiana",2,"Present",">10cm","Y2.5","Brazil","GANB","Restoration","30x30",373,21,"main","_30x30_Plot_Repeat","Permanent","0","0","Não houve plantio"
"PRN3 - 165ha","PRN3 - 165ha","Pouteria venosa",3,"Present",">10cm","Y2.5","Brazil","GANB","Restoration","30x30",361,21,"main","_30x30_Plot_Repeat","Permanent","0","0","Não houve plantio"
"PRN3 - 165ha","PRN3 - 165ha","Syagrus botryophora",7,"Present",">10cm","Y2.5","Brazil","GANB","Restoration","30x30",350,21,"main","_30x30_Plot_Repeat","Permanent","0","0","Não houve plantio"
"PRN3 - 165ha","PRN3 - 165ha","Vismia guianensis",3,"Present",">10cm","Y2.5","Brazil","GANB","Restoration","30x30",367,21,"main","_30x30_Plot_Repeat","Permanent","0","0","Não houve plantio"
"PRN3 - 165ha","PRN3 - 165ha","Xylopia aromatica",6,"Present",">10cm","Y2.5","Brazil","GANB","Restoration","30x30",366,21,"main","_30x30_Plot_Repeat","Permanent","0","0","Não houve plantio"
"PRN4 - 165ha","PRN4 - 165ha","Annona silvestris",2,"Present",">10cm","Y2.5","Brazil","GANB","Restoration","30x30",413,23,"main","_30x30_Plot_Repeat","Permanent","0","1","Não houve plantio"
"PRN4 - 165ha","PRN4 - 165ha","Attalea funifera",1,"Present",">10cm","Y2.5","Brazil","GANB","Restoration","30x30",432,23,"main","_30x30_Plot_Repeat","Permanent","0","1","Não houve plantio"
"PRN4 - 165ha","PRN4 - 165ha","Bauhinia longifolia",3,"Present",">10cm","Y2.5","Brazil","GANB","Restoration","30x30",407,23,"main","_30x30_Plot_Repeat","Permanent","0","1","Não houve plantio"
"PRN4 - 165ha","PRN4 - 165ha","Casearia sylvestris",2,"Present",">10cm","Y2.5","Brazil","GANB","Restoration","30x30",405,23,"main","_30x30_Plot_Repeat","Permanent","0","1","Não houve plantio"
"PRN4 - 165ha","PRN4 - 165ha","Jacaranda ulei",6,"Present",">10cm","Y2.5","Brazil","GANB","Restoration","30x30",411,23,"main","_30x30_Plot_Repeat","Permanent","0","1","Não houve plantio"
"PRN4 - 165ha","PRN4 - 165ha","Nectandra sp",1,"Present",">10cm","Y2.5","Brazil","GANB","Restoration","30x30",416,23,"main","_30x30_Plot_Repeat","Permanent","0","1","Não houve plantio"
"PRN4 - 165ha","PRN4 - 165ha","Ormosia sp",1,"Present",">10cm","Y2.5","Brazil","GANB","Restoration","30x30",433,23,"main","_30x30_Plot_Repeat","Permanent","0","1","Não houve plantio"
"PRN4 - 165ha","PRN4 - 165ha","Thyrsodium spruceanum",2,"Present",">10cm","Y2.5","Brazil","GANB","Restoration","30x30",417,23,"main","_30x30_Plot_Repeat","Permanent","0","1","Não houve plantio"
"PRN4 - 165ha","PRN4 - 165ha","Vismia martiniana",2,"Present",">10cm","Y2.5","Brazil","GANB","Restoration","30x30",409,23,"main","_30x30_Plot_Repeat","Permanent","0","1","Não houve plantio"
"PRN4 - 165ha","PRN4 - 165ha","Xylopia aromatica",7,"Present",">10cm","Y2.5","Brazil","GANB","Restoration","30x30",406,23,"main","_30x30_Plot_Repeat","Permanent","0","1","Não houve plantio"
"#40_Test","40_001_Test","Sp5",8,"planted","1 - 9.9cm","Y2.5","Brazil","GANB","Restoration","3x3",1,1,"main","_3x3_Subplot_Repeat","Permanent","0","0","3x2"
"#40_Test","40_001_Test","Sp6",9,"planted","1 - 9.9cm","Y2.5","Brazil","GANB","Restoration","3x3",2,1,"main","_3x3_Subplot_Repeat","Permanent","0","0","3x2"
"#40_Test","40_001_Test","Sp7",6,NA,"1 - 9.9cm","Y2.5","Brazil","GANB","Restoration","3x3",3,1,"main","_3x3_Subplot_Repeat","Permanent","0","0","3x2"
"#Teste Henrique",NA,"Angico",1,"planted","1 - 9.9cm","Y2.5","Brazil","GANB","Restoration","3x3",4,2,"main","_3x3_Subplot_Repeat",NA,"0","0",NA
"P1 - ENR - 180","P1 - ENR - 180","Vismia guianensis",6,"Present","1 - 9.9cm","Y0","Brazil","GANB","Restoration","3x3",5,3,"main","_3x3_Subplot_Repeat","Permanent","0","0","4x3 (3 entre linhas)"
"P1 - ENR - 180","P1 - ENR - 180","Siparuna guianensis",1,"Present","1 - 9.9cm","Y0","Brazil","GANB","Restoration","3x3",6,3,"main","_3x3_Subplot_Repeat","Permanent","0","0","4x3 (3 entre linhas)"
"P1 - RN - 180","P1 - RN - 180","Syagrus botryophora (Mart.) Mart.",1,"Present","1 - 9.9cm","Y0","Brazil","GANB","Restoration","3x3",7,4,"main","_3x3_Subplot_Repeat","Permanent","0","0","Não haverá plantio de mudas, apenas limpeza de área e coroamento de regenerantes."
"P1 - RN - 180","P1 - RN - 180","Senefeldera multiflora (Mart.) Muell. Arg.",1,"Present","1 - 9.9cm","Y0","Brazil","GANB","Restoration","3x3",8,4,"main","_3x3_Subplot_Repeat","Permanent","0","0","Não haverá plantio de mudas, apenas limpeza de área e coroamento de regenerantes."
"P1 - RN - 180","P1 - RN - 180","Vismia martiniana",1,"Present","1 - 9.9cm","Y0","Brazil","GANB","Restoration","3x3",9,4,"main","_3x3_Subplot_Repeat","Permanent","0","0","Não haverá plantio de mudas, apenas limpeza de área e coroamento de regenerantes."
"P1 - RN - 180","P1 - RN - 180","Annona silvestris Vell.",1,"Present","1 - 9.9cm","Y0","Brazil","GANB","Restoration","3x3",10,4,"main","_3x3_Subplot_Repeat","Permanent","0","0","Não haverá plantio de mudas, apenas limpeza de área e coroamento de regenerantes."
"P1 - RN - 180","P1 - RN - 180","Hyeromina alchorneoides Allemao",1,"Present","1 - 9.9cm","Y0","Brazil","GANB","Restoration","3x3",11,4,"main","_3x3_Subplot_Repeat","Permanent","0","0","Não haverá plantio de mudas, apenas limpeza de área e coroamento de regenerantes."
"P3 - ENR - 180","P3 - ENR - 180","Xylopia sericea",1,"Present","1 - 9.9cm","Y0","Brazil","GANB","Restoration","3x3",12,5,"main","_3x3_Subplot_Repeat","Permanent","0","0","3x4"
"P2 - ENR - 180","P2 -  ENR - 180","Annona silvestris",1,"Present","1 - 9.9cm","Y0","Brazil","GANB","Restoration","3x3",13,6,"main","_3x3_Subplot_Repeat","Permanent","0","0","4x3"
"P2 - RN - 180","P2  - RN - 180","Tapirira guianensis",NA,"Present","1 - 9.9cm","Y0","Brazil","GANB","Restoration","3x3",14,7,"main","_3x3_Subplot_Repeat","Permanent","0","0","Não haverá plantio de mudas"
"P2 - RN - 180","P2  - RN - 180","Sloanea obtusifolia",1,"Present","1 - 9.9cm","Y0","Brazil","GANB","Restoration","3x3",15,7,"main","_3x3_Subplot_Repeat","Permanent","0","0","Não haverá plantio de mudas"
"P2 - RN - 180","P2  - RN - 180","Tabernaemontana sp.",1,"Present","1 - 9.9cm","Y0","Brazil","GANB","Restoration","3x3",16,7,"main","_3x3_Subplot_Repeat","Permanent","0","0","Não haverá plantio de mudas"
"P2 - RN - 180","P2  - RN - 180","Cupania oblongifolia",1,"Present","1 - 9.9cm","Y0","Brazil","GANB","Restoration","3x3",17,7,"main","_3x3_Subplot_Repeat","Permanent","0","0","Não haverá plantio de mudas"
"P3 - RN - 180","P3 - RN - 180","Lecythis lurida",1,"Present","1 - 9.9cm","Y0","Brazil","GANB","Restoration","3x3",18,8,"main","_3x3_Subplot_Repeat","Permanent","0","0","Não haverá plantio de mudas nativas"
"P4 - RN - 180","P4 - RN - 180","Miconia albicans",2,"Present","1 - 9.9cm","Y0","Brazil","GANB","Restoration","3x3",19,9,"main","_3x3_Subplot_Repeat","Permanent","0","0","Não haverá plantio"
"P4 - ENR - 180","P4 - ENR - 180","Miconia sp.",1,"Present","1 - 9.9cm","Y0","Brazil","GANB","Restoration","3x3",20,10,"main","_3x3_Subplot_Repeat","Permanent","0","0","4x3"
"P5 - ENR - 180","P5 - ENR - 180","Byrsonima sericea",5,"Present","1 - 9.9cm","Y0","Brazil","GANB","Restoration","3x3",21,11,"main","_3x3_Subplot_Repeat","Permanent","0","0","4x3"
"P5 - ENR - 180","P5 - ENR - 180","Baccharis calvescens",1,"Present","1 - 9.9cm","Y0","Brazil","GANB","Restoration","3x3",22,11,"main","_3x3_Subplot_Repeat","Permanent","0","0","4x3"
"P5 - RN - 180","P5 - RN - 180","Byrsonima sericea",2,"Present","1 - 9.9cm","Y0","Brazil","GANB","Restoration","3x3",23,12,"main","_3x3_Subplot_Repeat","Permanent","0","1","Não haverá plantio de mudas"
"P5 - RN - 180","P5 - RN - 180","Cupania oblongifolia",1,"Present","1 - 9.9cm","Y0","Brazil","GANB","Restoration","3x3",24,12,"main","_3x3_Subplot_Repeat","Permanent","0","1","Não haverá plantio de mudas"
"P5 - RN - 180","P5 - RN - 180","Byrsonima verbascifolia",1,"Present","1 - 9.9cm","Y0","Brazil","GANB","Restoration","3x3",25,12,"main","_3x3_Subplot_Repeat","Permanent","0","1","Não haverá plantio de mudas"
"P6 - ENR - 180","P6 - ENR - 180","Byrsonima sericea",1,NA,NA,"Y0","Brazil","GANB","Restoration","3x3",26,14,"main","_3x3_Subplot_Repeat","Permanent","0","2","4x3"
"P7-ENR-180","P7-ENR-180","Byrsonima sericea",1,"Present","1 - 9.9cm","Y0","Brazil","GANB","Restoration","3x3",27,15,"main","_3x3_Subplot_Repeat","Permanent","0","1","4x3"
"P7-ENR-180","P7-ENR-180","Miconia albicans",1,"Present","1 - 9.9cm","Y0","Brazil","GANB","Restoration","3x3",28,15,"main","_3x3_Subplot_Repeat","Permanent","0","1","4x3"
"P10- ENR 180","P10-ENR 180","Thyrsodium spruceanum",1,"Present","1 - 9.9cm","Y0","Brazil","GANB","Restoration","3x3",29,16,"main","_3x3_Subplot_Repeat","Permanent","0","0","4x3"
"P10- ENR 180","P10-ENR 180","Randia armata",2,"Present","1 - 9.9cm","Y0","Brazil","GANB","Restoration","3x3",30,16,"main","_3x3_Subplot_Repeat","Permanent","0","0","4x3"
"P10- ENR 180","P10-ENR 180","Siparuna guianensis",1,"Present","1 - 9.9cm","Y0","Brazil","GANB","Restoration","3x3",31,16,"main","_3x3_Subplot_Repeat","Permanent","0","0","4x3"
"P10- ENR 180","P10-ENR 180","Inga affinis",1,"Present","1 - 9.9cm","Y0","Brazil","GANB","Restoration","3x3",32,16,"main","_3x3_Subplot_Repeat","Permanent","0","0","4x3"
"P10- ENR 180","P10-ENR 180","Pera deciplens",1,"Present","1 - 9.9cm","Y0","Brazil","GANB","Restoration","3x3",33,16,"main","_3x3_Subplot_Repeat","Permanent","0","0","4x3"
"P10- ENR 180","P10-ENR 180","Pera heteranthera",1,"Present","1 - 9.9cm","Y0","Brazil","GANB","Restoration","3x3",34,16,"main","_3x3_Subplot_Repeat","Permanent","0","0","4x3"
"P10- RN 180","P10- RN 180","Miconia sp",1,"Present","1 - 9.9cm","Y0","Brazil","GANB","Restoration","3x3",35,17,"main","_3x3_Subplot_Repeat","Permanent","0","0","Não haverá plantio de mudas"
"P10- RN 180","P10- RN 180","Casearia sylvestris",1,"Present","1 - 9.9cm","Y0","Brazil","GANB","Restoration","3x3",36,17,"main","_3x3_Subplot_Repeat","Permanent","0","0","Não haverá plantio de mudas"
"P10- RN 180","P10- RN 180","Pera heteranthera",1,"Present","1 - 9.9cm","Y0","Brazil","GANB","Restoration","3x3",37,17,"main","_3x3_Subplot_Repeat","Permanent","0","0","Não haverá plantio de mudas"
"P7- RN 180","P7- RN 180","Heisteria ovata",1,"Present","1 - 9.9cm","Y0","Brazil","GANB","Restoration","3x3",38,18,"main","_3x3_Subplot_Repeat","Permanent","0","0","4x3"
"P7- RN 180","P7- RN 180","Pera glabrata",1,"Present","1 - 9.9cm","Y0","Brazil","GANB","Restoration","3x3",39,18,"main","_3x3_Subplot_Repeat","Permanent","0","0","4x3"
"P7- RN 180","P7- RN 180","Vismia pentagyna",2,"Present","1 - 9.9cm","Y0","Brazil","GANB","Restoration","3x3",40,18,"main","_3x3_Subplot_Repeat","Permanent","0","0","4x3"
"P7- RN 180","P7- RN 180","Paypayrola blanchetiana",1,"Present","1 - 9.9cm","Y0","Brazil","GANB","Restoration","3x3",41,18,"main","_3x3_Subplot_Repeat","Permanent","0","0","4x3"
"P8-ENR-180","P8-ENR-180","Handroanthus chrysotrichus",1,"Present","1 - 9.9cm","Y0","Brazil","GANB","Restoration","3x3",42,19,"main","_3x3_Subplot_Repeat","Permanent","0","0","4x3"
"P8-ENR-180","P8-ENR-180","Miconia albicans",1,"Present","1 - 9.9cm","Y0","Brazil","GANB","Restoration","3x3",43,19,"main","_3x3_Subplot_Repeat","Permanent","0","0","4x3"
"P8-ENR-180","P8-ENR-180","Myrsine ferruginea",1,"Present","1 - 9.9cm","Y0","Brazil","GANB","Restoration","3x3",44,19,"main","_3x3_Subplot_Repeat","Permanent","0","0","4x3"
"P8 RN - 165","P8RN - 165ha","Cupania oblongifolia",1,"Present","1 - 9.9cm","Y2.5","Brazil","GANB","Restoration","3x3",45,20,"main","_3x3_Subplot_Repeat","Permanent","0","1","Não houve plantio"
"P8 RN - 165","P8RN - 165ha","Randia armata",1,"Present","1 - 9.9cm","Y2.5","Brazil","GANB","Restoration","3x3",46,20,"main","_3x3_Subplot_Repeat","Permanent","0","1","Não houve plantio"
"P8 RN - 165","P8RN - 165ha","Pera heteranthera",1,"Present","1 - 9.9cm","Y2.5","Brazil","GANB","Restoration","3x3",47,20,"main","_3x3_Subplot_Repeat","Permanent","0","1","Não houve plantio"
"PRN3 - 165ha","PRN3 - 165ha","Paypayrola blanchetiana",1,"Present","1 - 9.9cm","Y2.5","Brazil","GANB","Restoration","3x3",48,21,"main","_3x3_Subplot_Repeat","Permanent","0","0","Não houve plantio"
"PRN3 - 165ha","PRN3 - 165ha","Handroanthus chrysotrichus",1,"Present","1 - 9.9cm","Y2.5","Brazil","GANB","Restoration","3x3",49,21,"main","_3x3_Subplot_Repeat","Permanent","0","0","Não houve plantio"
"PRN1 - 165ha","PRN1- 165ha","Byrsonima sericea",2,"Present","1 - 9.9cm","Y2.5","Brazil","GANB","Restoration","3x3",50,22,"main","_3x3_Subplot_Repeat","Permanent","0","0","Não houve plantio"
"PRN4 - 165ha","PRN4 - 165ha","Margaritaria nobilis",1,"Present","1 - 9.9cm","Y2.5","Brazil","GANB","Restoration","3x3",51,23,"main","_3x3_Subplot_Repeat","Permanent","0","1","Não houve plantio"
"PRN4 - 165ha","PRN4 - 165ha","Angelim",1,"Present","1 - 9.9cm","Y2.5","Brazil","GANB","Restoration","3x3",52,23,"main","_3x3_Subplot_Repeat","Permanent","0","1","Não houve plantio"
"999","999-1","Tinyus treeus",7,"Present","1 - 9.9cm","Y0","Brazil","EMA","Restoration","3x3",53,24,"main","_3x3_Subplot_Repeat","Permanent","0","1","4 by 4 meters"
"999","999-1","Smallus baumus",2,"Present","1 - 9.9cm","Y0","Brazil","EMA","Restoration","3x3",54,24,"main","_3x3_Subplot_Repeat","Permanent","0","1","4 by 4 meters"
"#40_Test","40_001_Test","Sp9",4,"planted",">10cm","Y2.5","Brazil","GANB","Restoration","30x30",1,1,"main","_30x30_Plot_Repeat_Planted_10cm","Permanent","0","0","3x2"
"#40_Test","40_001_Test","Sp10",3,"planted",">10cm","Y2.5","Brazil","GANB","Restoration","30x30",2,1,"main","_30x30_Plot_Repeat_Planted_10cm","Permanent","0","0","3x2"
"P4 - RN - 180","P4 - RN - 180","Canela de velho",2,"planted","small (planted)","Y0","Brazil","GANB","Restoration","30x30",3,9,"main","_30x30_Plot_Repeat_Planted_10cm","Permanent","0","0","Não haverá plantio"
"P4 - ENR - 180","P4 - ENR - 180","Pequi de capoeira",1,"planted","small (planted)","Y0","Brazil","GANB","Restoration","30x30",4,10,"main","_30x30_Plot_Repeat_Planted_10cm","Permanent","0","0","4x3"
"999","999-1","Plantedus treeus",16,"planted","small (planted)","Y0","Brazil","EMA","Restoration","30x30",5,24,"main","_30x30_Plot_Repeat_Planted_10cm","Permanent","0","1","4 by 4 meters"
"999","999-1","Mas plantedii",23,"planted","small (planted)","Y0","Brazil","EMA","Restoration","30x30",6,24,"main","_30x30_Plot_Repeat_Planted_10cm","Permanent","0","1","4 by 4 meters"
"777","777-1","already planted test",43,"planted","small (planted)","Y0","Brazil","EMA","Restoration","30x30",7,26,"main","_30x30_Plot_Repeat_Planted_10cm","Permanent","1","2","6x3"
"777","777-1","already planted test 2",21,"planted","small (planted)","Y0","Brazil","EMA","Restoration","30x30",8,26,"main","_30x30_Plot_Repeat_Planted_10cm","Permanent","1","2","6x3"
"888",NA,"Big Tree",16,"Present","1 - 9.9cm","Y0","Brazil","EMA","Restoration","30x30",1,25,"main","_30x30_Plot_Repeat_Census_10cm",NA,"0","2",NA
"888",NA,"Bigger Tree",14,"Present","1 - 9.9cm","Y0","Brazil","EMA","Restoration","30x30",2,25,"main","_30x30_Plot_Repeat_Census_10cm",NA,"0","2",NA
"777","777-1","little tree census test",3,"Present","1 - 9.9cm","Y0","Brazil","EMA","Restoration","30x30",3,26,"main","_30x30_Plot_Repeat_Census_10cm","Permanent","1","2","6x3"
"777","777-1","litte tree census test 2",12,"Present","1 - 9.9cm","Y0","Brazil","EMA","Restoration","30x30",4,26,"main","_30x30_Plot_Repeat_Census_10cm","Permanent","1","2","6x3"
"888",NA,"planted xmas tree",25,"planted","small (planted)","Y0","Brazil","EMA","Restoration","30x15",1,25,"main","_30x15_Plot_Repeat_Planted_10c_001",NA,"0","2",NA
