"Organization_Name","Site_ID","Species","Y0","Y2.5","Other","Y5","Y2.5_Survival","Y5_Survival"
"AMBIO","747","Malacate blanco",8.14222222222222,NA,NA,NA,NA,NA
"AMBIO","813","Casearia corymbosa",9.76511111111111,NA,NA,NA,NA,NA
"AMBIO","817","Cordia alliodora",6.58888888888889,NA,NA,NA,NA,NA
"AMBIO","819","Tabebuia rosea",7.23444444444444,NA,NA,NA,NA,NA
"Amadese","1744","Intsia bijuga",4253.85365853659,NA,NA,NA,NA,NA
"Amadese","1744","Malus",117.463414634146,NA,NA,NA,NA,NA
"Amadese","1744","Trachylobium verrucosum",4950.24390243902,NA,NA,NA,NA,NA
"Amadese","1745","Citrus sinensis",231.738888888889,NA,NA,NA,NA,NA
"Amadese","1747","Citrus sinensis",18.0185185185185,NA,NA,NA,NA,NA
"Amadese","1747","Litchi chinensis",2.57407407407407,NA,NA,NA,NA,NA
"Amadese","1747","Mangifera indica",1.28703703703704,NA,NA,NA,NA,NA
"Amadese","1748","Citrus sinensis",99.9724248176641,NA,NA,NA,NA,NA
"Amadese","1748","Coffea",212.441402737536,NA,NA,NA,NA,NA
"Amadese","1748","Intsia bijuga",7535.42152063143,NA,NA,NA,NA,NA
"Amadese","1748","Mangifera",37.489659306624,NA,NA,NA,NA,NA
"Amadese","1748","Trachylobium verrucosum",12209.1323808572,NA,NA,NA,NA,NA
"Amadese","1748","Trema orientalis",62.4827655110401,NA,NA,NA,NA,NA
"Amadese","1749","Dracaena reflexa",2154.60064814815,NA,NA,NA,NA,NA
"Amadese","1749","Harungana madagascariensis",1984.77990740741,NA,NA,NA,NA,NA
"Amadese","1749","Intsia bijuga",17194.35,NA,NA,NA,NA,NA
"Amadese","1749","Trachylobium verrucosum",22915.1862037037,NA,NA,NA,NA,NA
"Amadese","1750","Citrus sinensis",1004.916,NA,NA,NA,NA,NA
"Amadese","1750","Coffea mangoroensis",801.02,NA,NA,NA,NA,NA
"Amadese","1750","Dracaena reflexa",1456.4,NA,NA,NA,NA,NA
"Amadese","1750","Ficus reflexa",87.384,NA,NA,NA,NA,NA
"Amadese","1750","Harungana madagascariensis",72.82,NA,NA,NA,NA,NA
"Amadese","1750","Intsia bijuga",5971.24,NA,NA,NA,NA,NA
"Amadese","1750","Litchi",101.948,NA,NA,NA,NA,NA
"Amadese","1750","Morus alba",58.256,NA,NA,NA,NA,NA
"Amadese","1750","Papaya",101.948,NA,NA,NA,NA,NA
"Amadese","1750","Trachylobium verrucosum",25472.436,NA,NA,NA,NA,NA
"Amadese","1750","Trema humbertii",349.536,NA,NA,NA,NA,NA
"Amadese","1751","Citrus sinensis",155.445,NA,NA,NA,NA,NA
"Amadese","1751","Coffea",11.5144444444444,NA,NA,NA,NA,NA
"Amadese","1751","Eugenia",69.0866666666667,NA,NA,NA,NA,NA
"Amadese","1751","Mangifera",23.0288888888889,NA,NA,NA,NA,NA
"Amadese","1751","Morus alba",11.5144444444444,NA,NA,NA,NA,NA
"Amadese","1751","Prunus persica",11.5144444444444,NA,NA,NA,NA,NA
"Amadese","1751","Spondias dulcis",40.3005555555556,NA,NA,NA,NA,NA
"Amadese","1752","Coffea mangoroensis",640.713333333333,NA,NA,NA,NA,NA
"Amadese","1752","Dracaena reflexa",2980.28777777778,NA,NA,NA,NA,NA
"Amadese","1752","Intsia bijuga",97.0777777777778,NA,NA,NA,NA,NA
"Amadese","1752","Trachylobium verrucosum",5572.26444444444,NA,NA,NA,NA,NA
"Amadese","1753","Piper nigrum",131.36,NA,NA,NA,NA,NA
"Amadese","1755","Citrus sinensis",185.777777777778,NA,NA,NA,NA,NA
"Amadese","1755","Coffea",92.8888888888889,NA,NA,NA,NA,NA
"Amadese","1755","Litchi",92.8888888888889,NA,NA,NA,NA,NA
"Amadese","1756","Citrus sinensis",84.57,NA,NA,NA,NA,NA
"Amadese","1756","Coffea mangoroensis",18.7933333333333,NA,NA,NA,NA,NA
"Amadese","1756","Litchi",6.26444444444444,NA,NA,NA,NA,NA
"Amadese","1757","Citrus sinensis",147.717,NA,NA,NA,NA,NA
"Amadese","1758","Citrus sinensis",1505.75321536775,NA,NA,NA,NA,NA
"Amadese","1758","Coffea",311.53514800712,NA,NA,NA,NA,NA
"Amadese","1758","Coffea mangoroensis",597.109033680314,NA,NA,NA,NA,NA
"Amadese","1758","Dracaena",1817.28836337487,NA,NA,NA,NA,NA
"Amadese","1758","Dracaena reflexa",51740.7958315159,NA,NA,NA,NA,NA
"Amadese","1758","Eugenia",25.9612623339267,NA,NA,NA,NA,NA
"Amadese","1758","Ficus lutea",246.631992172304,NA,NA,NA,NA,NA
"Amadese","1758","Harungana",739.895976516911,NA,NA,NA,NA,NA
"Amadese","1758","Harungana madagascariensis",31114.5729072111,NA,NA,NA,NA,NA
"Amadese","1758","Intsia",921.624812854398,NA,NA,NA,NA,NA
"Amadese","1758","Intsia bijuga",31919.3720395629,NA,NA,NA,NA,NA
"Amadese","1758","Intsia madagascariensis",1103.35364919188,NA,NA,NA,NA,NA
"Amadese","1758","Mangifera indica",77.8837870017801,NA,NA,NA,NA,NA
"Amadese","1758","Papaya",12.9806311669633,NA,NA,NA,NA,NA
"Amadese","1758","Persea americana",12.9806311669633,NA,NA,NA,NA,NA
"Amadese","1758","Spondens dipsis",64.9031558348167,NA,NA,NA,NA,NA
"Amadese","1758","Trachylobium",778.837870017801,NA,NA,NA,NA,NA
"Amadese","1758","Trachylobium verrucosum",76403.9950487463,NA,NA,NA,NA,NA
"Amadese","1758","Trema orientalis",3699.47988258455,NA,NA,NA,NA,NA
"Amadese","1759","Citrus sinensis",284.463157894737,NA,NA,NA,NA,NA
"Amadese","1759","Coffea mangoroensis",331.873684210526,NA,NA,NA,NA,NA
"Amadese","1759","Eriobotrya japonica",56.8926315789474,NA,NA,NA,NA,NA
"Amadese","1759","Litchi",47.4105263157895,NA,NA,NA,NA,NA
"Amadese","1759","Prunus persica",94.821052631579,NA,NA,NA,NA,NA
"Amadese","1759","Trachylobium verrucosum",1185.26315789474,NA,NA,NA,NA,NA
"Amadese","1760","Dracaena",1287.48459459459,NA,NA,NA,NA,NA
"Amadese","1760","Dracaena reflexa",3328.02621621622,NA,NA,NA,NA,NA
"Amadese","1760","Harungana madagascariensis",1578.99054054054,NA,NA,NA,NA,NA
"Amadese","1760","Intsia bijuga",170.045135135135,NA,NA,NA,NA,NA
"Amadese","1760","Trachylobium verrucosum",6291.67,NA,NA,NA,NA,NA
"Amadese","1761","Citrus sinensis",20.5612903225806,NA,NA,NA,NA,NA
"Amadese","1761","Coffea",606.558064516129,NA,NA,NA,NA,NA
"Amadese","1761","Coffea mangoroensis",503.751612903226,NA,NA,NA,NA,NA
"Amadese","1761","Dracaena reflexa",9530.15806451613,NA,NA,NA,NA,NA
"Amadese","1761","Harungana madagascariensis",5273.97096774194,NA,NA,NA,NA,NA
"Amadese","1761","Intsia bijuga",565.435483870968,NA,NA,NA,NA,NA
"Amadese","1761","Litchi chinensis",20.5612903225806,NA,NA,NA,NA,NA
"Amadese","1761","Spondias dulcis",30.841935483871,NA,NA,NA,NA,NA
"Amadese","1761","Trachylobium verrucosum",9242.3,NA,NA,NA,NA,NA
"Amadese","1762","Caffea",33.0791228070175,NA,NA,NA,NA,NA
"Amadese","1762","Citrus sinensis",66.1582456140351,NA,NA,NA,NA,NA
"Amadese","1762","Coffea",66.1582456140351,NA,NA,NA,NA,NA
"Amadese","1762","Dracaena reflexa",2491.96058479532,NA,NA,NA,NA,NA
"Amadese","1762","Eugenia cloiselii",11.0263742690058,NA,NA,NA,NA,NA
"Amadese","1762","Harungana madagascariensis",1488.56052631579,NA,NA,NA,NA,NA
"Amadese","1762","Intsia",540.292339181286,NA,NA,NA,NA,NA
"Amadese","1762","Intsia bijuga",9306.25988304094,NA,NA,NA,NA,NA
"Amadese","1762","Litchi",33.0791228070175,NA,NA,NA,NA,NA
"Amadese","1762","Mangifera",44.1054970760234,NA,NA,NA,NA,NA
"Amadese","1762","Syzygium aromaticum",121.290116959064,NA,NA,NA,NA,NA
"Amadese","1762","Trachylobium verrucosum",20023.8956725146,NA,NA,NA,NA,NA
"Amadese","1763","Caffea",27.370367236419,NA,NA,NA,NA,NA
"Amadese","1763","Citrus sinensis",273.70367236419,NA,NA,NA,NA,NA
"Amadese","1763","Coffea",260.018488745981,NA,NA,NA,NA,NA
"Amadese","1763","Coffea mangoroensis",957.962853274666,NA,NA,NA,NA,NA
"Amadese","1763","Dracaena",328.444406837028,NA,NA,NA,NA,NA
"Amadese","1763","Dracaena reflexa",5118.25867321036,NA,NA,NA,NA,NA
"Amadese","1763","Harungana madagascariensis",3681.31439329836,NA,NA,NA,NA,NA
"Amadese","1763","Intsia bijuga",11180.7950160772,NA,NA,NA,NA,NA
"Amadese","1763","Nuxia capitata",136.851836182095,NA,NA,NA,NA,NA
"Amadese","1763","Trachylobium verrucosum",36429.9587916737,NA,NA,NA,NA,NA
"Amadese","1764","Citrus sinensis",326.350833333333,NA,NA,NA,NA,NA
"Amadese","1764","Coffea",397.296666666667,NA,NA,NA,NA,NA
"Amadese","1764","Dracaena reflexa",1376.34916666667,NA,NA,NA,NA,NA
"Amadese","1764","Harungana madagascariensis",1234.4575,NA,NA,NA,NA,NA
"Amadese","1764","Intsia bijuga",1177.70083333333,NA,NA,NA,NA,NA
"Amadese","1764","Litchi chinensis",28.3783333333333,NA,NA,NA,NA,NA
"Amadese","1764","Mangifera indica",14.1891666666667,NA,NA,NA,NA,NA
"Amadese","1764","Spondias dulcis",56.7566666666667,NA,NA,NA,NA,NA
"Amadese","1764","Trachylobium verrucosum",184.459166666667,NA,NA,NA,NA,NA
"Amadese","1764","Trema orientalis",113.513333333333,NA,NA,NA,NA,NA
"Amadese","1765","Coffea",107.402777777778,NA,NA,NA,NA,NA
"Amadese","1765","Dracaena reflexa",322.208333333333,NA,NA,NA,NA,NA
"Amadese","1765","Harungana madagascariensis",1315.68402777778,NA,NA,NA,NA,NA
"Amadese","1765","Intsia bijuga",1863.43819444444,NA,NA,NA,NA,NA
"Amadese","1765","Litchi chinensis",5.37013888888889,NA,NA,NA,NA,NA
"Amadese","1765","Mangifera indica",5.37013888888889,NA,NA,NA,NA,NA
"Amadese","1765","Spondias dulcis",10.7402777777778,NA,NA,NA,NA,NA
"Amadese","1765","Trachylobium verrucosum",1546.6,NA,NA,NA,NA,NA
"Amadese","1766","Albizia gummifera",222.833695652174,NA,NA,NA,NA,NA
"Amadese","1766","Citrus sinensis",749.531521739131,NA,NA,NA,NA,NA
"Amadese","1766","Coffea",344.379347826087,NA,NA,NA,NA,NA
"Amadese","1766","Dracaena reflexa",2998.12608695652,NA,NA,NA,NA,NA
"Amadese","1766","Erythroxylum sphaeranthum",384.894565217391,NA,NA,NA,NA,NA
"Amadese","1766","Grewia baillonii",506.440217391304,NA,NA,NA,NA,NA
"Amadese","1766","Harungana madagascariensis",3383.02065217391,NA,NA,NA,NA,NA
"Amadese","1766","Intsia bijuga",729.273913043478,NA,NA,NA,NA,NA
"Amadese","1766","Litchi chinensis",20.2576086956522,NA,NA,NA,NA,NA
"Amadese","1766","Mangifera indica",303.864130434783,NA,NA,NA,NA,NA
"Amadese","1766","Morus alba",40.5152173913043,NA,NA,NA,NA,NA
"Amadese","1766","Protorhus ditimena",263.348913043478,NA,NA,NA,NA,NA
"Amadese","1766","Trachylobium verrucosum",688.758695652174,NA,NA,NA,NA,NA
"Amadese","1766","Trema orientalis",40.5152173913043,NA,NA,NA,NA,NA
"Amadese","1767","Citrus sinensis",4.37,NA,NA,NA,NA,NA
"Amadese","1767","Coffea",5.82666666666667,NA,NA,NA,NA,NA
"Amadese","1767","Spondias dulcis",4.37,NA,NA,NA,NA,NA
"Amadese","1768","Citrus sinensis",87.4827027027027,NA,NA,NA,NA,NA
"Amadese","1768","Coffea",55.6708108108108,NA,NA,NA,NA,NA
"Amadese","1768","Dracaena reflexa",970.262702702703,NA,NA,NA,NA,NA
"Amadese","1768","Harungana madagascariensis",1542.87675675676,NA,NA,NA,NA,NA
"Amadese","1768","Intsia bijuga",596.472972972973,NA,NA,NA,NA,NA
"Amadese","1768","Trema orientalis",326.071891891892,NA,NA,NA,NA,NA
"Amadese","1769","Coffea",10.5133333333333,NA,NA,NA,NA,NA
"Amadese","1769","Spondias",3.50444444444444,NA,NA,NA,NA,NA
"Amadese","1770","Albizia gummifera",313.502777777778,NA,NA,NA,NA,NA
"Amadese","1770","Coffea",17.9144444444444,NA,NA,NA,NA,NA
"Amadese","1770","Dracaena reflexa",976.337222222222,NA,NA,NA,NA,NA
"Amadese","1770","Harungana madagascariensis",447.861111111111,NA,NA,NA,NA,NA
"Amadese","1770","Intsia bijuga",779.278333333333,NA,NA,NA,NA,NA
"Amadese","1770","Litchi chinensis",35.8288888888889,NA,NA,NA,NA,NA
"Amadese","1770","Spondias dulcis",53.7433333333333,NA,NA,NA,NA,NA
"Amadese","1770","Trachylobium verrucosum",850.936111111111,NA,NA,NA,NA,NA
"Amadese","1771","Coffea",32.2822222222222,NA,NA,NA,NA,NA
"Amadese","1771","Dracaena reflexa",564.938888888889,NA,NA,NA,NA,NA
"Amadese","1771","Harungana madagascariensis",322.822222222222,NA,NA,NA,NA,NA
"Amadese","1771","Intsia bijuga",742.491111111111,NA,NA,NA,NA,NA
"Amadese","1771","Trachylobium verrucosum",847.408333333333,NA,NA,NA,NA,NA
"Amadese","1771","Trema orientalis",32.2822222222222,NA,NA,NA,NA,NA
"Amadese","1772","Citrus sinensis",8.23194444444444,NA,NA,NA,NA,NA
"Amadese","1772","Coffea",156.406944444444,NA,NA,NA,NA,NA
"Amadese","1772","Dracaena reflexa",724.411111111111,NA,NA,NA,NA,NA
"Amadese","1772","Harungana madagascariensis",749.106944444444,NA,NA,NA,NA,NA
"Amadese","1772","Intsia bijuga",921.977777777778,NA,NA,NA,NA,NA
"Amadese","1772","Litchi chinensis",8.23194444444444,NA,NA,NA,NA,NA
"Amadese","1772","Mangifera indica",82.3194444444444,NA,NA,NA,NA,NA
"Amadese","1772","Trachylobium verrucosum",90.5513888888889,NA,NA,NA,NA,NA
"Amadese","1772","Trema orientalis",222.2625,NA,NA,NA,NA,NA
"Amadese","1773","Albizia gummifera",840.074074074074,NA,NA,NA,NA,NA
"Amadese","1773","Brachylaena perrieri",30.5481481481481,NA,NA,NA,NA,NA
"Amadese","1773","Citrus sinensis",1160.82962962963,NA,NA,NA,NA,NA
"Amadese","1773","Coffea",106.918518518519,NA,NA,NA,NA,NA
"Amadese","1773","Coffea mangoroensis",473.496296296296,NA,NA,NA,NA,NA
"Amadese","1773","Dracaena reflexa",6720.59259259259,NA,NA,NA,NA,NA
"Amadese","1773","Harungana madagascariensis",2352.20740740741,NA,NA,NA,NA,NA
"Amadese","1773","Intsia bijuga",4811.33333333333,NA,NA,NA,NA,NA
"Amadese","1773","Litchi chinensis",61.0962962962963,NA,NA,NA,NA,NA
"Amadese","1773","Tambourissa madagascariensis",15.2740740740741,NA,NA,NA,NA,NA
"Amadese","1773","Trachylobium verrucosum",1298.2962962963,NA,NA,NA,NA,NA
"Amadese","1774","Citrus sinensis",211.75,NA,NA,NA,NA,NA
"Amadese","1774","Coffea",1199.91666666667,NA,NA,NA,NA,NA
"Amadese","1774","Dracaena reflexa",1058.75,NA,NA,NA,NA,NA
"Amadese","1774","Intsia bijuga",1411.66666666667,NA,NA,NA,NA,NA
"Amadese","1774","Trachylobium verrucosum",1694,NA,NA,NA,NA,NA
"Amadese","1775","Citrus sinensis",794.186666666667,NA,NA,NA,NA,NA
"Amadese","1775","Coffea",66.1822222222222,NA,NA,NA,NA,NA
"Amadese","1775","Mangifera indica",165.455555555556,NA,NA,NA,NA,NA
"Amadese","1776","Coffea",124.431388888889,NA,NA,NA,NA,NA
"Amadese","1776","Dracaena reflexa",2296.32472222222,NA,NA,NA,NA,NA
"Amadese","1776","Ficus lutea",11.3119444444444,NA,NA,NA,NA,NA
"Amadese","1776","Harungana madagascariensis",1821.22305555556,NA,NA,NA,NA,NA
"Amadese","1776","Intsia bijuga",622.156944444444,NA,NA,NA,NA,NA
"Amadese","1776","Mangifera indica",124.431388888889,NA,NA,NA,NA,NA
"Amadese","1776","Trachylobium verrucosum",328.046388888889,NA,NA,NA,NA,NA
"Amadese","1776","Trema orientalis",237.550833333333,NA,NA,NA,NA,NA
"Amadese","1777","Citrus sinensis",14.1022222222222,NA,NA,NA,NA,NA
"Amadese","1777","Coffea",7.05111111111111,NA,NA,NA,NA,NA
"Amadese","1778","Albizia gummifera",4.02666666666667,NA,NA,NA,NA,NA
"Amadese","1778","Citrus sinensis",16.1066666666667,NA,NA,NA,NA,NA
"Amadese","1778","Coffea",8.05333333333333,NA,NA,NA,NA,NA
"Amadese","1779","Citrus sinensis",13.0610526315789,NA,NA,NA,NA,NA
"Amadese","1779","Coffea",32.6526315789474,NA,NA,NA,NA,NA
"Amadese","1779","Coffea mangoroensis",13.0610526315789,NA,NA,NA,NA,NA
"Amadese","1779","Dracaena reflexa",45.7136842105263,NA,NA,NA,NA,NA
"Amadese","1779","Harungana madagascariensis",39.1831578947368,NA,NA,NA,NA,NA
"Amadese","1779","Mangifera indica",6.53052631578947,NA,NA,NA,NA,NA
"Amadese","1779","Trachylobium verrucosum",39.1831578947368,NA,NA,NA,NA,NA
"Amadese","1780","Artocarpus heterophyllus",35.4511111111111,NA,NA,NA,NA,NA
"Amadese","1780","Citrus sinensis",70.9022222222222,NA,NA,NA,NA,NA
"Amadese","1780","Coffea",141.804444444444,NA,NA,NA,NA,NA
"Amadese","1781","Artocarpus heterophyllus",82.975,NA,NA,NA,NA,NA
"Amadese","1781","Citrus sinensis",290.4125,NA,NA,NA,NA,NA
"Amadese","1781","Coffea",165.95,NA,NA,NA,NA,NA
"Amadese","1782","Coffea",216.111111111111,NA,NA,NA,NA,NA
"Amadese","1782","Litchi chinensis",21.6111111111111,NA,NA,NA,NA,NA
"Amadese","1783","Citrus sinensis",53.2518518518519,NA,NA,NA,NA,NA
"Amadese","1783","Dracaena reflexa",1224.79259259259,NA,NA,NA,NA,NA
"Amadese","1783","Harungana madagascariensis",905.281481481481,NA,NA,NA,NA,NA
"Amadese","1783","Litchi chinensis",31.9511111111111,NA,NA,NA,NA,NA
"Amadese","1783","ghgh",0,NA,NA,NA,NA,NA
"Amadese","1784","Mangifera indica",0.627777777777778,NA,NA,NA,NA,NA
"Amadese","1784","Piper nigrum",1.25555555555556,NA,NA,NA,NA,NA
"Amadese","1785","Citrus sinensis",0,NA,NA,NA,NA,NA
"Amadese","1785","Coffea",465.169523809524,NA,NA,NA,NA,NA
"Amadese","1785","Dracaena reflexa",819.102857142857,NA,NA,NA,NA,NA
"Amadese","1785","Harungana madagascariensis",1739.32952380952,NA,NA,NA,NA,NA
"Amadese","1785","Intsia bijuga",151.685714285714,NA,NA,NA,NA,NA
"Amadese","1785","Mangifera",20.2247619047619,NA,NA,NA,NA,NA
"Amadese","1785","Mangifera indica",30.3371428571429,NA,NA,NA,NA,NA
"Amadese","1785","Spondias dulcis",10.112380952381,NA,NA,NA,NA,NA
"Amadese","1785","Trachylobium verrucosum",434.832380952381,NA,NA,NA,NA,NA
"Amadese","1786","Citrus sinensis",1330.76566775244,NA,NA,NA,NA,NA
"Amadese","1786","Coffea",6100.78286644951,NA,NA,NA,NA,NA
"Amadese","1786","Dracaena reflexa",43673.3096416938,NA,NA,NA,NA,NA
"Amadese","1786","Harungana madagascariensis",28689.2338762215,NA,NA,NA,NA,NA
"Amadese","1786","Intsia bijuga",2626.96599348534,NA,NA,NA,NA,NA
"Amadese","1786","Litchi chinensis",17.282671009772,NA,NA,NA,NA,NA
"Amadese","1786","Mangifera",34.565342019544,NA,NA,NA,NA,NA
"Amadese","1786","Mangifera indica",224.674723127036,NA,NA,NA,NA,NA
"Amadese","1786","Syzygium aromaticum",380.218762214984,NA,NA,NA,NA,NA
"Amadese","1786","Trachylobium verrucosum",17213.5403257329,NA,NA,NA,NA,NA
"Amadese","1786","Trema orientalis",155.544039087948,NA,NA,NA,NA,NA
"Amadese","1787","Artocarpus heterophyllus",0,NA,NA,NA,NA,NA
"Amadese","1787","Citrus sinensis",0,NA,NA,NA,NA,NA
"Amadese","1787","Coffea",0,NA,NA,NA,NA,NA
"Amadese","1787","Litchi",0,NA,NA,NA,NA,NA
"Amadese","1788","Citrus sinensis",402.647542372881,NA,NA,NA,NA,NA
"Amadese","1788","Coffea",500.25906779661,NA,NA,NA,NA,NA
"Amadese","1788","Dracaena reflexa",9346.30355932203,NA,NA,NA,NA,NA
"Amadese","1788","Harungana madagascariensis",5136.80652542373,NA,NA,NA,NA,NA
"Amadese","1788","Mangifera indica",146.417288135593,NA,NA,NA,NA,NA
"Amadese","1788","Spondias dulcis",12.2014406779661,NA,NA,NA,NA,NA
"Amadese","1788","Trachylobium verrucosum",5197.81372881356,NA,NA,NA,NA,NA
"Amadese","1789","Citrus sinensis",56.0441666666667,NA,NA,NA,NA,NA
"Amadese","1789","Coffea",364.287083333333,NA,NA,NA,NA,NA
"Amadese","1789","Dracaena reflexa",3820.34402777778,NA,NA,NA,NA,NA
"Amadese","1789","Harungana madagascariensis",1746.70986111111,NA,NA,NA,NA,NA
"Amadese","1789","Intsia bijuga",93.4069444444444,NA,NA,NA,NA,NA
"Amadese","1789","Litchi chinensis",18.6813888888889,NA,NA,NA,NA,NA
"Amadese","1789","Malus domestica",46.7034722222222,NA,NA,NA,NA,NA
"Amadese","1789","Mangifera indica",28.0220833333333,NA,NA,NA,NA,NA
"Amadese","1789","Spondias dulcis",28.0220833333333,NA,NA,NA,NA,NA
"Amadese","1789","Trachylobium verrucosum",1092.86125,NA,NA,NA,NA,NA
"Amadese","1790","Dracaena reflexa",3355.13888888889,NA,NA,NA,NA,NA
"Amadese","1790","Harungana madagascariensis",2013.08333333333,NA,NA,NA,NA,NA
"Amadese","1790","Trachylobium verrucosum",325.927777777778,NA,NA,NA,NA,NA
"Amadese","1791","Citrus sinensis",3.70111111111111,NA,NA,NA,NA,NA
"Amadese","1791","Coffea",22.2066666666667,NA,NA,NA,NA,NA
"Amadese","1792","Citrus sinensis",272.905263157895,NA,NA,NA,NA,NA
"Amadese","1792","Coffea",477.584210526316,NA,NA,NA,NA,NA
"Amadese","1792","Dracaena reflexa",1569.20526315789,NA,NA,NA,NA,NA
"Amadese","1792","Harungana madagascariensis",1610.14105263158,NA,NA,NA,NA,NA
"Amadese","1792","Spondias dulcis",54.5810526315789,NA,NA,NA,NA,NA
"Amadese","1793","Coffea",298.75,NA,NA,NA,NA,NA
"Amadese","1793","Mangifera indica",99.5833333333333,NA,NA,NA,NA,NA
"Amadese","1793","Spondias dulcis",199.166666666667,NA,NA,NA,NA,NA
"Amadese","1794","Coffea",1077.71826671488,NA,NA,NA,NA,NA
"Amadese","1794","Dracaena reflexa",135741.181688613,NA,NA,NA,NA,NA
"Amadese","1794","Ficus reflexa",25.6599587313068,NA,NA,NA,NA,NA
"Amadese","1794","Harungana madagascariensis",90656.6341977068,NA,NA,NA,NA,NA
"Amadese","1794","Intsia bijuga",1000.73839052096,NA,NA,NA,NA,NA
"Amadese","1794","Trachylobium verrucosum",35923.9422238295,NA,NA,NA,NA,NA
"Amadese","1813","Intsia bijuga",2757.50966518346,NA,NA,NA,NA,NA
"Amadese","1813","Trachylobium verrucosum",4772.61288204829,NA,NA,NA,NA,NA
"CI Madagascar","1744","Néant",0,NA,NA,NA,NA,NA
"CI Madagascar","1750","Albizia gummifera",14.564,NA,NA,NA,NA,NA
"CI Madagascar","1750","Néant",0,NA,NA,NA,NA,NA
"CI Madagascar","1750","Psidium",626.252,NA,NA,NA,NA,NA
"CI Madagascar","1758","Intsia bijuga",3349.00284107654,NA,NA,NA,NA,NA
"CI Madagascar","1758","Trachylobium",895.663550520471,NA,NA,NA,NA,NA
"CI Madagascar","1758","Trachylobium verrucosum",895.663550520471,NA,NA,NA,NA,NA
"CI Madagascar","1797","none",0,NA,NA,NA,NA,NA
"CI Madagascar","1821","Eucalyptus",15.2635039370079,NA,NA,NA,NA,NA
"CI Madagascar","1821","Grevillea",15.2635039370079,NA,NA,NA,NA,NA
"CI Madagascar","1828","Eucalyptus",43.072,NA,NA,NA,NA,NA
"CI Madagascar","1880","Eucalyptus",35.1675675675676,NA,NA,NA,NA,NA
"CI Madagascar","1891",".",0,NA,NA,NA,NA,NA
"CI Madagascar","1891","Eucalyptus",50.8871979434447,NA,NA,NA,NA,NA
"CI Madagascar","1891","Grevillea",12.7217994858612,NA,NA,NA,NA,NA
"CI Madagascar","S01","jd",0,NA,NA,NA,NA,NA
"CI Madagascar","S01","sjdjd",0,NA,NA,NA,NA,NA
"CI Madagascar","S01","ueyeg",0,NA,NA,NA,NA,NA
"CI Madagascar","S01","yzyz",0,NA,NA,NA,NA,NA
"CI Philippines","211","Diospyros blancoi",44.4312315270936,NA,NA,NA,NA,NA
"CI Philippines","211","Dipterocarpus grandiflorus",710.899704433498,NA,NA,NA,NA,NA
"CI Philippines","211","Eugenia montalbanica",1155.21201970443,NA,NA,NA,NA,NA
"CI Philippines","211","Intsia bijuga",118498.094482759,NA,NA,NA,NA,NA
"CI Philippines","211","Pouteria villamilii",44.4312315270936,NA,NA,NA,NA,NA
"CI Philippines","211","Pterocarpus indicus",577.606009852217,NA,NA,NA,NA,NA
"CI Philippines","211","Swietenia",1377.3681773399,NA,NA,NA,NA,NA
"CUCOS","1453","Coffea",NA,0,NA,NA,NA,NA
"CUCOS","1454","Coffea",0,NA,NA,NA,NA,NA
"CUCOS","1455","Cocos nucifera",0,NA,NA,NA,NA,NA
"CUCOS","1456","Cafe",0,NA,NA,NA,NA,NA
"CUCOS","1481","Nanche",0,NA,NA,NA,NA,NA
"CUCOS","1483","Rabo de iaguana",0,NA,NA,NA,NA,NA
"CUCOS","1490","Citrus",0,NA,NA,NA,NA,NA
"CUCOS","1512","Encino",0,NA,NA,NA,NA,NA
"CUCOS","1580","Citrus sinensis",0,NA,NA,NA,NA,NA
"Café Capitan","349","Coffea arabica",0,NA,NA,NA,NA,NA
"Café Capitan","881","Inga vera",0,NA,NA,NA,NA,NA
"FAFIALA","1794","Coffea robusta",128.299793656534,NA,NA,NA,NA,NA
"FAFIALA","1795","Albizia gummifera",2709.8348451498,NA,NA,NA,NA,NA
"FAFIALA","1795","Andrarezina",833.79533696917,NA,NA,NA,NA,NA
"FAFIALA","1795","Baudouinia fluggeiformis",277.931778989723,NA,NA,NA,NA,NA
"FAFIALA","1795","Cafe",69.4829447474308,NA,NA,NA,NA,NA
"FAFIALA","1795","Citrus",13.8965889494862,NA,NA,NA,NA,NA
"FAFIALA","1795","Citrus sinensis",5433.56627924909,NA,NA,NA,NA,NA
"FAFIALA","1795","Coffea",444.690846383557,NA,NA,NA,NA,NA
"FAFIALA","1795","Coffea arabica",1598.10772919091,NA,NA,NA,NA,NA
"FAFIALA","1795","Coffea millotii",819.898748019684,NA,NA,NA,NA,NA
"FAFIALA","1795","Coffea robusta",5628.1185245419,NA,NA,NA,NA,NA
"FAFIALA","1795","Dracaena reflexa",144302.179651464,NA,NA,NA,NA,NA
"FAFIALA","1795","Ficus megapoda",1709.2804407868,NA,NA,NA,NA,NA
"FAFIALA","1795","Ficus polita",1361.86571704964,NA,NA,NA,NA,NA
"FAFIALA","1795","Ficus reflexa",667.036269575336,NA,NA,NA,NA,NA
"FAFIALA","1795","Haronga madagascariensis",2015.00539767549,NA,NA,NA,NA,NA
"FAFIALA","1795","Harungana madagascariensis",154224.344161397,NA,NA,NA,NA,NA
"FAFIALA","1795","Intsia bijuga",9713.71567569083,NA,NA,NA,NA,NA
"FAFIALA","1795","Leucaena",150041.470887602,NA,NA,NA,NA,NA
"FAFIALA","1795","Litchi",597.553324827905,NA,NA,NA,NA,NA
"FAFIALA","1795","Litchi chinensis",444.690846383557,NA,NA,NA,NA,NA
"FAFIALA","1795","Mangifera indica",125.069300545376,NA,NA,NA,NA,NA
"FAFIALA","1795","Morus alba",305.724956888696,NA,NA,NA,NA,NA
"FAFIALA","1795","Nuxia capitata",180.65565634332,NA,NA,NA,NA,NA
"FAFIALA","1795","Prunus persica",875.485103817629,NA,NA,NA,NA,NA
"FAFIALA","1795","Psiadia altissima",13.8965889494862,NA,NA,NA,NA,NA
"FAFIALA","1795","Spondias dulcis",1125.62370490838,NA,NA,NA,NA,NA
"FAFIALA","1795","Syzygium aromaticum",1361.86571704964,NA,NA,NA,NA,NA
"FAFIALA","1795","Trachydium verrucosum",1153.41688280735,NA,NA,NA,NA,NA
"FAFIALA","1795","Trachylobium verrucosum",3126.73251363439,NA,NA,NA,NA,NA
"FAFIALA","1795","Trema orientalis",60936.5425434968,NA,NA,NA,NA,NA
"FAFIALA","1795","Volomborona",125.069300545376,NA,NA,NA,NA,NA
"FAFIALA","1795","Weinmannia rutenbergii",13.8965889494862,NA,NA,NA,NA,NA
"FAFIALA","1796","Albizia gummifera",136.420917482129,NA,NA,NA,NA,NA
"FAFIALA","1796","Clidemia hirta",12.4019015892845,NA,NA,NA,NA,NA
"FAFIALA","1796","Coffea robusta",669.702685821362,NA,NA,NA,NA,NA
"FAFIALA","1796","Dracaena reflexa",9301.42619196336,NA,NA,NA,NA,NA
"FAFIALA","1796","Ficus reflexa",111.61711430356,NA,NA,NA,NA,NA
"FAFIALA","1796","Harungana madagascariensis",18193.5896314803,NA,NA,NA,NA,NA
"FAFIALA","1796","Litchi chinensis",272.841834964258,NA,NA,NA,NA,NA
"FAFIALA","1796","Mangifera indica",37.2057047678534,NA,NA,NA,NA,NA
"FAFIALA","1796","Persea americana",62.0095079464224,NA,NA,NA,NA,NA
"FAFIALA","1796","Syzygium parkeri",37.2057047678534,NA,NA,NA,NA,NA
"FAFIALA","1796","Trachylobium verrucosum",148.822819071414,NA,NA,NA,NA,NA
"FAFIALA","1796","Trema orientalis",7242.71052814213,NA,NA,NA,NA,NA
"FAFIALA","1796","Weinmannia rutenbergii",124.019015892845,NA,NA,NA,NA,NA
"FAFIALA","1797","Albizia gummifera",242.724238282521,NA,NA,NA,NA,NA
"FAFIALA","1797","Citrus sinensis",1225.75740332673,NA,NA,NA,NA,NA
"FAFIALA","1797","Coffea arabica",218.451814454269,NA,NA,NA,NA,NA
"FAFIALA","1797","Coffea robusta",3628.72736232369,NA,NA,NA,NA,NA
"FAFIALA","1797","Dracaena",5910.33520217939,NA,NA,NA,NA,NA
"FAFIALA","1797","Dracaena reflexa",104395.694885312,NA,NA,NA,NA,NA
"FAFIALA","1797","Erica",206.315602540143,NA,NA,NA,NA,NA
"FAFIALA","1797","Ficus lutea",1250.02982715498,NA,NA,NA,NA,NA
"FAFIALA","1797","Ficus polita",12.1362119141261,NA,NA,NA,NA,NA
"FAFIALA","1797","Ficus reflexa",48.5448476565042,NA,NA,NA,NA,NA
"FAFIALA","1797","Fucus",24.2724238282521,NA,NA,NA,NA,NA
"FAFIALA","1797","Harungana madagascariensis",145501.044638457,NA,NA,NA,NA,NA
"FAFIALA","1797","Intsia bijuga",5012.25552053406,NA,NA,NA,NA,NA
"FAFIALA","1797","Litchi",206.315602540143,NA,NA,NA,NA,NA
"FAFIALA","1797","Litchi chinensis",145.634542969513,NA,NA,NA,NA,NA
"FAFIALA","1797","Mangifera indica",24.2724238282521,NA,NA,NA,NA,NA
"FAFIALA","1797","Nuxia capitata",194.179390626017,NA,NA,NA,NA,NA
"FAFIALA","1797","Psiadia altissima",60.6810595706303,NA,NA,NA,NA,NA
"FAFIALA","1797","Spondias dulcis",97.0896953130085,NA,NA,NA,NA,NA
"FAFIALA","1797","Syzygium aromaticum",497.584688479168,NA,NA,NA,NA,NA
"FAFIALA","1797","Trachylobium verrucosum",36.4086357423782,NA,NA,NA,NA,NA
"FAFIALA","1797","Trema orientalis",27039.4801446729,NA,NA,NA,NA,NA
"FAFIALA","1797","Weinmannia rutenbergii",48.5448476565042,NA,NA,NA,NA,NA
"FAFIALA","1799","Coffea robusta",5.63847429519071,NA,NA,NA,NA,NA
"FAFIALA","1799","Dracaena reflexa",94.914317302377,NA,NA,NA,NA,NA
"FAFIALA","1799","Ficus lutea",4.69872857932559,NA,NA,NA,NA,NA
"FAFIALA","1799","Harungana madagascariensis",238.69541182974,NA,NA,NA,NA,NA
"FAFIALA","1799","Trema orientalis",84.5771144278607,NA,NA,NA,NA,NA
"FAFIALA","1800","Canarium madagascariense",787.538888888889,NA,NA,NA,NA,NA
"FAFIALA","1800","Coffea robusta",243.421111111111,NA,NA,NA,NA,NA
"FAFIALA","1800","Dracaena reflexa",443.885555555556,NA,NA,NA,NA,NA
"FAFIALA","1800","Harungana madagascariensis",1746.90444444444,NA,NA,NA,NA,NA
"FAFIALA","1800","Intsia bijuga",286.377777777778,NA,NA,NA,NA,NA
"FAFIALA","1800","Litchi chinensis",200.464444444444,NA,NA,NA,NA,NA
"FAFIALA","1800","Mangifera",28.6377777777778,NA,NA,NA,NA,NA
"FAFIALA","1800","Spondias dulcis",85.9133333333333,NA,NA,NA,NA,NA
"FAFIALA","1800","Syzygium aromaticum",343.653333333333,NA,NA,NA,NA,NA
"FAFIALA","1800","Trema orientalis",400.928888888889,NA,NA,NA,NA,NA
"FAFIALA","1801","Coffea robusta",1920.5,NA,NA,NA,NA,NA
"FAFIALA","1802","Dracaena reflexa",1591.18666666667,NA,NA,NA,NA,NA
"FAFIALA","1802","Harungana madagascariensis",1193.39,NA,NA,NA,NA,NA
"FAFIALA","1802","Trema orientalis",3977.96666666667,NA,NA,NA,NA,NA
"FAFIALA","1803","Coffea robusta",50.464171402443,NA,NA,NA,NA,NA
"FAFIALA","1803","Dracaena reflexa",6585.57436801881,NA,NA,NA,NA,NA
"FAFIALA","1803","Harungana madagascariensis",34139.0119537527,NA,NA,NA,NA,NA
"FAFIALA","1803","Intsia bijuga",1223.75615650924,NA,NA,NA,NA,NA
"FAFIALA","1803","Syzygium aromaticum",315.401071265269,NA,NA,NA,NA,NA
"FAFIALA","1803","Trachydium verrucosum",176.624599908551,NA,NA,NA,NA,NA
"FAFIALA","1803","Trema orientalis",3305.40322686002,NA,NA,NA,NA,NA
"FAFIALA","1804","Coffea robusta",538.633333333333,NA,NA,NA,NA,NA
"FAFIALA","1805","Coffea robusta",61.2553752254127,NA,NA,NA,NA,NA
"FAFIALA","1805","Dracaena reflexa",8588.00360660286,NA,NA,NA,NA,NA
"FAFIALA","1805","Entada louvelii",12.2510750450825,NA,NA,NA,NA,NA
"FAFIALA","1805","Harungana madagascariensis",29696.6059092801,NA,NA,NA,NA,NA
"FAFIALA","1805","Intsia bijuga",2009.17630739354,NA,NA,NA,NA,NA
"FAFIALA","1805","Litchi chinensis",24.5021500901651,NA,NA,NA,NA,NA
"FAFIALA","1805","Nuxia capitata",661.558052434457,NA,NA,NA,NA,NA
"FAFIALA","1805","Psiadia altissima",24.5021500901651,NA,NA,NA,NA,NA
"FAFIALA","1805","Thilachium angustifolium",208.268275766403,NA,NA,NA,NA,NA
"FAFIALA","1805","Trachydium verrucosum",1531.38438063532,NA,NA,NA,NA,NA
"FAFIALA","1805","Trachylobium verrucosum",624.804827299209,NA,NA,NA,NA,NA
"FAFIALA","1805","Trema orientalis",539.047301983632,NA,NA,NA,NA,NA
"FAFIALA","1805","Weinmannia rutenbergii",575.800527118879,NA,NA,NA,NA,NA
"FAFIALA","1806","Citrus sinensis",290.649064906491,NA,NA,NA,NA,NA
"FAFIALA","1806","Coffea robusta",290.649064906491,NA,NA,NA,NA,NA
"FAFIALA","1808","Dracaena reflexa",629.37,NA,NA,NA,NA,NA
"FAFIALA","1808","Harungana madagascariensis",1578.42,NA,NA,NA,NA,NA
"FAFIALA","1809","Citrus sinensis",719.444444444445,NA,NA,NA,NA,NA
"FAFIALA","1809","Coffea robusta",513.888888888889,NA,NA,NA,NA,NA
"FAFIALA","1810","Dracaena reflexa",916.98,NA,NA,NA,NA,NA
"FAFIALA","1810","Harungana madagascariensis",2175.58,NA,NA,NA,NA,NA
"FAFIALA","1810","Trema orientalis",881.02,NA,NA,NA,NA,NA
"FAFIALA","1811","Dracaena reflexa",6033,NA,NA,NA,NA,NA
"FAFIALA","1811","Harungana madagascariensis",22344.4444444444,NA,NA,NA,NA,NA
"FAFIALA","1812","Albizia gummifera",70.1031869614866,NA,NA,NA,NA,NA
"FAFIALA","1812","Citrus sinensis",681.002387625869,NA,NA,NA,NA,NA
"FAFIALA","1812","Coffea robusta",1271.87210630126,NA,NA,NA,NA,NA
"FAFIALA","1812","Dracaena reflexa",17776.1652652341,NA,NA,NA,NA,NA
"FAFIALA","1812","Ficus megapoda",30.0442229834942,NA,NA,NA,NA,NA
"FAFIALA","1812","Ficus reflexa",300.442229834942,NA,NA,NA,NA,NA
"FAFIALA","1812","Harungana madagascariensis",34040.104640299,NA,NA,NA,NA,NA
"FAFIALA","1812","Intsia bijuga",2022.97768088861,NA,NA,NA,NA,NA
"FAFIALA","1812","Leucaena",36053.0675801931,NA,NA,NA,NA,NA
"FAFIALA","1812","Litchi chinensis",110.162150939479,NA,NA,NA,NA,NA
"FAFIALA","1812","Prunus persica",10.0147409944981,NA,NA,NA,NA,NA
"FAFIALA","1812","Spondias dulcis",110.162150939479,NA,NA,NA,NA,NA
"FAFIALA","1812","Syzygium aromaticum",20.0294819889962,NA,NA,NA,NA,NA
"FAFIALA","1812","Trachylobium verrucosum",580.854977680889,NA,NA,NA,NA,NA
"FAFIALA","1812","Trema orientalis",3885.71950586525,NA,NA,NA,NA,NA
"FAFIALA","1813","Citrus sinensis",137.875483259173,NA,NA,NA,NA,NA
"FAFIALA","1813","Dracaena reflexa",3224.16514698373,NA,NA,NA,NA,NA
"FAFIALA","1813","Harungana madagascariensis",6671.05222846305,NA,NA,NA,NA,NA
"FAFIALA","1813","Litchi chinensis",21.2116128091035,NA,NA,NA,NA,NA
"FAFIALA","1813","Mangifera indica",31.8174192136553,NA,NA,NA,NA,NA
"FAFIALA","1813","Trema orientalis",10680.0470493836,NA,NA,NA,NA,NA
"FAFIALA","1814","Dracaena reflexa",1063.85611111111,NA,NA,NA,NA,NA
"FAFIALA","1814","Harungana madagascariensis",2247.58333333333,NA,NA,NA,NA,NA
"FAFIALA","1814","Trema orientalis",3386.35888888889,NA,NA,NA,NA,NA
"FAFIALA","1815","Citrus sinensis",1863.55555555556,NA,NA,NA,NA,NA
"FAFIALA","1816","Syzygium aromaticum",353.333333333333,NA,NA,NA,NA,NA
"FAFIALA","1817","Citrus sinensis",114.283828382838,NA,NA,NA,NA,NA
"FAFIALA","1817","Coffea robusta",171.425742574257,NA,NA,NA,NA,NA
"FAFIALA","1817","Dracaena reflexa",19.047304730473,NA,NA,NA,NA,NA
"FAFIALA","1817","Harungana madagascariensis",5885.61716171617,NA,NA,NA,NA,NA
"FAFIALA","1817","Intsia bijuga",38.0946094609461,NA,NA,NA,NA,NA
"FAFIALA","1817","Trema orientalis",1295.21672167217,NA,NA,NA,NA,NA
"FAFIALA","1818","Citrus",772.23773006135,NA,NA,NA,NA,NA
"FAFIALA","1818","Citrus sinensis",243.111877982277,NA,NA,NA,NA,NA
"FAFIALA","1818","Coffea robusta",2388.21668370825,NA,NA,NA,NA,NA
"FAFIALA","1818","Dracaena reflexa",2945.943933197,NA,NA,NA,NA,NA
"FAFIALA","1818","Harungana madagascariensis",18347.7964383095,NA,NA,NA,NA,NA
"FAFIALA","1818","Intsia bijuga",1444.37056918882,NA,NA,NA,NA,NA
"FAFIALA","1818","Litchi chinensis",343.216768916155,NA,NA,NA,NA,NA
"FAFIALA","1818","Mangifera indica",171.608384458078,NA,NA,NA,NA,NA
"FAFIALA","1818","Syzygium aromaticum",57.2027948193592,NA,NA,NA,NA,NA
"FAFIALA","1818","Trachylobium verrucosum",300.314672801636,NA,NA,NA,NA,NA
"FAFIALA","1818","Trema orientalis",1601.67825494206,NA,NA,NA,NA,NA
"FAFIALA","1819","Citrus sinensis",634.066222715501,NA,NA,NA,NA,NA
"FAFIALA","1819","Coffea robusta",2357.42569983968,NA,NA,NA,NA,NA
"FAFIALA","1819","Dracaena reflexa",4015.75274386484,NA,NA,NA,NA,NA
"FAFIALA","1819","Harungana madagascariensis",10567.7703785917,NA,NA,NA,NA,NA
"FAFIALA","1819","Spondias dulcis",81.2905413737822,NA,NA,NA,NA,NA
"FAFIALA","1819","Syzygium aromaticum",227.61351584659,NA,NA,NA,NA,NA
"FAFIALA","1819","Trema orientalis",2520.00678258725,NA,NA,NA,NA,NA
"FONCET","1314","Brosimum alicastrum",0,NA,NA,NA,NA,NA
"FONCET","1394","Coffea arabica",0,NA,NA,NA,NA,NA
"FONCET","1402","Beilschmiedia riparia",0,NA,NA,NA,NA,NA
"FONCET","1416 1","No hay",0,NA,NA,NA,NA,NA
"FONCET","1416 2","Casearia",0,NA,NA,NA,NA,NA
"FONCET","1416 3","No hay",0,NA,NA,NA,NA,NA
"FONCET","1416 4","No hay",0,NA,NA,NA,NA,NA
"FONCET","1416 5","No hay",0,NA,NA,NA,NA,NA
"FONCET","1416 6","No hay",0,NA,NA,NA,NA,NA
"FONCET","1416 7","No hay",0,NA,NA,NA,NA,NA
"FONCET","1416 8","No hay",0,NA,NA,NA,NA,NA
"FONCET","1416 9","No hay",0,NA,NA,NA,NA,NA
"FONCET","1617","No",0,NA,NA,NA,NA,NA
"FONCET","1617","No hay",0,NA,NA,NA,NA,NA
"FONCET","1618","Erythroxylum mexicanum",0,NA,NA,NA,NA,NA
"FONCET","1618","No hay",0,NA,NA,NA,NA,NA
"FONCET","1619","No hay",0,NA,NA,NA,NA,NA
"FONCET","1620 1","No hay",0,NA,NA,NA,NA,NA
"FONCET","1620 2","No hay",0,NA,NA,NA,NA,NA
"FONCET","1621","No hay",0,NA,NA,NA,NA,NA
"FONCET","1622","No hay",0,NA,NA,NA,NA,NA
"FONCET","1623","No hay",0,NA,NA,NA,NA,NA
"FONCET","1624","Lonchocarpus rugosus",0,NA,NA,NA,NA,NA
"FONCET","1624","No hay",0,NA,NA,NA,NA,NA
"FONCET","1625","No hay",0,NA,NA,NA,NA,NA
"FONCET","1626","No hay",0,NA,NA,NA,NA,NA
"FONCET","1626 1","No hay",0,NA,NA,NA,NA,NA
"FONCET","1626 2","No hay",0,NA,NA,NA,NA,NA
"FONCET","1626 3","No hay",0,NA,NA,NA,NA,NA
"FONCET","1626 4","No hay",0,NA,NA,NA,NA,NA
"FONCET","1627 1","No hay",0,NA,NA,NA,NA,NA
"FONCET","1627 2","No hay",0,NA,NA,NA,NA,NA
"FONCET","1628 1","No hay",0,NA,NA,NA,NA,NA
"FONCET","1628 2","No hay",0,NA,NA,NA,NA,NA
"FONCET","1629","No hay",0,NA,NA,NA,NA,NA
"FONCET","1630 1","No hay",0,NA,NA,NA,NA,NA
"FONCET","1630 2","No hay",0,NA,NA,NA,NA,NA
"FONCET","1631","No hay",0,NA,NA,NA,NA,NA
"FONCET","1632 1","No hay",0,NA,NA,NA,NA,NA
"FONCET","1632 2","No hay",0,NA,NA,NA,NA,NA
"FONCET","1633","No hay",0,NA,NA,NA,NA,NA
"FONCET","1634 1","No hay",0,NA,NA,NA,NA,NA
"FONCET","1634 2","No hay",0,NA,NA,NA,NA,NA
"FONCET","1636","No hay",0,NA,NA,NA,NA,NA
"FONCET","1636 - 2","No hay",0,NA,NA,NA,NA,NA
"FONCET","1637","No hay",0,NA,NA,NA,NA,NA
"FONCET","1638","No hay",0,NA,NA,NA,NA,NA
"FONCET","1639","No hay",0,NA,NA,NA,NA,NA
"FONCET","1676","Bursera",0,NA,NA,NA,NA,NA
"FONCET","1678","Mario",0,NA,NA,NA,NA,NA
"FONCET","1683","Quercus",0,NA,NA,NA,NA,NA
"FONCET","1687","Inga",0,NA,NA,NA,NA,NA
"FONCET","1687","Inga spuria",0,NA,NA,NA,NA,NA
"FONCET","1687","Quercus",0,NA,NA,NA,NA,NA
"FONCET","1689","Inga leptoloba",0,NA,NA,NA,NA,NA
"FONCET","1692","0",0,NA,NA,NA,NA,NA
"FONCET","1693","Nunguno",0,NA,NA,NA,NA,NA
"FONCET","1732","No hay",0,NA,NA,NA,NA,NA
"FONCET","1733","No hay",0,NA,NA,NA,NA,NA
"FONCET","1734","No hay",0,NA,NA,NA,NA,NA
"FONCET","1735","No hay",0,NA,NA,NA,NA,NA
"FONCET","1736","Alstonia longifolia",0,NA,NA,NA,NA,NA
"FONCET","1736","No hay",0,NA,NA,NA,NA,NA
"FONCET","1737","No hay",0,NA,NA,NA,NA,NA
"FONCET","1738","No hay",0,NA,NA,NA,NA,NA
"FONCET","1739","No hay",0,NA,NA,NA,NA,NA
"FONCET","1740","No hay",0,NA,NA,NA,NA,NA
"FONCET","1741","No hay",0,NA,NA,NA,NA,NA
"FONCET","1902 1","No hay",0,NA,NA,NA,NA,NA
"FONCET","1902 2","No hay",0,NA,NA,NA,NA,NA
"FONCET","1903","No hay",0,NA,NA,NA,NA,NA
"FONCET","1904","No hay",0,NA,NA,NA,NA,NA
"FONCET","1905","No hay",0,NA,NA,NA,NA,NA
"FONCET","1906","No",0,NA,NA,NA,NA,NA
"FONCET","1906","No hay",0,NA,NA,NA,NA,NA
"FONCET","1907","No hay",0,NA,NA,NA,NA,NA
"FONCET","1908","No hay",0,NA,NA,NA,NA,NA
"FONCET","1909","No hay",0,NA,NA,NA,NA,NA
"FONCET","295","Bursera simaruba",18.722735042735,NA,NA,NA,NA,NA
"FONCET","295","Guazuma ulmifolia",4.68068376068376,NA,NA,NA,NA,NA
"FONCET","295","Quercus rugosa",4.68068376068376,NA,NA,NA,NA,NA
"FONCET","Jose Francisco","Ficus petiolaris",0,NA,NA,NA,NA,NA
"Faja Lobi","95","Cassia floribunda",69.4609570957096,NA,NA,NA,NA,NA
"Faja Lobi","95","Cassia siamea",243.113349834983,NA,NA,NA,NA,NA
"Faja Lobi","95","Hevea brasiliensis",347.304785478548,NA,NA,NA,NA,NA
"Faja Lobi","95","Pentaclethra macrophylla",243.113349834983,NA,NA,NA,NA,NA
"Fedecovera","S01","0",0,NA,NA,NA,NA,NA
"Fedecovera","S01","Cedrela odorata",0,NA,NA,NA,NA,NA
"Fedecovera","S01","Inga",0,NA,NA,NA,NA,NA
"Fedecovera","S01","Pinus maximinoi",0,NA,NA,NA,NA,NA
"Fedecovera","S03","0",0,NA,NA,NA,NA,NA
"Fedecovera","S03","Calophyllum brasiliense",0,NA,NA,NA,NA,NA
"Fedecovera","S03","Pinus maximinoi",0,NA,NA,NA,NA,NA
"Fedecovera","S05","Pinus maximinoi",0,NA,NA,NA,NA,NA
"Fedecovera","S09","Inga",0,NA,NA,NA,NA,NA
"Fedecovera","S10","0",0,NA,NA,NA,NA,NA
"Fedecovera","S10","Persea americana",0,NA,NA,NA,NA,NA
"Fedecovera","S11","0",0,NA,NA,NA,NA,NA
"Fedecovera","S12","0",0,NA,NA,NA,NA,NA
"Fedecovera","S12","Persea americana",0,NA,NA,NA,NA,NA
"Fedecovera","S14","0",0,NA,NA,NA,NA,NA
"Fedecovera","S17","0",0,NA,NA,NA,NA,NA
"Fedecovera","S17","Pinus maximinoi",0,NA,NA,NA,NA,NA
"GANB","40","Não possue",0,NA,NA,NA,NA,NA
"Green Forests Work","2007","Castanea dentata",24.4722950819672,NA,NA,NA,NA,NA
"Green Forests Work","2007","Corylus americana",464.973606557377,NA,NA,NA,NA,NA
"Green Forests Work","2007","Pinus strobus",122.361475409836,NA,NA,NA,NA,NA
"Green Forests Work","2007","Pinus virginiana",24.4722950819672,NA,NA,NA,NA,NA
"Green Forests Work","2007","Platanus occidentalis",48.9445901639344,NA,NA,NA,NA,NA
"Green Forests Work","2007","Prunus americana",73.4168852459016,NA,NA,NA,NA,NA
"Green Forests Work","2007","Prunus serotina",73.4168852459016,NA,NA,NA,NA,NA
"Green Forests Work","2007","Quercus alba",24.4722950819672,NA,NA,NA,NA,NA
"Green Forests Work","2007","Quercus montana",97.8891803278688,NA,NA,NA,NA,NA
"Green Forests Work","2007","Quercus rubra",24.4722950819672,NA,NA,NA,NA,NA
"Green Forests Work","2007","Quercus velutina",24.4722950819672,NA,NA,NA,NA,NA
"Green Forests Work","2007","Robinia pseudoacacia",24.4722950819672,NA,NA,NA,NA,NA
"Grow Trees","273B1P1","Tectona grandis",0,NA,NA,NA,NA,NA
"Reforest Action","329","Carpinus betulus",17.7228767123288,NA,NA,NA,NA,NA
"Reforest Action","329","Quercus",17.7228767123288,NA,NA,NA,NA,NA
"Reforest Action2","274","Juniperus oxycedrus",89.9761061946903,NA,NA,NA,NA,NA
"Reforest Action2","274","Juniperus thurifera",2072.9110619469,NA,NA,NA,NA,NA
"Reforest Action2","274","Pinus halepensis",2100.59601769912,NA,NA,NA,NA,NA
"Reforest Action2","274","Pinus pinea",3419.09203539823,NA,NA,NA,NA,NA
"Reforest Action2","275","Pinus nigra",81469.5354166667,NA,NA,NA,NA,NA
"Reforest Action2","302","Juniperus thurifera",1741.73351851852,NA,NA,NA,NA,NA
"Reforest Action2","302","Pinus nigra",4504.93481481481,NA,NA,NA,NA,NA
"Reforest Action2","302","Quercus faginea",314.297777777778,NA,NA,NA,NA,NA
"Reforest Action2","306","Juniperus thurifera",5113.42074074074,NA,NA,NA,NA,NA
"Reforest Action2","307","Juniperus oxycedrus",1832.99925925926,NA,NA,NA,NA,NA
"Reforest Action2","307","Juniperus thurifera",273.75962962963,NA,NA,NA,NA,NA
"Reforest Action2","307","Pinus nigra",404.688148148148,NA,NA,NA,NA,NA
"Reforest Action2","307","Quercus ilex",59.512962962963,NA,NA,NA,NA,NA
"Taotsara","1821","Albizia lebbeck",4502.73366141732,NA,NA,NA,NA,NA
"Taotsara","1821","Citrus sinensis",2457.42413385827,NA,NA,NA,NA,NA
"Taotsara","1821","Coffea",106.844527559055,NA,NA,NA,NA,NA
"Taotsara","1821","Coffea arabica",931.07374015748,NA,NA,NA,NA,NA
"Taotsara","1821","Harungana madagascariensis",13569.255,NA,NA,NA,NA,NA
"Taotsara","1821","Intsia bijuga",702.121181102362,NA,NA,NA,NA,NA
"Taotsara","1821","Phyllarthron madagascariensis",152.635039370079,NA,NA,NA,NA,NA
"Taotsara","1821","Spondias dulcis",686.857677165354,NA,NA,NA,NA,NA
"Taotsara","1821","Syzygium aromaticum",396.851102362205,NA,NA,NA,NA,NA
"Taotsara","1821","Trachylobium verrucosum",3006.91027559055,NA,NA,NA,NA,NA
"Taotsara","1822","Coffea arabica",497.12,NA,NA,NA,NA,NA
"Taotsara","1823","Citrus sinensis",296.41,NA,NA,NA,NA,NA
"Taotsara","1824","Albizia lebbeck",243.250555555556,NA,NA,NA,NA,NA
"Taotsara","1824","Harungana madagascariensis",1152.79611111111,NA,NA,NA,NA,NA
"Taotsara","1824","Intsia bijuga",74.0327777777778,NA,NA,NA,NA,NA
"Taotsara","1824","Syzygium aromaticum",105.761111111111,NA,NA,NA,NA,NA
"Taotsara","1824","Trachylobium verrucosum",137.489444444444,NA,NA,NA,NA,NA
"Taotsara","1825","Albizia lebbeck",54.4,NA,NA,NA,NA,NA
"Taotsara","1825","Citrus sinensis",18.1333333333333,NA,NA,NA,NA,NA
"Taotsara","1825","Coffea arabica",27.2,NA,NA,NA,NA,NA
"Taotsara","1825","Harungana madagascariensis",154.133333333333,NA,NA,NA,NA,NA
"Taotsara","1826","Psidium guayava",441.333333333333,NA,NA,NA,NA,NA
"Taotsara","1826","Syzygium aromaticum",1986,NA,NA,NA,NA,NA
"Taotsara","1827","Syzygium aromaticum",24602.1111111111,NA,NA,NA,NA,NA
"Taotsara","1828","Albizia lebbeck",1076.8,NA,NA,NA,NA,NA
"Taotsara","1828","Coffea arabica",1270.624,NA,NA,NA,NA,NA
"Taotsara","1828","Harungana madagascariensis",3187.328,NA,NA,NA,NA,NA
"Taotsara","1828","Intsia bijuga",86.144,NA,NA,NA,NA,NA
"Taotsara","1828","Spondias dulcis",21.536,NA,NA,NA,NA,NA
"Taotsara","1828","Trachylobium verrucosum",150.752,NA,NA,NA,NA,NA
"Taotsara","1829","Albizia lebbeck",3.07166666666667,NA,NA,NA,NA,NA
"Taotsara","1829","Citrus sinensis",12.2866666666667,NA,NA,NA,NA,NA
"Taotsara","1829","Harungana madagascariensis",3.07166666666667,NA,NA,NA,NA,NA
"Taotsara","1830","Albizia lebbeck",2019.70481927711,NA,NA,NA,NA,NA
"Taotsara","1830","Brachylaena perrieri",31.3132530120482,NA,NA,NA,NA,NA
"Taotsara","1830","Coffea arabica",15.6566265060241,NA,NA,NA,NA,NA
"Taotsara","1830","Dracaena reflexa",594.951807228916,NA,NA,NA,NA,NA
"Taotsara","1830","Eucalyptus robusta",15.6566265060241,NA,NA,NA,NA,NA
"Taotsara","1830","Harungana madagascariensis",7718.71686746988,NA,NA,NA,NA,NA
"Taotsara","1830","Intsia",109.596385542169,NA,NA,NA,NA,NA
"Taotsara","1830","Intsia bijuga",391.415662650602,NA,NA,NA,NA,NA
"Taotsara","1830","Nuxia capitata",688.89156626506,NA,NA,NA,NA,NA
"Taotsara","1830","Tina gelonium",15.6566265060241,NA,NA,NA,NA,NA
"Taotsara","1830","Trachylobium verrucosum",1330.81325301205,NA,NA,NA,NA,NA
"Taotsara","1831","Albizia lebbeck",219.440039643211,NA,NA,NA,NA,NA
"Taotsara","1831","Harungana madagascariensis",394.99207135778,NA,NA,NA,NA,NA
"Taotsara","1831","Litchi",219.440039643211,NA,NA,NA,NA,NA
"Taotsara","1831","Psidium guayava",87.7760158572844,NA,NA,NA,NA,NA
"Taotsara","1831","Syzygium aromaticum",1448.30426164519,NA,NA,NA,NA,NA
"Taotsara","1832","Bracaena perieri",40.0866666666667,NA,NA,NA,NA,NA
"Taotsara","1832","Coffea",26.7244444444444,NA,NA,NA,NA,NA
"Taotsara","1832","Entada chrysostachys",26.7244444444444,NA,NA,NA,NA,NA
"Taotsara","1832","Litchi",66.8111111111111,NA,NA,NA,NA,NA
"Taotsara","1832","Mangifera",53.4488888888889,NA,NA,NA,NA,NA
"Taotsara","1832","Psidium guayava",80.1733333333333,NA,NA,NA,NA,NA
"Taotsara","1832","Thecacoris madagascariensis",40.0866666666667,NA,NA,NA,NA,NA
"Taotsara","1833","Brachylaena perrieri",61.1185714285714,NA,NA,NA,NA,NA
"Taotsara","1833","Coffea",91.6778571428571,NA,NA,NA,NA,NA
"Taotsara","1833","Gnidia danguyana",10.1864285714286,NA,NA,NA,NA,NA
"Taotsara","1833","Macaranga obovata",20.3728571428571,NA,NA,NA,NA,NA
"Taotsara","1833","Psidium guayava",71.305,NA,NA,NA,NA,NA
"Taotsara","1834","Coffea",16.0944444444444,NA,NA,NA,NA,NA
"Taotsara","1834","Entada louvelii",6.43777777777778,NA,NA,NA,NA,NA
"Taotsara","1834","Psidium guayava",9.65666666666667,NA,NA,NA,NA,NA
"Taotsara","1835","Albizia lebbeck",1823.65829268293,NA,NA,NA,NA,NA
"Taotsara","1835","Citrus sinensis",136.093902439024,NA,NA,NA,NA,NA
"Taotsara","1835","Coffea arabica",1061.53243902439,NA,NA,NA,NA,NA
"Taotsara","1835","Harungana",3130.15975609756,NA,NA,NA,NA,NA
"Taotsara","1835","Harungana madagascariensis",7321.85195121951,NA,NA,NA,NA,NA
"Taotsara","1835","Intsia bijuga",353.844146341463,NA,NA,NA,NA,NA
"Taotsara","1835","Mangifera indica",54.4375609756098,NA,NA,NA,NA,NA
"Taotsara","1835","Nuxia capitata",5498.19365853659,NA,NA,NA,NA,NA
"Taotsara","1835","Syzygium aromaticum",680.469512195122,NA,NA,NA,NA,NA
"Taotsara","1835","Trachylobium verrucosum",1088.7512195122,NA,NA,NA,NA,NA
"Taotsara","1836","Albizia",278.152197030924,NA,NA,NA,NA,NA
"Taotsara","1836","Albizia lebbeck",2058.32625802884,NA,NA,NA,NA,NA
"Taotsara","1836","Citrus",139.076098515462,NA,NA,NA,NA,NA
"Taotsara","1836","Citrus sinensis",1613.28274277936,NA,NA,NA,NA,NA
"Taotsara","1836","Coffea",403.32068569484,NA,NA,NA,NA,NA
"Taotsara","1836","Coffea arabica",1432.48381470926,NA,NA,NA,NA,NA
"Taotsara","1836","Dracaena reflexa",55.6304394061849,NA,NA,NA,NA,NA
"Taotsara","1836","Filartran madagascariensis",69.5380492577311,NA,NA,NA,NA,NA
"Taotsara","1836","Harungana madagascariensis",7579.64736909269,NA,NA,NA,NA,NA
"Taotsara","1836","Intsia bijuga",236.429367476286,NA,NA,NA,NA,NA
"Taotsara","1836","Letchi",319.875026585563,NA,NA,NA,NA,NA
"Taotsara","1836","Mangifera",166.891318218555,NA,NA,NA,NA,NA
"Taotsara","1836","Mangifera indica",528.489174358756,NA,NA,NA,NA,NA
"Taotsara","1836","Nuxia capitata",1557.65230337318,NA,NA,NA,NA,NA
"Taotsara","1836","Spondias",41.7228295546387,NA,NA,NA,NA,NA
"Taotsara","1836","Spondias dulcis",292.059806882471,NA,NA,NA,NA,NA
"Taotsara","1836","Syzygium aromaticum",1835.8045004041,NA,NA,NA,NA,NA
"Taotsara","1836","Trachylobium verrucosum",751.010931983496,NA,NA,NA,NA,NA
"Taotsara","1837","Citrus sinensis",23.1688888888889,NA,NA,NA,NA,NA
"Taotsara","1837","Mangifera indica",23.1688888888889,NA,NA,NA,NA,NA
"Taotsara","1838","Citrus sinensis",266.911111111111,NA,NA,NA,NA,NA
"Taotsara","1839","Albizia lebbeck",0,NA,NA,NA,NA,NA
"Taotsara","1839","Citrus sinensis",0,NA,NA,NA,NA,NA
"Taotsara","1839","Coffea",0,NA,NA,NA,NA,NA
"Taotsara","1839","Coffea arabica",0,NA,NA,NA,NA,NA
"Taotsara","1839","Eucalyptus robusta",0,NA,NA,NA,NA,NA
"Taotsara","1839","Harungana madagascariensis",0,NA,NA,NA,NA,NA
"Taotsara","1839","Intsia bijuga",0,NA,NA,NA,NA,NA
"Taotsara","1839","Litchi",0,NA,NA,NA,NA,NA
"Taotsara","1839","Litchi chinensis",0,NA,NA,NA,NA,NA
"Taotsara","1839","Spondias dulcis",0,NA,NA,NA,NA,NA
"Taotsara","1839","Syzygium aromaticum",0,NA,NA,NA,NA,NA
"Taotsara","1839","Trachylobium verrucosum",0,NA,NA,NA,NA,NA
"Taotsara","1840","Albizia lebbeck",5237.88315367063,NA,NA,NA,NA,NA
"Taotsara","1840","Citrus sinensis",1322.52199228893,NA,NA,NA,NA,NA
"Taotsara","1840","Coffea",3671.73868911795,NA,NA,NA,NA,NA
"Taotsara","1840","Coffea arabica",2958.27287748839,NA,NA,NA,NA,NA
"Taotsara","1840","Harungana madagascariensis",12355.1396648045,NA,NA,NA,NA,NA
"Taotsara","1840","Intsia bijuga",713.465811629554,NA,NA,NA,NA,NA
"Taotsara","1840","Litchi chinensis",17.4016051616964,NA,NA,NA,NA,NA
"Taotsara","1840","Mangifera indica",278.425682587143,NA,NA,NA,NA,NA
"Taotsara","1840","Psidium guayava",1809.76693681643,NA,NA,NA,NA,NA
"Taotsara","1840","Spondias",87.0080258084822,NA,NA,NA,NA,NA
"Taotsara","1840","Spondias dulcis",783.07223227634,NA,NA,NA,NA,NA
"Taotsara","1840","Syzygium aromaticum",1374.72680777402,NA,NA,NA,NA,NA
"Taotsara","1840","Trachylobium",626.457785821072,NA,NA,NA,NA,NA
"Taotsara","1840","Trachylobium verrucosum",7482.69021952947,NA,NA,NA,NA,NA
"Taotsara","1841","Citrus sinensis",338.1,NA,NA,NA,NA,NA
"Taotsara","1841","Coffea",281.75,NA,NA,NA,NA,NA
"Taotsara","1841","Litchi",75.1333333333333,NA,NA,NA,NA,NA
"Taotsara","1841","Spondias dulcis",75.1333333333333,NA,NA,NA,NA,NA
"Taotsara","1841","Syzygium aromaticum",18.7833333333333,NA,NA,NA,NA,NA
"Taotsara","1842","Coffea arabica",22.6233333333333,NA,NA,NA,NA,NA
"Taotsara","1843","Mangifera indica",9.45777777777778,NA,NA,NA,NA,NA
"Taotsara","1843","Spondias dulcis",9.45777777777778,NA,NA,NA,NA,NA
"Taotsara","1844","Citrus sinensis",0,NA,NA,NA,NA,NA
"Taotsara","1844","Coffea",0,NA,NA,NA,NA,NA
"Taotsara","1845","Coffea arabica",405.805555555556,NA,NA,NA,NA,NA
"Taotsara","1847","Litchi chinensis",982,NA,NA,NA,NA,NA
"Taotsara","1848","Albizia lebbeck",3990.68471035138,NA,NA,NA,NA,NA
"Taotsara","1848","Citrus sinensis",41.7872744539411,NA,NA,NA,NA,NA
"Taotsara","1848","Coffea",104.468186134853,NA,NA,NA,NA,NA
"Taotsara","1848","Harungana madagascariensis",12160.0968660969,NA,NA,NA,NA,NA
"Taotsara","1848","Intsia bijuga",2026.68281101614,NA,NA,NA,NA,NA
"Taotsara","1848","Malus",125.361823361823,NA,NA,NA,NA,NA
"Taotsara","1848","Syzygium aromaticum",522.340930674264,NA,NA,NA,NA,NA
"Taotsara","1848","Trachylobium verrucosum",1358.08641975309,NA,NA,NA,NA,NA
"Taotsara","1849","Albizia lebbeck",8021.6570254465,NA,NA,NA,NA,NA
"Taotsara","1849","Dracaena reflexa",23.3867551762289,NA,NA,NA,NA,NA
"Taotsara","1849","Harungana madagascariensis",25023.8280385649,NA,NA,NA,NA,NA
"Taotsara","1849","Intsia bijuga",818.53643116801,NA,NA,NA,NA,NA
"Taotsara","1849","Syzygium aromaticum",491.121858700806,NA,NA,NA,NA,NA
"Taotsara","1849","Trachylobium verrucosum",1075.79073810653,NA,NA,NA,NA,NA
"Taotsara","1850","Albizia lebbeck",166.2,NA,NA,NA,NA,NA
"Taotsara","1850","Harungana madagascariensis",664.8,NA,NA,NA,NA,NA
"Taotsara","1850","Intsia bijuga",33.24,NA,NA,NA,NA,NA
"Taotsara","1850","Mangifera indica",5.54,NA,NA,NA,NA,NA
"Taotsara","1850","Trachylobium verrucosum",60.94,NA,NA,NA,NA,NA
"Taotsara","1851","Albizia",1261.9155350563,NA,NA,NA,NA,NA
"Taotsara","1851","Albizia lebbeck",24528.4832126569,NA,NA,NA,NA,NA
"Taotsara","1851","Citrus",1735.13386070241,NA,NA,NA,NA,NA
"Taotsara","1851","Citrus sinensis",4306.28676337963,NA,NA,NA,NA,NA
"Taotsara","1851","Coffea",4605.9917029555,NA,NA,NA,NA,NA
"Taotsara","1851","Coffea arabica",5126.53186116622,NA,NA,NA,NA,NA
"Taotsara","1851","Ficus reflexa",15.7739441882038,NA,NA,NA,NA,NA
"Taotsara","1851","Harungana madagascariensis",74815.8172846505,NA,NA,NA,NA,NA
"Taotsara","1851","Intsia",899.114818727615,NA,NA,NA,NA,NA
"Taotsara","1851","Intsia bijuga",8170.90308948955,NA,NA,NA,NA,NA
"Taotsara","1851","Litchi",630.957767528151,NA,NA,NA,NA,NA
"Taotsara","1851","Maintipototra",31.5478883764075,NA,NA,NA,NA,NA
"Taotsara","1851","Mangifera",236.609162823056,NA,NA,NA,NA,NA
"Taotsara","1851","Mangifera indica",772.923265221984,NA,NA,NA,NA,NA
"Taotsara","1851","Nuxia capitata",205.061274446649,NA,NA,NA,NA,NA
"Taotsara","1851","Psiadia altissima",31.5478883764075,NA,NA,NA,NA,NA
"Taotsara","1851","Psidium guayava",15.7739441882038,NA,NA,NA,NA,NA
"Taotsara","1851","Psydia",47.3218325646113,NA,NA,NA,NA,NA
"Taotsara","1851","Spondias",63.0957767528151,NA,NA,NA,NA,NA
"Taotsara","1851","Spondias dulcis",2113.7085212193,NA,NA,NA,NA,NA
"Taotsara","1851","Syzygium aromaticum",1608.94230719678,NA,NA,NA,NA,NA
"Taotsara","1851","Tina striata",425.896493081502,NA,NA,NA,NA,NA
"Taotsara","1851","Trachylobium verrucosum",31358.6010461491,NA,NA,NA,NA,NA
"Taotsara","1851","Trema orientalis",646.731711716354,NA,NA,NA,NA,NA
"Taotsara","1852","Vanilla planifolia",3764.5504587156,NA,NA,NA,NA,NA
"Taotsara","1853","Albizia lebbeck",5718.29074889868,NA,NA,NA,NA,NA
"Taotsara","1853","Coffea",336.370044052863,NA,NA,NA,NA,NA
"Taotsara","1853","Harungana madagascariensis",15809.3920704846,NA,NA,NA,NA,NA
"Taotsara","1853","Intsia bijuga",2186.40528634361,NA,NA,NA,NA,NA
"Taotsara","1853","Litchi",336.370044052863,NA,NA,NA,NA,NA
"Taotsara","1853","Trachylobium verrucosum",3027.33039647577,NA,NA,NA,NA,NA
"Taotsara","1854","Albizia lebbeck",1245.43844944997,NA,NA,NA,NA,NA
"Taotsara","1854","Harungana madagascariensis",3656.81927710843,NA,NA,NA,NA,NA
"Taotsara","1854","Intsia bijuga",556.472498690414,NA,NA,NA,NA,NA
"Taotsara","1854","Litchi",370.981665793609,NA,NA,NA,NA,NA
"Taotsara","1854","Trachylobium verrucosum",635.968569931901,NA,NA,NA,NA,NA
"Taotsara","1855","Albizia lebbeck",1426.76948590381,NA,NA,NA,NA,NA
"Taotsara","1855","Harungana madagascariensis",4309.42620232173,NA,NA,NA,NA,NA
"Taotsara","1855","Intsia bijuga",669.708126036484,NA,NA,NA,NA,NA
"Taotsara","1855","Trachylobium verrucosum",1164.70978441128,NA,NA,NA,NA,NA
"Taotsara","1856","Albizia lebbeck",21085.3333333333,NA,NA,NA,NA,NA
"Taotsara","1856","Citrus sinensis",658.916666666667,NA,NA,NA,NA,NA
"Taotsara","1856","Harungana madagascariensis",61279.25,NA,NA,NA,NA,NA
"Taotsara","1856","Intsia bijuga",11201.5833333333,NA,NA,NA,NA,NA
"Taotsara","1856","Syzygium aromaticum",2635.66666666667,NA,NA,NA,NA,NA
"Taotsara","1857","Albizia lebbeck",1079.44428571429,NA,NA,NA,NA,NA
"Taotsara","1857","Ficus reflexa",383.486785714286,NA,NA,NA,NA,NA
"Taotsara","1857","Harungana madagascariensis",809.583214285714,NA,NA,NA,NA,NA
"Taotsara","1857","Intsia bijuga",56.8128571428571,NA,NA,NA,NA,NA
"Taotsara","1857","Nuxia capitata",156.235357142857,NA,NA,NA,NA,NA
"Taotsara","1857","Psiadia altissima",14.2032142857143,NA,NA,NA,NA,NA
"Taotsara","1857","Spondias dulcis",28.4064285714286,NA,NA,NA,NA,NA
"Taotsara","1857","Trachylobium verrucosum",156.235357142857,NA,NA,NA,NA,NA
"Taotsara","1859","Albizia lebbeck",788.148148148148,NA,NA,NA,NA,NA
"Taotsara","1859","Coffea arabica",88.6666666666667,NA,NA,NA,NA,NA
"Taotsara","1859","Harungana madagascariensis",2334.88888888889,NA,NA,NA,NA,NA
"Taotsara","1859","Intsia bijuga",197.037037037037,NA,NA,NA,NA,NA
"Taotsara","1859","Trachylobium verrucosum",926.074074074074,NA,NA,NA,NA,NA
"Taotsara","1860","Albizia gummifera",75.0509077963688,NA,NA,NA,NA,NA
"Taotsara","1860","Albizia lebbeck",65.2616589533642,NA,NA,NA,NA,NA
"Taotsara","1860","Albizzia lebbeck",156.627981488074,NA,NA,NA,NA,NA
"Taotsara","1860","Coffea",104.418654325383,NA,NA,NA,NA,NA
"Taotsara","1860","Harungana madagascariensis",538.408686365254,NA,NA,NA,NA,NA
"Taotsara","1860","Spondias dulcis",29.3677465290139,NA,NA,NA,NA,NA
"Taotsara","1860","Trachylobium verrucosum",13.0523317906728,NA,NA,NA,NA,NA
"Taotsara","1861","Albizia lebbeck",442.380652173913,NA,NA,NA,NA,NA
"Taotsara","1861","Citrus",8.67413043478261,NA,NA,NA,NA,NA
"Taotsara","1861","Coffea",954.154347826087,NA,NA,NA,NA,NA
"Taotsara","1861","Coffea arabica",312.268695652174,NA,NA,NA,NA,NA
"Taotsara","1861","Harungana madagascariensis",1318.46782608696,NA,NA,NA,NA,NA
"Taotsara","1861","Mangifera",8.67413043478261,NA,NA,NA,NA,NA
"Taotsara","1861","Spondias dulcis",104.089565217391,NA,NA,NA,NA,NA
"Taotsara","1862","Albizia lebbeck",3981.41274579791,NA,NA,NA,NA,NA
"Taotsara","1862","Brachylaena perrieri",42.2057888247128,NA,NA,NA,NA,NA
"Taotsara","1862","Citrus",365.783503147511,NA,NA,NA,NA,NA
"Taotsara","1862","Citrus sinensis",84.4115776494257,NA,NA,NA,NA,NA
"Taotsara","1862","Coffea arabica",126.617366474138,NA,NA,NA,NA,NA
"Taotsara","1862","Dracaena reflexa",379.852099422416,NA,NA,NA,NA,NA
"Taotsara","1862","Famohylambo",14.0685962749043,NA,NA,NA,NA,NA
"Taotsara","1862","Fomohilambo",154.754559023947,NA,NA,NA,NA,NA
"Taotsara","1862","Grevillea",14.0685962749043,NA,NA,NA,NA,NA
"Taotsara","1862","Handrarezina",267.303329223181,NA,NA,NA,NA,NA
"Taotsara","1862","Harungana madagascariensis",10171.5951067558,NA,NA,NA,NA,NA
"Taotsara","1862","Intsia",84.4115776494257,NA,NA,NA,NA,NA
"Taotsara","1862","Intsia bijuga",5247.5864105393,NA,NA,NA,NA,NA
"Taotsara","1862","Litchi",28.1371925498086,NA,NA,NA,NA,NA
"Taotsara","1862","Nuxia capitata",140.685962749043,NA,NA,NA,NA,NA
"Taotsara","1862","Tina striata",14.0685962749043,NA,NA,NA,NA,NA
"Taotsara","1862","Trachylobium verrucosum",14364.0367966773,NA,NA,NA,NA,NA
"Taotsara","1864","Albizia lebbeck",675.111111111111,NA,NA,NA,NA,NA
"Taotsara","1864","Citrus sinensis",204.944444444444,NA,NA,NA,NA,NA
"Taotsara","1864","Coffea",84.3888888888889,NA,NA,NA,NA,NA
"Taotsara","1864","Filartran madagascariensis",807.722222222222,NA,NA,NA,NA,NA
"Taotsara","1864","Harungana madagascariensis",2121.77777777778,NA,NA,NA,NA,NA
"Taotsara","1864","Intsia bijuga",229.055555555556,NA,NA,NA,NA,NA
"Taotsara","1864","Mangifera indica",12.0555555555556,NA,NA,NA,NA,NA
"Taotsara","1864","Trachylobium verrucosum",566.611111111111,NA,NA,NA,NA,NA
"Taotsara","1865","Citrus sinensis",13.1733333333333,NA,NA,NA,NA,NA
"Taotsara","1865","Spondias dulcis",2.19555555555556,NA,NA,NA,NA,NA
"Taotsara","1865","Syzygium aromaticum",4.39111111111111,NA,NA,NA,NA,NA
"Taotsara","1866","Artocarpus heterophyllus",32.31,NA,NA,NA,NA,NA
"Taotsara","1866","Coffea",96.93,NA,NA,NA,NA,NA
"Taotsara","1866","Mangifera indica",10.77,NA,NA,NA,NA,NA
"Taotsara","1868","Coffea arabica",48.6133333333333,NA,NA,NA,NA,NA
"Taotsara","1869","Albizia lebbeck",490.737423991155,NA,NA,NA,NA,NA
"Taotsara","1869","Brachylaena perrieri",153.355444997236,NA,NA,NA,NA,NA
"Taotsara","1869","Citrus sinensis",444.730790491984,NA,NA,NA,NA,NA
"Taotsara","1869","Coffea",230.033167495854,NA,NA,NA,NA,NA
"Taotsara","1869","Dracaena reflexa",782.112769485904,NA,NA,NA,NA,NA
"Taotsara","1869","Eugenia hirta",122.684355997789,NA,NA,NA,NA,NA
"Taotsara","1869","Ficus lutea",92.0132669983416,NA,NA,NA,NA,NA
"Taotsara","1869","Harungana madagascariensis",1656.23880597015,NA,NA,NA,NA,NA
"Taotsara","1869","Mangifera indica",30.6710889994472,NA,NA,NA,NA,NA
"Taotsara","1869","Psiadia altissima",92.0132669983416,NA,NA,NA,NA,NA
"Taotsara","1869","Psidium guayava",153.355444997236,NA,NA,NA,NA,NA
"Taotsara","1869","Tina striata",61.3421779988944,NA,NA,NA,NA,NA
"Taotsara","1869","Trachylobium verrucosum",107.348811498065,NA,NA,NA,NA,NA
"Taotsara","1870","Albizia",86.9191369227667,NA,NA,NA,NA,NA
"Taotsara","1870","Albizia lebbeck",3520.22504537205,NA,NA,NA,NA,NA
"Taotsara","1870","Artocarpus heterophyllus",391.13611615245,NA,NA,NA,NA,NA
"Taotsara","1870","Brachylaena perrieri",1977.41036499294,NA,NA,NA,NA,NA
"Taotsara","1870","Citrus sinensis",217.297842306917,NA,NA,NA,NA,NA
"Taotsara","1870","Coffea",239.027626537608,NA,NA,NA,NA,NA
"Taotsara","1870","Coffea arabica",1195.13813268804,NA,NA,NA,NA,NA
"Taotsara","1870","Dracaena reflexa",1694.92316999395,NA,NA,NA,NA,NA
"Taotsara","1870","Entada chrysostachys",608.433958459367,NA,NA,NA,NA,NA
"Taotsara","1870","Eucalyptus",260.7574107683,NA,NA,NA,NA,NA
"Taotsara","1870","Harungana madagascariensis",18253.018753781,NA,NA,NA,NA,NA
"Taotsara","1870","Intsia bijuga",738.812663843517,NA,NA,NA,NA,NA
"Taotsara","1870","Mangifera indica",43.4595684613833,NA,NA,NA,NA,NA
"Taotsara","1870","Nuxia capitata",1151.67856422666,NA,NA,NA,NA,NA
"Taotsara","1870","Pachytrophe obovata",130.37870538415,NA,NA,NA,NA,NA
"Taotsara","1870","Psiadia altissima",325.946763460375,NA,NA,NA,NA,NA
"Taotsara","1870","Psidium guayava",65.189352692075,NA,NA,NA,NA,NA
"Taotsara","1870","Spondias dulcis",130.37870538415,NA,NA,NA,NA,NA
"Taotsara","1870","Syzygium aromaticum",43.4595684613833,NA,NA,NA,NA,NA
"Taotsara","1870","Tina striata",434.595684613833,NA,NA,NA,NA,NA
"Taotsara","1870","Trachylobium",195.568058076225,NA,NA,NA,NA,NA
"Taotsara","1870","Trachylobium verrucosum",1542.81468037911,NA,NA,NA,NA,NA
"Taotsara","1871","Albizia gummifera",229.293513513514,NA,NA,NA,NA,NA
"Taotsara","1871","Albizia lebbeck",393.074594594595,NA,NA,NA,NA,NA
"Taotsara","1871","Ampalis madagascariensis",16.3781081081081,NA,NA,NA,NA,NA
"Taotsara","1871","Brachylaena perrieri",81.8905405405405,NA,NA,NA,NA,NA
"Taotsara","1871","Coffea arabica",212.915405405405,NA,NA,NA,NA,NA
"Taotsara","1871","Harungana madagascariensis",2194.66648648649,NA,NA,NA,NA,NA
"Taotsara","1871","Nuxia capitata",163.781081081081,NA,NA,NA,NA,NA
"Taotsara","1871","Psiadia altissima",16.3781081081081,NA,NA,NA,NA,NA
"Taotsara","1871","Syzygium aromaticum",212.915405405405,NA,NA,NA,NA,NA
"Taotsara","1871","Trachylobium verrucosum",49.1343243243243,NA,NA,NA,NA,NA
"Taotsara","1871","Weinmannia madagascariensis",49.1343243243243,NA,NA,NA,NA,NA
"Taotsara","1872","Albizia lebbeck",42.1713513513513,NA,NA,NA,NA,NA
"Taotsara","1872","Citrus sinensis",906.684054054054,NA,NA,NA,NA,NA
"Taotsara","1872","Coffea arabica",253.028108108108,NA,NA,NA,NA,NA
"Taotsara","1872","Harungana madagascariensis",189.771081081081,NA,NA,NA,NA,NA
"Taotsara","1873","Albizia gummifera",193.858888888889,NA,NA,NA,NA,NA
"Taotsara","1873","Albizia lebbeck",2579.81444444444,NA,NA,NA,NA,NA
"Taotsara","1873","Brachylaena perrieri",164.034444444444,NA,NA,NA,NA,NA
"Taotsara","1873","Harungana madagascariensis",9260.49,NA,NA,NA,NA,NA
"Taotsara","1873","Intsia bijuga",462.278888888889,NA,NA,NA,NA,NA
"Taotsara","1873","Musa",59.6488888888889,NA,NA,NA,NA,NA
"Taotsara","1873","Nuxia capitata",104.385555555556,NA,NA,NA,NA,NA
"Taotsara","1873","Pachytrophe obovata",14.9122222222222,NA,NA,NA,NA,NA
"Taotsara","1873","Psorospermum amplifolium",29.8244444444444,NA,NA,NA,NA,NA
"Taotsara","1873","Syzygium aromaticum",507.015555555556,NA,NA,NA,NA,NA
"Taotsara","1873","Trachylobium verrucosum",1685.08111111111,NA,NA,NA,NA,NA
"Taotsara","1873","Weinmannia",29.8244444444444,NA,NA,NA,NA,NA
"Taotsara","1874","Albizia lebbeck",1134.1921875,NA,NA,NA,NA,NA
"Taotsara","1874","Annona squamosa",131.8828125,NA,NA,NA,NA,NA
"Taotsara","1874","Citrus sinensis",817.6734375,NA,NA,NA,NA,NA
"Taotsara","1874","Coffea arabica",1819.9828125,NA,NA,NA,NA,NA
"Taotsara","1874","Harungana madagascariensis",422.025,NA,NA,NA,NA,NA
"Taotsara","1874","Spondias dulcis",395.6484375,NA,NA,NA,NA,NA
"Taotsara","1874","Syzygium aromaticum",1107.815625,NA,NA,NA,NA,NA
"Taotsara","1874","Trachylobium verrucosum",1186.9453125,NA,NA,NA,NA,NA
"Taotsara","1876","Citrus sinensis",107.776,NA,NA,NA,NA,NA
"Taotsara","1877","Albizia lebbeck",1618.46666666667,NA,NA,NA,NA,NA
"Taotsara","1877","Annona squamosa",296.718888888889,NA,NA,NA,NA,NA
"Taotsara","1877","Citrus sinensis",1159.90111111111,NA,NA,NA,NA,NA
"Taotsara","1877","Coffea arabica",1078.97777777778,NA,NA,NA,NA,NA
"Taotsara","1877","Dracaena reflexa",485.54,NA,NA,NA,NA,NA
"Taotsara","1877","Entada chrysostachys",188.821111111111,NA,NA,NA,NA,NA
"Taotsara","1877","Eucalyptus robusta",26.9744444444444,NA,NA,NA,NA,NA
"Taotsara","1877","Harungana madagascariensis",15618.2033333333,NA,NA,NA,NA,NA
"Taotsara","1877","Intsia bijuga",296.718888888889,NA,NA,NA,NA,NA
"Taotsara","1877","Nuxia capitata",377.642222222222,NA,NA,NA,NA,NA
"Taotsara","1877","Spondias dulcis",134.872222222222,NA,NA,NA,NA,NA
"Taotsara","1877","Syzygium aromaticum",269.744444444444,NA,NA,NA,NA,NA
"Taotsara","1877","Trachylobium verrucosum",3884.32,NA,NA,NA,NA,NA
"Taotsara","1878","Albizia lebbeck",3619,NA,NA,NA,NA,NA
"Taotsara","1878","Citrus sinensis",1201.2,NA,NA,NA,NA,NA
"Taotsara","1878","Coffea arabica",77,NA,NA,NA,NA,NA
"Taotsara","1878","Harungana madagascariensis",11858,NA,NA,NA,NA,NA
"Taotsara","1878","Trachylobium verrucosum",662.2,NA,NA,NA,NA,NA
"Taotsara","1879","Citrus sinensis",3.84333333333333,NA,NA,NA,NA,NA
"Taotsara","1879","Persea americana",1.28111111111111,NA,NA,NA,NA,NA
"Taotsara","1880","Albizia lebbeck",422.010810810811,NA,NA,NA,NA,NA
"Taotsara","1880","Citrus sinensis",105.502702702703,NA,NA,NA,NA,NA
"Taotsara","1880","Coffea arabica",246.172972972973,NA,NA,NA,NA,NA
"Taotsara","1880","Harungana madagascariensis",2567.23243243243,NA,NA,NA,NA,NA
"Taotsara","1880","Intsia bijuga",35.1675675675676,NA,NA,NA,NA,NA
"Taotsara","1880","Trachylobium verrucosum",650.6,NA,NA,NA,NA,NA
"Taotsara","1881","Albizia lebbeck",1301.96947368421,NA,NA,NA,NA,NA
"Taotsara","1881","Citrus sinensis",424.555263157895,NA,NA,NA,NA,NA
"Taotsara","1881","Coffea",792.503157894737,NA,NA,NA,NA,NA
"Taotsara","1881","Harungana madagascariensis",6340.0252631579,NA,NA,NA,NA,NA
"Taotsara","1881","Intsia bijuga",169.822105263158,NA,NA,NA,NA,NA
"Taotsara","1881","Trachylobium verrucosum",1726.52473684211,NA,NA,NA,NA,NA
"Taotsara","1882","Albizia lebbeck",742.513513513514,NA,NA,NA,NA,NA
"Taotsara","1882","Citrus sinensis",311.855675675676,NA,NA,NA,NA,NA
"Taotsara","1882","Entada chrysostachys",14.8502702702703,NA,NA,NA,NA,NA
"Taotsara","1882","Harungana madagascariensis",3935.32162162162,NA,NA,NA,NA,NA
"Taotsara","1882","Syzygium aromaticum",163.352972972973,NA,NA,NA,NA,NA
"Taotsara","1882","Trachylobium verrucosum",668.262162162162,NA,NA,NA,NA,NA
"Taotsara","1883","Citrus sinensis",1637.77777777778,NA,NA,NA,NA,NA
"Taotsara","1884","Coffea",15379.5555555556,NA,NA,NA,NA,NA
"Taotsara","1884","Syzygium verrucosum",7689.77777777778,NA,NA,NA,NA,NA
"Taotsara","1886","Coffea arabica",1.71333333333333,NA,NA,NA,NA,NA
"Taotsara","1886","Litchi chinensis",0.571111111111111,NA,NA,NA,NA,NA
"Taotsara","1887","Annona squamosa",1.71111111111111,NA,NA,NA,NA,NA
"Taotsara","1887","Coffea arabica",15.4,NA,NA,NA,NA,NA
"Taotsara","1888","Annona squamosa",20.768253968254,NA,NA,NA,NA,NA
"Taotsara","1888","Citrus sinensis",24.9219047619048,NA,NA,NA,NA,NA
"Taotsara","1888","Coffea arabica",95.5339682539683,NA,NA,NA,NA,NA
"Taotsara","1888","Harungana madagascariensis",8.30730158730159,NA,NA,NA,NA,NA
"Taotsara","1888","Litchi chinensis",12.4609523809524,NA,NA,NA,NA,NA
"Taotsara","1888","Malus domestica",20.768253968254,NA,NA,NA,NA,NA
"Taotsara","1888","Mangifera indica",4.15365079365079,NA,NA,NA,NA,NA
"Taotsara","1888","Trachylobium verrucosum",8.30730158730159,NA,NA,NA,NA,NA
"Taotsara","1889","Harungana madagascariensis",601.740667976424,NA,NA,NA,NA,NA
"Taotsara","1889","Persea americana",16.2632612966601,NA,NA,NA,NA,NA
"Taotsara","1889","Spondias dulcis",130.106090373281,NA,NA,NA,NA,NA
"Taotsara","1889","Trachylobium verrucosum",81.3163064833006,NA,NA,NA,NA,NA
"Taotsara","1890","Albizia gummifera",6.11219045012998,NA,NA,NA,NA,NA
"Taotsara","1890","Albizia lebbeck",550.097140511698,NA,NA,NA,NA,NA
"Taotsara","1890","Ampalis madagascariensis",6.11219045012998,NA,NA,NA,NA,NA
"Taotsara","1890","Annona squamosa",36.6731427007799,NA,NA,NA,NA,NA
"Taotsara","1890","Brachylaena perrieri",30.5609522506499,NA,NA,NA,NA,NA
"Taotsara","1890","Citrus sinensis",30.5609522506499,NA,NA,NA,NA,NA
"Taotsara","1890","Coffea arabica",48.8975236010398,NA,NA,NA,NA,NA
"Taotsara","1890","Dracaena reflexa",18.3365713503899,NA,NA,NA,NA,NA
"Taotsara","1890","Eriobotrya japonica",18.3365713503899,NA,NA,NA,NA,NA
"Taotsara","1890","Harungana madagascariensis",2151.49103844575,NA,NA,NA,NA,NA
"Taotsara","1890","Intsia bijuga",42.7853331509098,NA,NA,NA,NA,NA
"Taotsara","1890","Psidium",12.22438090026,NA,NA,NA,NA,NA
"Taotsara","1890","Spondias dulcis",18.3365713503899,NA,NA,NA,NA,NA
"Taotsara","1890","Trachylobium verrucosum",513.423997810918,NA,NA,NA,NA,NA
"Taotsara","1890","Trema orientalis",6.11219045012998,NA,NA,NA,NA,NA
"Taotsara","1890","Weinmannia madagascariensis",6.11219045012998,NA,NA,NA,NA,NA
"Taotsara","1891","Albizia gummifera",63.6089974293059,NA,NA,NA,NA,NA
"Taotsara","1891","Albizia lebbeck",12772.6866838046,NA,NA,NA,NA,NA
"Taotsara","1891","Annona squamosa",25.4435989717224,NA,NA,NA,NA,NA
"Taotsara","1891","Artocarpus heterophyllus",12.7217994858612,NA,NA,NA,NA,NA
"Taotsara","1891","Citrus sinensis",712.420771208226,NA,NA,NA,NA,NA
"Taotsara","1891","Coffea",547.037377892031,NA,NA,NA,NA,NA
"Taotsara","1891","Coffea arabica",114.496195372751,NA,NA,NA,NA,NA
"Taotsara","1891","Dracaena reflexa",814.195167095116,NA,NA,NA,NA,NA
"Taotsara","1891","Eriobotrya japonica",63.6089974293059,NA,NA,NA,NA,NA
"Taotsara","1891","Ficus reflexa",190.826992287918,NA,NA,NA,NA,NA
"Taotsara","1891","Ficus rubra",12.7217994858612,NA,NA,NA,NA,NA
"Taotsara","1891","Harungana madagascariensis",41689.3369151671,NA,NA,NA,NA,NA
"Taotsara","1891","Hasina",12.7217994858612,NA,NA,NA,NA,NA
"Taotsara","1891","Intsia bijuga",610.646375321337,NA,NA,NA,NA,NA
"Taotsara","1891","Litchi",38.1653984575835,NA,NA,NA,NA,NA
"Taotsara","1891","Mangifera",12.7217994858612,NA,NA,NA,NA,NA
"Taotsara","1891","Mangifera indica",165.383393316195,NA,NA,NA,NA,NA
"Taotsara","1891","Nuxia capitata",165.383393316195,NA,NA,NA,NA,NA
"Taotsara","1891","Persea americana",101.774395886889,NA,NA,NA,NA,NA
"Taotsara","1891","Spondias dulcis",152.661593830334,NA,NA,NA,NA,NA
"Taotsara","1891","Syzygium aromaticum",89.0525964010283,NA,NA,NA,NA,NA
"Taotsara","1891","Trachylobium verrucosum",12047.5441131105,NA,NA,NA,NA,NA
"Taotsara","1892","Albizia gummifera",917.625208402801,NA,NA,NA,NA,NA
"Taotsara","1892","Albizia lebbeck",10677.820606869,NA,NA,NA,NA,NA
"Taotsara","1892","Annona squamosa",83.4204734911637,NA,NA,NA,NA,NA
"Taotsara","1892","Artocarpus heterophyllus",125.130710236746,NA,NA,NA,NA,NA
"Taotsara","1892","Citrus sinensis",583.943314438146,NA,NA,NA,NA,NA
"Taotsara","1892","Coffea",750.784261420474,NA,NA,NA,NA,NA
"Taotsara","1892","Coffea arabica",333.681893964655,NA,NA,NA,NA,NA
"Taotsara","1892","Dracaena reflexa",1084.46615538513,NA,NA,NA,NA,NA
"Taotsara","1892","Ficus reflexa",792.494498166055,NA,NA,NA,NA,NA
"Taotsara","1892","Harungana madagascariensis",24191.9373124375,NA,NA,NA,NA,NA
"Taotsara","1892","Intsia bijuga",83.4204734911637,NA,NA,NA,NA,NA
"Taotsara","1892","Litchi",41.7102367455819,NA,NA,NA,NA,NA
"Taotsara","1892","Mangifera indica",41.7102367455819,NA,NA,NA,NA,NA
"Taotsara","1892","Syzygium aromaticum",625.653551183728,NA,NA,NA,NA,NA
"Taotsara","1892","Tina striata",41.7102367455819,NA,NA,NA,NA,NA
"Taotsara","1892","Trachylobium verrucosum",1001.04568189396,NA,NA,NA,NA,NA
"Taotsara","1892","Trema orientalis",83.4204734911637,NA,NA,NA,NA,NA
"Taotsara","1895","Albizia lebbeck",4250.01459854015,NA,NA,NA,NA,NA
"Taotsara","1895","Citrus sinensis",151.786235662148,NA,NA,NA,NA,NA
"Taotsara","1895","Coffea",202.381647549531,NA,NA,NA,NA,NA
"Taotsara","1895","Harungana madagascariensis",19175.661105318,NA,NA,NA,NA,NA
"Taotsara","1895","Intsia bijuga",1315.48070907195,NA,NA,NA,NA,NA
"Taotsara","1895","Nuxia capitata",50.5954118873827,NA,NA,NA,NA,NA
"Taotsara","1895","Trachylobium verrucosum",4199.41918665276,NA,NA,NA,NA,NA
"Taotsara","1896","Coffea",787.333333333333,NA,NA,NA,NA,NA
"Taotsara","1896","Litchi",787.333333333333,NA,NA,NA,NA,NA
"Taotsara","1896","Syzygium aromaticum",787.333333333333,NA,NA,NA,NA,NA
"Taotsara","1897","Coffea arabica",290,NA,NA,NA,NA,NA
"Taotsara","1897","Mangifera indica",193.333333333333,NA,NA,NA,NA,NA
"Taotsara","1898","Albizia lebbeck",679.388503468781,NA,NA,NA,NA,NA
"Taotsara","1898","Coffea arabica",131.494549058474,NA,NA,NA,NA,NA
"Taotsara","1898","Harungana madagascariensis",3199.70069375619,NA,NA,NA,NA,NA
"Taotsara","1898","Intsia bijuga",153.410307234886,NA,NA,NA,NA,NA
"Taotsara","1898","Trachylobium verrucosum",87.6630327056492,NA,NA,NA,NA,NA
"Taotsara","1899","Coffea arabica",752.333333333333,NA,NA,NA,NA,NA
"Taotsara","1899","Spondias dulcis",250.777777777778,NA,NA,NA,NA,NA
"Taotsara","1900","Albizia lebbeck",2063.0787278415,NA,NA,NA,NA,NA
"Taotsara","1900","Coffea arabica",779.385297184567,NA,NA,NA,NA,NA
"Taotsara","1900","Harungana madagascariensis",6235.08237747654,NA,NA,NA,NA,NA
"Taotsara","1900","Intsia bijuga",1146.15484880083,NA,NA,NA,NA,NA
"Taotsara","1900","Spondias dulcis",91.6923879040667,NA,NA,NA,NA,NA
"Taotsara","1900","Syzygium aromaticum",550.1543274244,NA,NA,NA,NA,NA
"Taotsara","1900","Trachylobium verrucosum",183.384775808133,NA,NA,NA,NA,NA
"Taotsara","1900","Trema orientalis",275.0771637122,NA,NA,NA,NA,NA
"UCIRI","1285","0",0,NA,NA,NA,NA,NA
"UCIRI","1285","Inga spuria",0,NA,NA,NA,NA,NA
"UCIRI","1286","0",0,NA,NA,NA,NA,NA
"UCIRI","1286","Inga spuria",0,NA,NA,NA,NA,NA
"UCIRI","1286","Pinus chiapensis",0,NA,NA,NA,NA,NA
"UCIRI","1287","0",0,NA,NA,NA,NA,NA
"UCIRI","1288","0",0,NA,NA,NA,NA,NA
"UCIRI","1289","0",0,NA,NA,NA,NA,NA
"UCIRI","1290","0",0,NA,NA,NA,NA,NA
"UCIRI","1291","0",0,NA,NA,NA,NA,NA
"UCIRI","1292","0",0,NA,NA,NA,NA,NA
"UCIRI","1293","0",0,NA,NA,NA,NA,NA
"UCIRI","1294","0",0,NA,NA,NA,NA,NA
"UCIRI","1295","0",0,NA,NA,NA,NA,NA
"UCIRI","1296","0",0,NA,NA,NA,NA,NA
"UCIRI","1297","0",0,NA,NA,NA,NA,NA
"UCIRI","1298","0",0,NA,NA,NA,NA,NA
"UCIRI","1299","0",0,NA,NA,NA,NA,NA
"UCIRI","1300","0",0,NA,NA,NA,NA,NA
"UCIRI","1302","0",0,NA,NA,NA,NA,NA
"UCIRI","1303","0",0,NA,NA,NA,NA,NA
"UCIRI","1304","0",0,NA,NA,NA,NA,NA
"UCIRI","1305","0",0,NA,NA,NA,NA,NA
"UCIRI","1306","0",0,NA,NA,NA,NA,NA
"UCIRI","1307","0",0,NA,NA,NA,NA,NA
"UCIRI","1308","0",0,NA,NA,NA,NA,NA
"UCIRI","1309","0",0,NA,NA,NA,NA,NA
"UCIRI","1310","0",0,NA,NA,NA,NA,NA
"UCIRI","1311","0",0,NA,NA,NA,NA,NA
"UCIRI","1521","0",0,NA,NA,NA,NA,NA
"UCIRI","1522","0",0,NA,NA,NA,NA,NA
"UCIRI","1526","Zanthoxylum rhoifolium",0,NA,NA,NA,NA,NA
"UCIRI","1528","0",0,NA,NA,NA,NA,NA
"UCIRI","1536","0",0,NA,NA,NA,NA,NA
"UCIRI","1541","Dendropanax",0,NA,NA,NA,NA,NA
"UCIRI","1544","0",0,NA,NA,NA,NA,NA
"UCIRI","1545
","0",0,NA,NA,NA,NA,NA
"UCIRI","1546","0",0,NA,NA,NA,NA,NA
"UCIRI","1547-1","0",0,NA,NA,NA,NA,NA
"UCIRI","1548","0",0,NA,NA,NA,NA,NA
"UCIRI","1550","0",0,NA,NA,NA,NA,NA
"UCIRI","1551","0",0,NA,NA,NA,NA,NA
"UCIRI","1552","0",0,NA,NA,NA,NA,NA
"UCIRI","1556","0",0,NA,NA,NA,NA,NA
"UCIRI","1557","0",0,NA,NA,NA,NA,NA
"UCIRI","1558","0",0,NA,NA,NA,NA,NA
"UCIRI","1559","0",0,NA,NA,NA,NA,NA
"UCIRI","1563","0",0,NA,NA,NA,NA,NA
"UCIRI","1564","0",0,NA,NA,NA,NA,NA
"UCIRI","1566","0",0,NA,NA,NA,NA,NA
"UCIRI","1567","0",0,NA,NA,NA,NA,NA
"UCIRI","1568","0",0,NA,NA,NA,NA,NA
"UCIRI","1569-1","0",0,NA,NA,NA,NA,NA
"UCIRI","549","0",0,NA,NA,NA,NA,NA
"Wells for Zoe","180","Acacia polyacantha",3975.40034607897,NA,NA,NA,NA,NA
"Wells for Zoe","180","Afzelia quanzensis",2878.73818164339,NA,NA,NA,NA,NA
"Wells for Zoe","180","Bauhinia",274.165541108895,NA,NA,NA,NA,NA
"Wells for Zoe","180","Chitimbe",5346.22805162345,NA,NA,NA,NA,NA
"Wells for Zoe","180","Faidherbia albida",13708.2770554447,NA,NA,NA,NA,NA
"Wells for Zoe","180","Khaya anthotheca",5346.22805162345,NA,NA,NA,NA,NA
"Wells for Zoe","180","Matowo",1370.82770554447,NA,NA,NA,NA,NA
"Wells for Zoe","180","Mbawa",2741.65541108895,NA,NA,NA,NA,NA
"Wells for Zoe","180","Mlonde",5483.31082217789,NA,NA,NA,NA,NA
"Wells for Zoe","180","Mphakasa",39754.0034607897,NA,NA,NA,NA,NA
"Wells for Zoe","180","Msambafumu",15353.2703020981,NA,NA,NA,NA,NA
"Wells for Zoe","180","Msangu",40439.417313562,NA,NA,NA,NA,NA
"Wells for Zoe","180","Msolo",411.248311663342,NA,NA,NA,NA,NA
"Wells for Zoe","180","Mthethe",3289.98649330674,NA,NA,NA,NA,NA
"Wells for Zoe","180","Mtondo",22070.326059266,NA,NA,NA,NA,NA
"Wells for Zoe","180","Mwavi",6854.13852772237,NA,NA,NA,NA,NA
"Wells for Zoe","180","chitimbe",2604.5726405345,NA,NA,NA,NA,NA
"Wells for Zoe","180","mbawa",2056.24155831671,NA,NA,NA,NA,NA
"Wells for Zoe","180","mlonde",3975.40034607897,NA,NA,NA,NA,NA
"Wells for Zoe","180","mphakasa",3564.15203441563,NA,NA,NA,NA,NA
"Wells for Zoe","180","msambafumu",1919.15878776226,NA,NA,NA,NA,NA
"Wells for Zoe","180","mtondo",548.331082217789,NA,NA,NA,NA,NA
"Wells for Zoe","testing - delete this please","testing - delete this please",NA,NA,0,NA,NA,NA
"Wells for Zoe","testing - delete this please","testing1 - delete this please",NA,NA,0,NA,NA,NA
