"Organization_Name","Site_ID","size_class.x","count_Y0","size_class.y","count_Y25","size_class","count_Y5","restored_Y25","restored_Y5"
"AMBIO","1267-2",">10cm",NA,NA,NA,NA,NA,NA,NA
"AMBIO","744",">10cm",8.72555555555556,NA,NA,NA,NA,NA,NA
"AMBIO","746",">10cm",26.2933333333333,NA,NA,NA,NA,NA,NA
"AMBIO","747","1 - 9.9cm",135.703703703704,NA,NA,NA,NA,NA,NA
"AMBIO","747",">10cm",16.2844444444444,NA,NA,NA,NA,NA,NA
"AMBIO","750",">10cm",35.4588888888889,NA,NA,NA,NA,NA,NA
"AMBIO","751",">10cm",45.1753086419753,NA,NA,NA,NA,NA,NA
"AMBIO","751
",">10cm",NA,NA,NA,NA,NA,NA,NA
"AMBIO","753",">10cm",339.545555555556,NA,NA,NA,NA,NA,NA
"AMBIO","808",">10cm",3.23055555555556,NA,NA,NA,NA,NA,NA
"AMBIO","809","1 - 9.9cm",1180.22222222222,NA,NA,NA,NA,NA,NA
"AMBIO","809",">10cm",188.835555555556,NA,NA,NA,NA,NA,NA
"AMBIO","810","1 - 9.9cm",322.833333333333,NA,NA,NA,NA,NA,NA
"AMBIO","810",">10cm",232.44,NA,NA,NA,NA,NA,NA
"AMBIO","813","1 - 9.9cm",10741.6222222222,NA,NA,NA,NA,NA,NA
"AMBIO","813",">10cm",732.383333333333,NA,NA,NA,NA,NA,NA
"AMBIO","814","1 - 9.9cm",1100.66666666667,NA,NA,NA,NA,NA,NA
"AMBIO","814",">10cm",104.563333333333,NA,NA,NA,NA,NA,NA
"AMBIO","815",">10cm",310.582222222222,NA,NA,NA,NA,NA,NA
"AMBIO","815.2","1 - 9.9cm",NA,NA,NA,NA,NA,NA,NA
"AMBIO","815.2",">10cm",NA,NA,NA,NA,NA,NA,NA
"AMBIO","817","1 - 9.9cm",1976.66666666667,NA,NA,NA,NA,NA,NA
"AMBIO","817",">10cm",49.4166666666667,NA,NA,NA,NA,NA,NA
"AMBIO","818","1 - 9.9cm",515.333333333333,NA,NA,NA,NA,NA,NA
"AMBIO","818",">10cm",144.293333333333,NA,NA,NA,NA,NA,NA
"AMBIO","819",">10cm",43.4066666666667,NA,NA,NA,NA,NA,NA
"AMBIO","820","1 - 9.9cm",509,NA,NA,NA,NA,NA,NA
"AMBIO","820",">10cm",55.99,NA,NA,NA,NA,NA,NA
"AMBIO","821","1 - 9.9cm",597.037037037037,NA,NA,NA,NA,NA,NA
"AMBIO","821",">10cm",155.22962962963,NA,NA,NA,NA,NA,NA
"AMBIO","822","1 - 9.9cm",252.277777777778,NA,NA,NA,NA,NA,NA
"AMBIO","822",">10cm",12.6138888888889,NA,NA,NA,NA,NA,NA
"AMBIO","823",">10cm",155.715555555556,NA,NA,NA,NA,NA,NA
"AMBIO","824","1 - 9.9cm",156.111111111111,NA,NA,NA,NA,NA,NA
"AMBIO","824",">10cm",32.7833333333333,NA,NA,NA,NA,NA,NA
"AMBIO","825","1 - 9.9cm",513.777777777778,NA,NA,NA,NA,NA,NA
"AMBIO","825",">10cm",113.031111111111,NA,NA,NA,NA,NA,NA
"AMBIO","828",">10cm",283.015555555556,NA,NA,NA,NA,NA,NA
"AMBIO","831",">10cm",84.73,NA,NA,NA,NA,NA,NA
"AMBIO","832","1 - 9.9cm",376.962962962963,NA,NA,NA,NA,NA,NA
"AMBIO","832",">10cm",22.6177777777778,NA,NA,NA,NA,NA,NA
"AMBIO","833",">10cm",141.826666666667,NA,NA,NA,NA,NA,NA
"AMBIO","909",">10cm",NA,NA,NA,NA,NA,NA,NA
"Amadese","1744","1 - 9.9cm",NA,NA,NA,NA,NA,NA,NA
"Amadese","1744",">10cm",75.5121951219512,NA,NA,NA,NA,NA,NA
"Amadese","1745","1 - 9.9cm",33.1055555555556,NA,NA,NA,NA,NA,NA
"Amadese","1745",">10cm",158.906666666667,NA,NA,NA,NA,NA,NA
"Amadese","1747","1 - 9.9cm",386.111111111111,NA,NA,NA,NA,NA,NA
"Amadese","1747",">10cm",2.57407407407407,NA,NA,NA,NA,NA,NA
"Amadese","1748",">10cm",74.9793186132481,NA,NA,NA,NA,NA,NA
"Amadese","1749","1 - 9.9cm",16819.3291975309,NA,NA,NA,NA,NA,NA
"Amadese","1749",">10cm",1422.2487037037,NA,NA,NA,NA,NA,NA
"Amadese","1750","1 - 9.9cm",1271.92266666667,NA,NA,NA,NA,NA,NA
"Amadese","1750",">10cm",575.278,NA,NA,NA,NA,NA,NA
"Amadese","1751","1 - 9.9cm",NA,NA,NA,NA,NA,NA,NA
"Amadese","1751",">10cm",11.5144444444444,NA,NA,NA,NA,NA,NA
"Amadese","1752","1 - 9.9cm",970.777777777778,NA,NA,NA,NA,NA,NA
"Amadese","1753","1 - 9.9cm",243.259259259259,NA,NA,NA,NA,NA,NA
"Amadese","1753",">10cm",335.697777777778,NA,NA,NA,NA,NA,NA
"Amadese","1756","1 - 9.9cm",208.814814814815,NA,NA,NA,NA,NA,NA
"Amadese","1756",">10cm",12.5288888888889,NA,NA,NA,NA,NA,NA
"Amadese","1757","1 - 9.9cm",32.826,NA,NA,NA,NA,NA,NA
"Amadese","1757",">10cm",5.471,NA,NA,NA,NA,NA,NA
"Amadese","1758","1 - 9.9cm",13357.0694708053,NA,NA,NA,NA,NA,NA
"Amadese","1758",">10cm",1337.00501019722,NA,NA,NA,NA,NA,NA
"Amadese","1758",">1cm",9086.44181687434,NA,NA,NA,NA,NA,NA
"Amadese","1759","1 - 9.9cm",530.997894736842,NA,NA,NA,NA,NA,NA
"Amadese","1759",">10cm",293.945263157895,NA,NA,NA,NA,NA,NA
"Amadese","1761","1 - 9.9cm",342.688172043011,NA,NA,NA,NA,NA,NA
"Amadese","1762","1 - 9.9cm",NA,NA,NA,NA,NA,NA,NA
"Amadese","1762",">10cm",446.568157894737,NA,NA,NA,NA,NA,NA
"Amadese","1763","1 - 9.9cm",12553.8751057709,NA,NA,NA,NA,NA,NA
"Amadese","1763",">10cm",205.277754273143,NA,NA,NA,NA,NA,NA
"Amadese","1764","1 - 9.9cm",2837.83333333333,NA,NA,NA,NA,NA,NA
"Amadese","1764",">10cm",14.1891666666667,NA,NA,NA,NA,NA,NA
"Amadese","1766","1 - 9.9cm",12154.5652173913,NA,NA,NA,NA,NA,NA
"Amadese","1766",">10cm",33.7626811594203,NA,NA,NA,NA,NA,NA
"Amadese","1770","1 - 9.9cm",3135.02777777778,NA,NA,NA,NA,NA,NA
"Amadese","1770",">10cm",50.7575925925926,NA,NA,NA,NA,NA,NA
"Amadese","1773","1 - 9.9cm",1018.27160493827,NA,NA,NA,NA,NA,NA
"Amadese","1773",">10cm",81.4617283950617,NA,NA,NA,NA,NA,NA
"Amadese","1774","1 - 9.9cm",7764.16666666667,NA,NA,NA,NA,NA,NA
"Amadese","1774",">10cm",28.2333333333333,NA,NA,NA,NA,NA,NA
"Amadese","1776","1 - 9.9cm",754.12962962963,NA,NA,NA,NA,NA,NA
"Amadese","1776",">10cm",28.2798611111111,NA,NA,NA,NA,NA,NA
"Amadese","1777","1 - 9.9cm",1410.22222222222,NA,NA,NA,NA,NA,NA
"Amadese","1777",">10cm",3.52555555555556,NA,NA,NA,NA,NA,NA
"Amadese","1781","1 - 9.9cm",1106.33333333333,NA,NA,NA,NA,NA,NA
"Amadese","1781",">10cm",13.8291666666667,NA,NA,NA,NA,NA,NA
"Amadese","1782",">10cm",4.32222222222222,NA,NA,NA,NA,NA,NA
"Amadese","1785","1 - 9.9cm",1685.39682539683,NA,NA,NA,NA,NA,NA
"Amadese","1785",">10cm",15.1685714285714,NA,NA,NA,NA,NA,NA
"Amadese","1786","1 - 9.9cm",5184.8013029316,NA,NA,NA,NA,NA,NA
"Amadese","1786",">10cm",138.261368078176,NA,NA,NA,NA,NA,NA
"Amadese","1787","1 - 9.9cm",NA,NA,NA,NA,NA,NA,NA
"Amadese","1787",">10cm",NA,NA,NA,NA,NA,NA,NA
"Amadese","1788",">10cm",24.4028813559322,NA,NA,NA,NA,NA,NA
"Amadese","1792",">10cm",68.2263157894737,NA,NA,NA,NA,NA,NA
"Amadese","1794","1 - 9.9cm",30364.284498713,NA,NA,NA,NA,NA,NA
"Amadese","1794",">10cm",470.432576740624,NA,NA,NA,NA,NA,NA
"CI Madagascar","1746","1 - 9.9cm",209.96,NA,NA,NA,NA,NA,NA
"CI Madagascar","1746",">10cm",104.98,NA,NA,NA,NA,NA,NA
"CI Madagascar","1758","1 - 9.9cm",2185.0729131055,NA,NA,NA,NA,NA,NA
"CI Madagascar","1758",">10cm",298.554516840157,NA,NA,NA,NA,NA,NA
"CI Madagascar","1759","1 - 9.9cm",18.9642105263158,NA,NA,NA,NA,NA,NA
"CI Madagascar","1761","1 - 9.9cm",20.5612903225806,NA,NA,NA,NA,NA,NA
"CI Madagascar","1763","1 - 9.9cm",68.4259180910476,NA,NA,NA,NA,NA,NA
"CI Madagascar","1768","1 - 9.9cm",23.8589189189189,NA,NA,NA,NA,NA,NA
"CI Madagascar","1779","1 - 9.9cm",13.0610526315789,NA,NA,NA,NA,NA,NA
"CI Madagascar","1792","1 - 9.9cm",13.6452631578947,NA,NA,NA,NA,NA,NA
"CI Madagascar","1792",">10cm",13.6452631578947,NA,NA,NA,NA,NA,NA
"CI Madagascar","1795","1 - 9.9cm",41.6897668484585,NA,NA,NA,NA,NA,NA
"CI Madagascar","1795",">10cm",41.6897668484585,NA,NA,NA,NA,NA,NA
"CI Madagascar","1797","1 - 9.9cm",254.860450196647,NA,NA,NA,NA,NA,NA
"CI Madagascar","1797",">10cm",36.4086357423782,NA,NA,NA,NA,NA,NA
"CI Madagascar","1830","1 - 9.9cm",187.879518072289,NA,NA,NA,NA,NA,NA
"CI Madagascar","1831","1 - 9.9cm",263.328047571853,NA,NA,NA,NA,NA,NA
"CI Madagascar","1835","1 - 9.9cm",2721.87804878049,NA,NA,NA,NA,NA,NA
"CI Madagascar","1840","1 - 9.9cm",34.8032103233929,NA,NA,NA,NA,NA,NA
"CI Madagascar","1853","1 - 9.9cm",336.370044052863,NA,NA,NA,NA,NA,NA
"CI Madagascar","1860","1 - 9.9cm",26.1046635813457,NA,NA,NA,NA,NA,NA
"CI Madagascar","1862","1 - 9.9cm",168.823155298851,NA,NA,NA,NA,NA,NA
"CI Madagascar","1876","1 - 9.9cm",80.832,NA,NA,NA,NA,NA,NA
"CI Madagascar","1880","1 - 9.9cm",123.086486486486,NA,NA,NA,NA,NA,NA
"CI Madagascar","1881","1 - 9.9cm",169.822105263158,NA,NA,NA,NA,NA,NA
"CI Madagascar","1889","1 - 9.9cm",813.163064833006,NA,NA,NA,NA,NA,NA
"CI Madagascar","1890","1 - 9.9cm",30.5609522506499,NA,NA,NA,NA,NA,NA
"CI Madagascar","1891","1 - 9.9cm",139.939794344473,NA,NA,NA,NA,NA,NA
"CI Madagascar","1895",">10cm",151.786235662148,NA,NA,NA,NA,NA,NA
"CI Madagascar","1898","1 - 9.9cm",43.8315163528246,NA,NA,NA,NA,NA,NA
"CI Philippines","1742","1 - 9.9cm",7146650,NA,NA,NA,NA,NA,NA
"CI Philippines","1742",">10cm",222056.625,NA,NA,NA,NA,NA,NA
"CI Philippines","1987","1 - 9.9cm",6032897.66666667,NA,NA,NA,NA,NA,NA
"CI Philippines","1987",">10cm",149048.06,NA,NA,NA,NA,NA,NA
"CI Philippines","211","1 - 9.9cm",568719.763546798,NA,NA,NA,NA,NA,NA
"CI Philippines","211",">10cm",22793.221773399,NA,NA,NA,NA,NA,NA
"CUCOS","1259","1 - 9.9cm",NA,NA,NA,NA,NA,NA,NA
"CUCOS","1259",">10cm",NA,NA,NA,NA,NA,NA,NA
"CUCOS","1415",">10cm",NA,NA,NA,NA,NA,NA,NA
"CUCOS","1418","1 - 9.9cm",NA,NA,NA,NA,NA,NA,NA
"CUCOS","1418",">10cm",NA,NA,NA,NA,NA,NA,NA
"CUCOS","1419",">10cm",NA,NA,NA,NA,NA,NA,NA
"CUCOS","1435",">10cm",NA,NA,NA,NA,NA,NA,NA
"CUCOS","1436","1 - 9.9cm",NA,NA,NA,NA,NA,NA,NA
"CUCOS","1436",">10cm",NA,NA,NA,NA,NA,NA,NA
"CUCOS","1437","1 - 9.9cm",NA,NA,NA,NA,NA,NA,NA
"CUCOS","1437",">10cm",NA,NA,NA,NA,NA,NA,NA
"CUCOS","1438","1 - 9.9cm",NA,NA,NA,NA,NA,NA,NA
"CUCOS","1438",">10cm",NA,NA,NA,NA,NA,NA,NA
"CUCOS","1439","1 - 9.9cm",NA,NA,NA,NA,NA,NA,NA
"CUCOS","1439",">10cm",NA,NA,NA,NA,NA,NA,NA
"CUCOS","1440","1 - 9.9cm",NA,NA,NA,NA,NA,NA,NA
"CUCOS","1440",">10cm",NA,NA,NA,NA,NA,NA,NA
"CUCOS","1441","1 - 9.9cm",NA,NA,NA,NA,NA,NA,NA
"CUCOS","1441",">10cm",NA,NA,NA,NA,NA,NA,NA
"CUCOS","1442","1 - 9.9cm",NA,NA,NA,NA,NA,NA,NA
"CUCOS","1442",">10cm",NA,NA,NA,NA,NA,NA,NA
"CUCOS","1443","1 - 9.9cm",NA,NA,NA,NA,NA,NA,NA
"CUCOS","1443",">10cm",NA,NA,NA,NA,NA,NA,NA
"CUCOS","1444","1 - 9.9cm",NA,NA,NA,NA,NA,NA,NA
"CUCOS","1444",">10cm",NA,NA,NA,NA,NA,NA,NA
"CUCOS","1445",">10cm",NA,NA,NA,NA,NA,NA,NA
"CUCOS","1446","1 - 9.9cm",NA,NA,NA,NA,NA,NA,NA
"CUCOS","1446",">10cm",NA,NA,NA,NA,NA,NA,NA
"CUCOS","1447","1 - 9.9cm",NA,NA,NA,NA,NA,NA,NA
"CUCOS","1447",">10cm",NA,NA,NA,NA,NA,NA,NA
"CUCOS","1448",">10cm",NA,NA,NA,NA,NA,NA,NA
"CUCOS","1450",">10cm",NA,NA,NA,NA,NA,NA,NA
"CUCOS","1451","1 - 9.9cm",NA,NA,NA,NA,NA,NA,NA
"CUCOS","1451",">10cm",NA,NA,NA,NA,NA,NA,NA
"CUCOS","1452","1 - 9.9cm",NA,NA,NA,NA,NA,NA,NA
"CUCOS","1452",">10cm",NA,NA,NA,NA,NA,NA,NA
"CUCOS","1454","1 - 9.9cm",NA,NA,NA,NA,NA,NA,NA
"CUCOS","1454",">10cm",NA,NA,NA,NA,NA,NA,NA
"CUCOS","1455",">10cm",NA,NA,NA,NA,NA,NA,NA
"CUCOS","1456",">10cm",NA,NA,NA,NA,NA,NA,NA
"CUCOS","1457","1 - 9.9cm",NA,NA,NA,NA,NA,NA,NA
"CUCOS","1457",">10cm",NA,NA,NA,NA,NA,NA,NA
"CUCOS","1458","1 - 9.9cm",NA,NA,NA,NA,NA,NA,NA
"CUCOS","1458",">10cm",NA,NA,NA,NA,NA,NA,NA
"CUCOS","1459","1 - 9.9cm",NA,NA,NA,NA,NA,NA,NA
"CUCOS","1459",">10cm",NA,NA,NA,NA,NA,NA,NA
"CUCOS","1460",">10cm",NA,NA,NA,NA,NA,NA,NA
"CUCOS","1461","1 - 9.9cm",NA,NA,NA,NA,NA,NA,NA
"CUCOS","1461",">10cm",NA,NA,NA,NA,NA,NA,NA
"CUCOS","1462","1 - 9.9cm",NA,NA,NA,NA,NA,NA,NA
"CUCOS","1462",">10cm",NA,NA,NA,NA,NA,NA,NA
"CUCOS","1463","1 - 9.9cm",NA,NA,NA,NA,NA,NA,NA
"CUCOS","1463",">10cm",NA,NA,NA,NA,NA,NA,NA
"CUCOS","1464","1 - 9.9cm",NA,NA,NA,NA,NA,NA,NA
"CUCOS","1464",">10cm",NA,NA,NA,NA,NA,NA,NA
"CUCOS","1465","1 - 9.9cm",NA,NA,NA,NA,NA,NA,NA
"CUCOS","1465",">10cm",NA,NA,NA,NA,NA,NA,NA
"CUCOS","1466","1 - 9.9cm",NA,NA,NA,NA,NA,NA,NA
"CUCOS","1466",">10cm",NA,NA,NA,NA,NA,NA,NA
"CUCOS","1467","1 - 9.9cm",NA,NA,NA,NA,NA,NA,NA
"CUCOS","1467",">10cm",NA,NA,NA,NA,NA,NA,NA
"CUCOS","1468","1 - 9.9cm",NA,NA,NA,NA,NA,NA,NA
"CUCOS","1468",">10cm",NA,NA,NA,NA,NA,NA,NA
"CUCOS","1469","1 - 9.9cm",NA,NA,NA,NA,NA,NA,NA
"CUCOS","1469",">10cm",NA,NA,NA,NA,NA,NA,NA
"CUCOS","1470","1 - 9.9cm",NA,NA,NA,NA,NA,NA,NA
"CUCOS","1470",">10cm",NA,NA,NA,NA,NA,NA,NA
"CUCOS","1471","1 - 9.9cm",NA,NA,NA,NA,NA,NA,NA
"CUCOS","1471",">10cm",NA,NA,NA,NA,NA,NA,NA
"CUCOS","1472",">10cm",NA,NA,NA,NA,NA,NA,NA
"CUCOS","1473","1 - 9.9cm",NA,NA,NA,NA,NA,NA,NA
"CUCOS","1473",">10cm",NA,NA,NA,NA,NA,NA,NA
"CUCOS","1476","1 - 9.9cm",NA,NA,NA,NA,NA,NA,NA
"CUCOS","1476",">10cm",NA,NA,NA,NA,NA,NA,NA
"CUCOS","1477","1 - 9.9cm",NA,NA,NA,NA,NA,NA,NA
"CUCOS","1477",">10cm",NA,NA,NA,NA,NA,NA,NA
"CUCOS","1478","1 - 9.9cm",NA,NA,NA,NA,NA,NA,NA
"CUCOS","1478",">10cm",NA,NA,NA,NA,NA,NA,NA
"CUCOS","1479","1 - 9.9cm",NA,NA,NA,NA,NA,NA,NA
"CUCOS","1479",">10cm",NA,NA,NA,NA,NA,NA,NA
"CUCOS","1480","1 - 9.9cm",NA,NA,NA,NA,NA,NA,NA
"CUCOS","1480",">10cm",NA,NA,NA,NA,NA,NA,NA
"CUCOS","1481","1 - 9.9cm",NA,NA,NA,NA,NA,NA,NA
"CUCOS","1481",">10cm",NA,NA,NA,NA,NA,NA,NA
"CUCOS","1482","1 - 9.9cm",NA,NA,NA,NA,NA,NA,NA
"CUCOS","1482",">10cm",NA,NA,NA,NA,NA,NA,NA
"CUCOS","1483","1 - 9.9cm",NA,NA,NA,NA,NA,NA,NA
"CUCOS","1483",">10cm",NA,NA,NA,NA,NA,NA,NA
"CUCOS","1484","1 - 9.9cm",NA,NA,NA,NA,NA,NA,NA
"CUCOS","1484",">10cm",NA,NA,NA,NA,NA,NA,NA
"CUCOS","1485","1 - 9.9cm",NA,NA,NA,NA,NA,NA,NA
"CUCOS","1485",">10cm",NA,NA,NA,NA,NA,NA,NA
"CUCOS","1487",">10cm",NA,NA,NA,NA,NA,NA,NA
"CUCOS","1489","1 - 9.9cm",NA,NA,NA,NA,NA,NA,NA
"CUCOS","1489",">10cm",NA,NA,NA,NA,NA,NA,NA
"CUCOS","1490","1 - 9.9cm",NA,NA,NA,NA,NA,NA,NA
"CUCOS","1490",">10cm",NA,NA,NA,NA,NA,NA,NA
"CUCOS","1491","1 - 9.9cm",NA,NA,NA,NA,NA,NA,NA
"CUCOS","1491",">10cm",NA,NA,NA,NA,NA,NA,NA
"CUCOS","1492","1 - 9.9cm",NA,NA,NA,NA,NA,NA,NA
"CUCOS","1492",">10cm",NA,NA,NA,NA,NA,NA,NA
"CUCOS","1493","1 - 9.9cm",NA,NA,NA,NA,NA,NA,NA
"CUCOS","1493",">10cm",NA,NA,NA,NA,NA,NA,NA
"CUCOS","1494","1 - 9.9cm",NA,NA,NA,NA,NA,NA,NA
"CUCOS","1494",">10cm",NA,NA,NA,NA,NA,NA,NA
"CUCOS","1495","1 - 9.9cm",NA,NA,NA,NA,NA,NA,NA
"CUCOS","1495",">10cm",NA,NA,NA,NA,NA,NA,NA
"CUCOS","1496","1 - 9.9cm",NA,NA,NA,NA,NA,NA,NA
"CUCOS","1496",">10cm",NA,NA,NA,NA,NA,NA,NA
"CUCOS","1497","1 - 9.9cm",NA,NA,NA,NA,NA,NA,NA
"CUCOS","1497",">10cm",NA,NA,NA,NA,NA,NA,NA
"CUCOS","1498","1 - 9.9cm",NA,NA,NA,NA,NA,NA,NA
"CUCOS","1498",">10cm",NA,NA,NA,NA,NA,NA,NA
"CUCOS","1499","1 - 9.9cm",NA,NA,NA,NA,NA,NA,NA
"CUCOS","1499",">10cm",NA,NA,NA,NA,NA,NA,NA
"CUCOS","1500","1 - 9.9cm",NA,NA,NA,NA,NA,NA,NA
"CUCOS","1500",">10cm",NA,NA,NA,NA,NA,NA,NA
"CUCOS","1501","1 - 9.9cm",NA,NA,NA,NA,NA,NA,NA
"CUCOS","1501",">10cm",NA,NA,NA,NA,NA,NA,NA
"CUCOS","1502","1 - 9.9cm",NA,NA,NA,NA,NA,NA,NA
"CUCOS","1502",">10cm",NA,NA,NA,NA,NA,NA,NA
"CUCOS","1503","1 - 9.9cm",NA,NA,NA,NA,NA,NA,NA
"CUCOS","1503",">10cm",NA,NA,NA,NA,NA,NA,NA
"CUCOS","1504","1 - 9.9cm",NA,NA,NA,NA,NA,NA,NA
"CUCOS","1504",">10cm",NA,NA,NA,NA,NA,NA,NA
"CUCOS","1505","1 - 9.9cm",NA,NA,NA,NA,NA,NA,NA
"CUCOS","1505",">10cm",NA,NA,NA,NA,NA,NA,NA
"CUCOS","1506","1 - 9.9cm",NA,NA,NA,NA,NA,NA,NA
"CUCOS","1506",">10cm",NA,NA,NA,NA,NA,NA,NA
"CUCOS","1507","1 - 9.9cm",NA,NA,NA,NA,NA,NA,NA
"CUCOS","1507",">10cm",NA,NA,NA,NA,NA,NA,NA
"CUCOS","1508","1 - 9.9cm",NA,NA,NA,NA,NA,NA,NA
"CUCOS","1508",">10cm",NA,NA,NA,NA,NA,NA,NA
"CUCOS","1509","1 - 9.9cm",NA,NA,NA,NA,NA,NA,NA
"CUCOS","1509",">10cm",NA,NA,NA,NA,NA,NA,NA
"CUCOS","1510","1 - 9.9cm",NA,NA,NA,NA,NA,NA,NA
"CUCOS","1510",">10cm",NA,NA,NA,NA,NA,NA,NA
"CUCOS","1512","1 - 9.9cm",NA,NA,NA,NA,NA,NA,NA
"CUCOS","1512",">10cm",NA,NA,NA,NA,NA,NA,NA
"CUCOS","1514","1 - 9.9cm",NA,NA,NA,NA,NA,NA,NA
"CUCOS","1514",">10cm",NA,NA,NA,NA,NA,NA,NA
"CUCOS","1515","1 - 9.9cm",NA,NA,NA,NA,NA,NA,NA
"CUCOS","1515",">10cm",NA,NA,NA,NA,NA,NA,NA
"CUCOS","1516","1 - 9.9cm",NA,NA,NA,NA,NA,NA,NA
"CUCOS","1516",">10cm",NA,NA,NA,NA,NA,NA,NA
"CUCOS","1517","1 - 9.9cm",NA,NA,NA,NA,NA,NA,NA
"CUCOS","1517",">10cm",NA,NA,NA,NA,NA,NA,NA
"CUCOS","1518","1 - 9.9cm",NA,NA,NA,NA,NA,NA,NA
"CUCOS","1518",">10cm",NA,NA,NA,NA,NA,NA,NA
"CUCOS","1519","1 - 9.9cm",NA,NA,NA,NA,NA,NA,NA
"CUCOS","1519",">10cm",NA,NA,NA,NA,NA,NA,NA
"CUCOS","1530","1 - 9.9cm",NA,NA,NA,NA,NA,NA,NA
"CUCOS","1530",">10cm",NA,NA,NA,NA,NA,NA,NA
"CUCOS","1531","1 - 9.9cm",NA,NA,NA,NA,NA,NA,NA
"CUCOS","1531",">10cm",NA,NA,NA,NA,NA,NA,NA
"CUCOS","1532","1 - 9.9cm",NA,NA,NA,NA,NA,NA,NA
"CUCOS","1532",">10cm",NA,NA,NA,NA,NA,NA,NA
"CUCOS","1533","1 - 9.9cm",NA,NA,NA,NA,NA,NA,NA
"CUCOS","1533",">10cm",NA,NA,NA,NA,NA,NA,NA
"CUCOS","1534","1 - 9.9cm",NA,NA,NA,NA,NA,NA,NA
"CUCOS","1534",">10cm",NA,NA,NA,NA,NA,NA,NA
"CUCOS","1535","1 - 9.9cm",NA,NA,NA,NA,NA,NA,NA
"CUCOS","1535",">10cm",NA,NA,NA,NA,NA,NA,NA
"CUCOS","1537","1 - 9.9cm",NA,NA,NA,NA,NA,NA,NA
"CUCOS","1537",">10cm",NA,NA,NA,NA,NA,NA,NA
"CUCOS","1538",">10cm",NA,NA,NA,NA,NA,NA,NA
"CUCOS","1542","1 - 9.9cm",NA,NA,NA,NA,NA,NA,NA
"CUCOS","1542",">10cm",NA,NA,NA,NA,NA,NA,NA
"CUCOS","1549","1 - 9.9cm",NA,NA,NA,NA,NA,NA,NA
"CUCOS","1549",">10cm",NA,NA,NA,NA,NA,NA,NA
"CUCOS","1554","1 - 9.9cm",NA,NA,NA,NA,NA,NA,NA
"CUCOS","1554",">10cm",NA,NA,NA,NA,NA,NA,NA
"CUCOS","1555","1 - 9.9cm",NA,NA,NA,NA,NA,NA,NA
"CUCOS","1555",">10cm",NA,NA,NA,NA,NA,NA,NA
"CUCOS","1561","1 - 9.9cm",NA,NA,NA,NA,NA,NA,NA
"CUCOS","1561",">10cm",NA,NA,NA,NA,NA,NA,NA
"CUCOS","1570","1 - 9.9cm",NA,NA,NA,NA,NA,NA,NA
"CUCOS","1570",">10cm",NA,NA,NA,NA,NA,NA,NA
"CUCOS","1571","1 - 9.9cm",NA,NA,NA,NA,NA,NA,NA
"CUCOS","1571",">10cm",NA,NA,NA,NA,NA,NA,NA
"CUCOS","1573","1 - 9.9cm",NA,NA,NA,NA,NA,NA,NA
"CUCOS","1573",">10cm",NA,NA,NA,NA,NA,NA,NA
"CUCOS","1574","1 - 9.9cm",NA,NA,NA,NA,NA,NA,NA
"CUCOS","1574",">10cm",NA,NA,NA,NA,NA,NA,NA
"CUCOS","1575","1 - 9.9cm",NA,NA,NA,NA,NA,NA,NA
"CUCOS","1575",">10cm",NA,NA,NA,NA,NA,NA,NA
"CUCOS","1577","1 - 9.9cm",NA,NA,NA,NA,NA,NA,NA
"CUCOS","1577",">10cm",NA,NA,NA,NA,NA,NA,NA
"CUCOS","1578","1 - 9.9cm",NA,NA,NA,NA,NA,NA,NA
"CUCOS","1578",">10cm",NA,NA,NA,NA,NA,NA,NA
"CUCOS","1579","1 - 9.9cm",NA,NA,NA,NA,NA,NA,NA
"CUCOS","1579",">10cm",NA,NA,NA,NA,NA,NA,NA
"CUCOS","1580",">10cm",NA,NA,NA,NA,NA,NA,NA
"CUCOS","1588","1 - 9.9cm",NA,NA,NA,NA,NA,NA,NA
"CUCOS","1588",">10cm",NA,NA,NA,NA,NA,NA,NA
"CUCOS","1590","1 - 9.9cm",NA,NA,NA,NA,NA,NA,NA
"CUCOS","1590",">10cm",NA,NA,NA,NA,NA,NA,NA
"CUCOS","1591",">10cm",NA,NA,NA,NA,NA,NA,NA
"CUCOS","1593","1 - 9.9cm",NA,NA,NA,NA,NA,NA,NA
"CUCOS","1593",">10cm",NA,NA,NA,NA,NA,NA,NA
"CUCOS","1594",">10cm",NA,NA,NA,NA,NA,NA,NA
"CUCOS","1595","1 - 9.9cm",NA,NA,NA,NA,NA,NA,NA
"CUCOS","1595",">10cm",NA,NA,NA,NA,NA,NA,NA
"CUCOS","1596
","1 - 9.9cm",NA,NA,NA,NA,NA,NA,NA
"CUCOS","1596
",">10cm",NA,NA,NA,NA,NA,NA,NA
"CUCOS","1597",">10cm",NA,NA,NA,NA,NA,NA,NA
"CUCOS","1598","1 - 9.9cm",NA,NA,NA,NA,NA,NA,NA
"CUCOS","1598",">10cm",NA,NA,NA,NA,NA,NA,NA
"CUCOS","1600","1 - 9.9cm",NA,NA,NA,NA,NA,NA,NA
"CUCOS","1600",">10cm",NA,NA,NA,NA,NA,NA,NA
"CUCOS","1601",">10cm",NA,NA,NA,NA,NA,NA,NA
"CUCOS","1602","1 - 9.9cm",NA,NA,NA,NA,NA,NA,NA
"CUCOS","1602",">10cm",NA,NA,NA,NA,NA,NA,NA
"CUCOS","1603","1 - 9.9cm",NA,NA,NA,NA,NA,NA,NA
"CUCOS","1603",">10cm",NA,NA,NA,NA,NA,NA,NA
"CUCOS","1604",">10cm",NA,NA,NA,NA,NA,NA,NA
"CUCOS","1605","1 - 9.9cm",NA,NA,NA,NA,NA,NA,NA
"CUCOS","1605",">10cm",NA,NA,NA,NA,NA,NA,NA
"CUCOS","1606","1 - 9.9cm",NA,NA,NA,NA,NA,NA,NA
"CUCOS","1606",">10cm",NA,NA,NA,NA,NA,NA,NA
"CUCOS","1607","1 - 9.9cm",NA,NA,NA,NA,NA,NA,NA
"CUCOS","1607",">10cm",NA,NA,NA,NA,NA,NA,NA
"CUCOS","1608","1 - 9.9cm",NA,NA,NA,NA,NA,NA,NA
"CUCOS","1608",">10cm",NA,NA,NA,NA,NA,NA,NA
"CUCOS","1609","1 - 9.9cm",NA,NA,NA,NA,NA,NA,NA
"CUCOS","1609",">10cm",NA,NA,NA,NA,NA,NA,NA
"CUCOS","1610","1 - 9.9cm",NA,NA,NA,NA,NA,NA,NA
"CUCOS","1610",">10cm",NA,NA,NA,NA,NA,NA,NA
"CUCOS","1611","1 - 9.9cm",NA,NA,NA,NA,NA,NA,NA
"CUCOS","1611",">10cm",NA,NA,NA,NA,NA,NA,NA
"CUCOS","1612","1 - 9.9cm",NA,NA,NA,NA,NA,NA,NA
"CUCOS","1612",">10cm",NA,NA,NA,NA,NA,NA,NA
"CUCOS","1613","1 - 9.9cm",NA,NA,NA,NA,NA,NA,NA
"CUCOS","1613",">10cm",NA,NA,NA,NA,NA,NA,NA
"CUCOS","1614","1 - 9.9cm",NA,NA,NA,NA,NA,NA,NA
"CUCOS","1614",">10cm",NA,NA,NA,NA,NA,NA,NA
"CUCOS","1615","1 - 9.9cm",NA,NA,NA,NA,NA,NA,NA
"CUCOS","1615",">10cm",NA,NA,NA,NA,NA,NA,NA
"CUCOS","1616","1 - 9.9cm",NA,NA,NA,NA,NA,NA,NA
"CUCOS","1616",">10cm",NA,NA,NA,NA,NA,NA,NA
"CUCOS","1635","1 - 9.9cm",NA,NA,NA,NA,NA,NA,NA
"CUCOS","1635",">10cm",NA,NA,NA,NA,NA,NA,NA
"CUCOS","1929","1 - 9.9cm",NA,NA,NA,NA,NA,NA,NA
"CUCOS","1929",">10cm",NA,NA,NA,NA,NA,NA,NA
"CUCOS","550","1 - 9.9cm",NA,NA,NA,NA,NA,NA,NA
"CUCOS","550",">10cm",NA,NA,NA,NA,NA,NA,NA
"CUCOS","804","1 - 9.9cm",NA,NA,NA,NA,NA,NA,NA
"CUCOS","804",">10cm",NA,NA,NA,NA,NA,NA,NA
"CUCOS","805","1 - 9.9cm",NA,NA,NA,NA,NA,NA,NA
"CUCOS","805",">10cm",NA,NA,NA,NA,NA,NA,NA
"CUCOS","806","1 - 9.9cm",NA,NA,NA,NA,NA,NA,NA
"CUCOS","806",">10cm",NA,NA,NA,NA,NA,NA,NA
"CUCOS","807","1 - 9.9cm",NA,NA,NA,NA,NA,NA,NA
"CUCOS","807",">10cm",NA,NA,NA,NA,NA,NA,NA
"Café Capitan","1267",">10cm",NA,NA,NA,NA,NA,NA,NA
"Café Capitan","1268",">10cm",NA,NA,NA,NA,NA,NA,NA
"Café Capitan","1274",">10cm",NA,NA,NA,NA,NA,NA,NA
"Café Capitan","1275",">10cm",NA,NA,NA,NA,NA,NA,NA
"Café Capitan","1276",">10cm",NA,NA,NA,NA,NA,NA,NA
"Café Capitan","1277",">10cm",NA,NA,NA,NA,NA,NA,NA
"Café Capitan","1278",">10cm",NA,NA,NA,NA,NA,NA,NA
"Café Capitan","1279",">10cm",NA,NA,NA,NA,NA,NA,NA
"Café Capitan","1281","1 - 9.9cm",NA,NA,NA,NA,NA,NA,NA
"Café Capitan","1282",">10cm",NA,NA,NA,NA,NA,NA,NA
"Café Capitan","345",">10cm",NA,NA,NA,NA,NA,NA,NA
"Café Capitan","349","1 - 9.9cm",NA,NA,NA,NA,NA,NA,NA
"Café Capitan","349",">10cm",NA,NA,NA,NA,NA,NA,NA
"Café Capitan","350","1 - 9.9cm",NA,NA,NA,NA,NA,NA,NA
"Café Capitan","350",">10cm",NA,NA,NA,NA,NA,NA,NA
"Café Capitan","835",">10cm",NA,NA,NA,NA,NA,NA,NA
"Café Capitan","869","1 - 9.9cm",NA,NA,NA,NA,NA,NA,NA
"Café Capitan","869",">10cm",NA,NA,NA,NA,NA,NA,NA
"Café Capitan","878","1 - 9.9cm",NA,NA,NA,NA,NA,NA,NA
"Café Capitan","878",">10cm",NA,NA,NA,NA,NA,NA,NA
"Café Capitan","879",">10cm",NA,NA,NA,NA,NA,NA,NA
"Café Capitan","881",">10cm",NA,NA,NA,NA,NA,NA,NA
"Café Capitan","885",">10cm",NA,NA,NA,NA,NA,NA,NA
"Café Capitan","886",">10cm",NA,NA,NA,NA,NA,NA,NA
"Café Capitan","887",">10cm",NA,NA,NA,NA,NA,NA,NA
"Café Capitan","900",">10cm",NA,NA,NA,NA,NA,NA,NA
"Café Capitan","901","1 - 9.9cm",NA,NA,NA,NA,NA,NA,NA
"Café Capitan","901",">10cm",NA,NA,NA,NA,NA,NA,NA
"Café Capitan","904",">10cm",NA,NA,NA,NA,NA,NA,NA
"Café Capitan","906",">10cm",NA,NA,NA,NA,NA,NA,NA
"Café Capitan","909",">10cm",NA,NA,NA,NA,NA,NA,NA
"Emirate Nature - WWF","1915","1 - 9.9cm",NA,NA,NA,NA,NA,NA,NA
"Emirate Nature - WWF","1915",">10cm",NA,NA,NA,NA,NA,NA,NA
"Emirate Nature - WWF","2094","1 - 9.9cm",NA,NA,NA,NA,NA,NA,NA
"Emirate Nature - WWF","2094",">10cm",NA,NA,NA,NA,NA,NA,NA
"Emirate Nature - WWF","2094",">1cm",NA,NA,NA,NA,NA,NA,NA
"Emirate Nature - WWF","2231","1 - 9.9cm",NA,NA,NA,NA,NA,NA,NA
"Emirate Nature - WWF","2231",">10cm",NA,NA,NA,NA,NA,NA,NA
"Emirate Nature - WWF","488","1 - 9.9cm",NA,NA,NA,NA,NA,NA,NA
"Emirate Nature - WWF","488",">10cm",NA,NA,NA,NA,NA,NA,NA
"Emirate Nature - WWF","489","1 - 9.9cm",NA,NA,NA,NA,NA,NA,NA
"Emirate Nature - WWF","489",">10cm",NA,NA,NA,NA,NA,NA,NA
"FAFIALA","1795","1 - 9.9cm",NA,NA,NA,NA,NA,NA,NA
"FAFIALA","1795",">10cm",NA,NA,NA,NA,NA,NA,NA
"FAFIALA","1795",">1cm",NA,NA,NA,NA,NA,NA,NA
"FAFIALA","1796","1 - 9.9cm",NA,NA,NA,NA,NA,NA,NA
"FAFIALA","1796",">10cm",NA,NA,NA,NA,NA,NA,NA
"FAFIALA","1796",">1cm",55808.5571517801,NA,NA,NA,NA,NA,NA
"FAFIALA","1797","1 - 9.9cm",NA,NA,NA,NA,NA,NA,NA
"FAFIALA","1797",">10cm",163.838860840702,NA,NA,NA,NA,NA,NA
"FAFIALA","1797",">1cm",NA,NA,NA,NA,NA,NA,NA
"FAFIALA","1799","1 - 9.9cm",360.862354892206,NA,NA,NA,NA,NA,NA
"FAFIALA","1799",">1cm",93.9745715865119,NA,NA,NA,NA,NA,NA
"FAFIALA","1800","1 - 9.9cm",7631.96777777778,NA,NA,NA,NA,NA,NA
"FAFIALA","1802","1 - 9.9cm",2007.065,NA,NA,NA,NA,NA,NA
"FAFIALA","1803","1 - 9.9cm",23667.6963877458,NA,NA,NA,NA,NA,NA
"FAFIALA","1803",">10cm",29.4374333180918,NA,NA,NA,NA,NA,NA
"FAFIALA","1803",">1cm",1261.60428506108,NA,NA,NA,NA,NA,NA
"FAFIALA","1804","1 - 9.9cm",326.444444444444,NA,NA,NA,NA,NA,NA
"FAFIALA","1805","1 - 9.9cm",8155.13228834327,NA,NA,NA,NA,NA,NA
"FAFIALA","1805",">1cm",3675.32251352476,NA,NA,NA,NA,NA,NA
"FAFIALA","1806","1 - 9.9cm",9446.09460946095,NA,NA,NA,NA,NA,NA
"FAFIALA","1806",">10cm",247.051705170517,NA,NA,NA,NA,NA,NA
"FAFIALA","1808","1 - 9.9cm",199.8,NA,NA,NA,NA,NA,NA
"FAFIALA","1809",">1cm",10277.7777777778,NA,NA,NA,NA,NA,NA
"FAFIALA","1810","1 - 9.9cm",1798,NA,NA,NA,NA,NA,NA
"FAFIALA","1810",">10cm",NA,NA,NA,NA,NA,NA,NA
"FAFIALA","1812","1 - 9.9cm",5501.43105297761,NA,NA,NA,NA,NA,NA
"FAFIALA","1812",">10cm",56.7501989688224,NA,NA,NA,NA,NA,NA
"FAFIALA","1812",">1cm",4005.89639779923,NA,NA,NA,NA,NA,NA
"FAFIALA","1813","1 - 9.9cm",4277.67524983587,NA,NA,NA,NA,NA,NA
"FAFIALA","1813",">10cm",31.8174192136553,NA,NA,NA,NA,NA,NA
"FAFIALA","1817",">1cm",1904.7304730473,NA,NA,NA,NA,NA,NA
"FAFIALA","1818","1 - 9.9cm",1811.42183594638,NA,NA,NA,NA,NA,NA
"FAFIALA","1818",">1cm",4290.20961145194,NA,NA,NA,NA,NA,NA
"FAFIALA","1819","1 - 9.9cm",2725.94282073416,NA,NA,NA,NA,NA,NA
"FAFIALA","1819",">1cm",6503.24330990258,NA,NA,NA,NA,NA,NA
"FONCET","1313","1 - 9.9cm",NA,NA,NA,NA,NA,NA,NA
"FONCET","1313",">10cm",NA,NA,NA,NA,NA,NA,NA
"FONCET","1314","1 - 9.9cm",NA,NA,NA,NA,NA,NA,NA
"FONCET","1314",">10cm",NA,NA,NA,NA,NA,NA,NA
"FONCET","1387","1 - 9.9cm",NA,NA,NA,NA,NA,NA,NA
"FONCET","1387",">10cm",NA,NA,NA,NA,NA,NA,NA
"FONCET","1388","1 - 9.9cm",NA,NA,NA,NA,NA,NA,NA
"FONCET","1388",">10cm",NA,NA,NA,NA,NA,NA,NA
"FONCET","1393","1 - 9.9cm",NA,NA,NA,NA,NA,NA,NA
"FONCET","1393",">10cm",NA,NA,NA,NA,NA,NA,NA
"FONCET","1394","1 - 9.9cm",NA,NA,NA,NA,NA,NA,NA
"FONCET","1394",">10cm",NA,NA,NA,NA,NA,NA,NA
"FONCET","1395","1 - 9.9cm",NA,NA,NA,NA,NA,NA,NA
"FONCET","1395",">10cm",NA,NA,NA,NA,NA,NA,NA
"FONCET","1396","1 - 9.9cm",NA,NA,NA,NA,NA,NA,NA
"FONCET","1396",">10cm",NA,NA,NA,NA,NA,NA,NA
"FONCET","1397","1 - 9.9cm",NA,NA,NA,NA,NA,NA,NA
"FONCET","1397",">10cm",NA,NA,NA,NA,NA,NA,NA
"FONCET","1398","1 - 9.9cm",NA,NA,NA,NA,NA,NA,NA
"FONCET","1398",">10cm",NA,NA,NA,NA,NA,NA,NA
"FONCET","1399","1 - 9.9cm",NA,NA,NA,NA,NA,NA,NA
"FONCET","1399",">10cm",NA,NA,NA,NA,NA,NA,NA
"FONCET","1400","1 - 9.9cm",NA,NA,NA,NA,NA,NA,NA
"FONCET","1400",">10cm",NA,NA,NA,NA,NA,NA,NA
"FONCET","1401","1 - 9.9cm",NA,NA,NA,NA,NA,NA,NA
"FONCET","1401",">10cm",NA,NA,NA,NA,NA,NA,NA
"FONCET","1402","1 - 9.9cm",NA,NA,NA,NA,NA,NA,NA
"FONCET","1402",">10cm",NA,NA,NA,NA,NA,NA,NA
"FONCET","1403","1 - 9.9cm",NA,NA,NA,NA,NA,NA,NA
"FONCET","1403",">10cm",NA,NA,NA,NA,NA,NA,NA
"FONCET","1404","1 - 9.9cm",NA,NA,NA,NA,NA,NA,NA
"FONCET","1404",">10cm",NA,NA,NA,NA,NA,NA,NA
"FONCET","1405","1 - 9.9cm",NA,NA,NA,NA,NA,NA,NA
"FONCET","1405",">10cm",NA,NA,NA,NA,NA,NA,NA
"FONCET","1406","1 - 9.9cm",NA,NA,NA,NA,NA,NA,NA
"FONCET","1406",">10cm",NA,NA,NA,NA,NA,NA,NA
"FONCET","1407","1 - 9.9cm",NA,NA,NA,NA,NA,NA,NA
"FONCET","1407",">10cm",NA,NA,NA,NA,NA,NA,NA
"FONCET","1408","1 - 9.9cm",NA,NA,NA,NA,NA,NA,NA
"FONCET","1408",">10cm",NA,NA,NA,NA,NA,NA,NA
"FONCET","1409",">10cm",NA,NA,NA,NA,NA,NA,NA
"FONCET","1410","1 - 9.9cm",NA,NA,NA,NA,NA,NA,NA
"FONCET","1410",">10cm",NA,NA,NA,NA,NA,NA,NA
"FONCET","1416 1","1 - 9.9cm",NA,NA,NA,NA,NA,NA,NA
"FONCET","1416 1",">10cm",NA,NA,NA,NA,NA,NA,NA
"FONCET","1416 2","1 - 9.9cm",NA,NA,NA,NA,NA,NA,NA
"FONCET","1416 2",">10cm",NA,NA,NA,NA,NA,NA,NA
"FONCET","1416 3","1 - 9.9cm",NA,NA,NA,NA,NA,NA,NA
"FONCET","1416 3",">10cm",NA,NA,NA,NA,NA,NA,NA
"FONCET","1416 4","1 - 9.9cm",NA,NA,NA,NA,NA,NA,NA
"FONCET","1416 4",">10cm",NA,NA,NA,NA,NA,NA,NA
"FONCET","1416 5","1 - 9.9cm",NA,NA,NA,NA,NA,NA,NA
"FONCET","1416 5",">10cm",NA,NA,NA,NA,NA,NA,NA
"FONCET","1416 6","1 - 9.9cm",NA,NA,NA,NA,NA,NA,NA
"FONCET","1416 6",">10cm",NA,NA,NA,NA,NA,NA,NA
"FONCET","1416 7","1 - 9.9cm",NA,NA,NA,NA,NA,NA,NA
"FONCET","1416 7",">10cm",NA,NA,NA,NA,NA,NA,NA
"FONCET","1416 8","1 - 9.9cm",NA,NA,NA,NA,NA,NA,NA
"FONCET","1416 8",">10cm",NA,NA,NA,NA,NA,NA,NA
"FONCET","1416 9","1 - 9.9cm",NA,NA,NA,NA,NA,NA,NA
"FONCET","1416 9",">10cm",NA,NA,NA,NA,NA,NA,NA
"FONCET","1617","1 - 9.9cm",NA,NA,NA,NA,NA,NA,NA
"FONCET","1617",">10cm",NA,NA,NA,NA,NA,NA,NA
"FONCET","1618","1 - 9.9cm",NA,NA,NA,NA,NA,NA,NA
"FONCET","1618",">10cm",NA,NA,NA,NA,NA,NA,NA
"FONCET","1619","1 - 9.9cm",NA,NA,NA,NA,NA,NA,NA
"FONCET","1619",">10cm",NA,NA,NA,NA,NA,NA,NA
"FONCET","1620 1","1 - 9.9cm",NA,NA,NA,NA,NA,NA,NA
"FONCET","1620 1",">10cm",NA,NA,NA,NA,NA,NA,NA
"FONCET","1620 2","1 - 9.9cm",NA,NA,NA,NA,NA,NA,NA
"FONCET","1620 2",">10cm",NA,NA,NA,NA,NA,NA,NA
"FONCET","1621","1 - 9.9cm",NA,NA,NA,NA,NA,NA,NA
"FONCET","1621",">10cm",NA,NA,NA,NA,NA,NA,NA
"FONCET","1622","1 - 9.9cm",NA,NA,NA,NA,NA,NA,NA
"FONCET","1622",">10cm",NA,NA,NA,NA,NA,NA,NA
"FONCET","1623","1 - 9.9cm",NA,NA,NA,NA,NA,NA,NA
"FONCET","1623",">10cm",NA,NA,NA,NA,NA,NA,NA
"FONCET","1624","1 - 9.9cm",NA,NA,NA,NA,NA,NA,NA
"FONCET","1624",">10cm",NA,NA,NA,NA,NA,NA,NA
"FONCET","1625","1 - 9.9cm",NA,NA,NA,NA,NA,NA,NA
"FONCET","1625",">10cm",NA,NA,NA,NA,NA,NA,NA
"FONCET","1626","1 - 9.9cm",NA,NA,NA,NA,NA,NA,NA
"FONCET","1626",">10cm",NA,NA,NA,NA,NA,NA,NA
"FONCET","1626 1","1 - 9.9cm",NA,NA,NA,NA,NA,NA,NA
"FONCET","1626 1",">10cm",NA,NA,NA,NA,NA,NA,NA
"FONCET","1626 2","1 - 9.9cm",NA,NA,NA,NA,NA,NA,NA
"FONCET","1626 2",">10cm",NA,NA,NA,NA,NA,NA,NA
"FONCET","1626 3","1 - 9.9cm",NA,NA,NA,NA,NA,NA,NA
"FONCET","1626 4","1 - 9.9cm",NA,NA,NA,NA,NA,NA,NA
"FONCET","1627 1","1 - 9.9cm",NA,NA,NA,NA,NA,NA,NA
"FONCET","1627 1",">10cm",NA,NA,NA,NA,NA,NA,NA
"FONCET","1627 2","1 - 9.9cm",NA,NA,NA,NA,NA,NA,NA
"FONCET","1627 2",">10cm",NA,NA,NA,NA,NA,NA,NA
"FONCET","1628 1",">10cm",NA,NA,NA,NA,NA,NA,NA
"FONCET","1628 2","1 - 9.9cm",NA,NA,NA,NA,NA,NA,NA
"FONCET","1628 2",">10cm",NA,NA,NA,NA,NA,NA,NA
"FONCET","1629","1 - 9.9cm",NA,NA,NA,NA,NA,NA,NA
"FONCET","1629",">10cm",NA,NA,NA,NA,NA,NA,NA
"FONCET","1630 1","1 - 9.9cm",NA,NA,NA,NA,NA,NA,NA
"FONCET","1630 1",">10cm",NA,NA,NA,NA,NA,NA,NA
"FONCET","1630 2","1 - 9.9cm",NA,NA,NA,NA,NA,NA,NA
"FONCET","1630 2",">10cm",NA,NA,NA,NA,NA,NA,NA
"FONCET","1631","1 - 9.9cm",NA,NA,NA,NA,NA,NA,NA
"FONCET","1631",">10cm",NA,NA,NA,NA,NA,NA,NA
"FONCET","1632 1","1 - 9.9cm",NA,NA,NA,NA,NA,NA,NA
"FONCET","1632 1",">10cm",NA,NA,NA,NA,NA,NA,NA
"FONCET","1632 2","1 - 9.9cm",NA,NA,NA,NA,NA,NA,NA
"FONCET","1632 2",">10cm",NA,NA,NA,NA,NA,NA,NA
"FONCET","1633","1 - 9.9cm",NA,NA,NA,NA,NA,NA,NA
"FONCET","1633",">10cm",NA,NA,NA,NA,NA,NA,NA
"FONCET","1634 1","1 - 9.9cm",NA,NA,NA,NA,NA,NA,NA
"FONCET","1634 1",">10cm",NA,NA,NA,NA,NA,NA,NA
"FONCET","1634 2","1 - 9.9cm",NA,NA,NA,NA,NA,NA,NA
"FONCET","1634 2",">10cm",NA,NA,NA,NA,NA,NA,NA
"FONCET","1636","1 - 9.9cm",NA,NA,NA,NA,NA,NA,NA
"FONCET","1636",">10cm",NA,NA,NA,NA,NA,NA,NA
"FONCET","1636 - 2","1 - 9.9cm",NA,NA,NA,NA,NA,NA,NA
"FONCET","1636 - 2",">10cm",NA,NA,NA,NA,NA,NA,NA
"FONCET","1637","1 - 9.9cm",NA,NA,NA,NA,NA,NA,NA
"FONCET","1637",">10cm",NA,NA,NA,NA,NA,NA,NA
"FONCET","1638","1 - 9.9cm",NA,NA,NA,NA,NA,NA,NA
"FONCET","1638",">10cm",NA,NA,NA,NA,NA,NA,NA
"FONCET","1639","1 - 9.9cm",NA,NA,NA,NA,NA,NA,NA
"FONCET","1639",">10cm",NA,NA,NA,NA,NA,NA,NA
"FONCET","1654","1 - 9.9cm",NA,NA,NA,NA,NA,NA,NA
"FONCET","1654",">10cm",NA,NA,NA,NA,NA,NA,NA
"FONCET","1655","1 - 9.9cm",NA,NA,NA,NA,NA,NA,NA
"FONCET","1655",">10cm",NA,NA,NA,NA,NA,NA,NA
"FONCET","1674",">10cm",NA,NA,NA,NA,NA,NA,NA
"FONCET","1675",">10cm",NA,NA,NA,NA,NA,NA,NA
"FONCET","1676","1 - 9.9cm",NA,NA,NA,NA,NA,NA,NA
"FONCET","1676",">10cm",NA,NA,NA,NA,NA,NA,NA
"FONCET","1678","1 - 9.9cm",NA,NA,NA,NA,NA,NA,NA
"FONCET","1678",">10cm",NA,NA,NA,NA,NA,NA,NA
"FONCET","1678
","1 - 9.9cm",NA,NA,NA,NA,NA,NA,NA
"FONCET","1678
",">10cm",NA,NA,NA,NA,NA,NA,NA
"FONCET","1679","1 - 9.9cm",NA,NA,NA,NA,NA,NA,NA
"FONCET","1679",">10cm",NA,NA,NA,NA,NA,NA,NA
"FONCET","1680",">10cm",NA,NA,NA,NA,NA,NA,NA
"FONCET","1681","1 - 9.9cm",NA,NA,NA,NA,NA,NA,NA
"FONCET","1681",">10cm",NA,NA,NA,NA,NA,NA,NA
"FONCET","1682",">10cm",NA,NA,NA,NA,NA,NA,NA
"FONCET","1683","1 - 9.9cm",NA,NA,NA,NA,NA,NA,NA
"FONCET","1683",">10cm",NA,NA,NA,NA,NA,NA,NA
"FONCET","1684",">10cm",NA,NA,NA,NA,NA,NA,NA
"FONCET","1685","1 - 9.9cm",NA,NA,NA,NA,NA,NA,NA
"FONCET","1685",">10cm",NA,NA,NA,NA,NA,NA,NA
"FONCET","1686",">10cm",NA,NA,NA,NA,NA,NA,NA
"FONCET","1687","1 - 9.9cm",NA,NA,NA,NA,NA,NA,NA
"FONCET","1687",">10cm",NA,NA,NA,NA,NA,NA,NA
"FONCET","1689",">10cm",NA,NA,NA,NA,NA,NA,NA
"FONCET","1690","1 - 9.9cm",NA,NA,NA,NA,NA,NA,NA
"FONCET","1690",">10cm",NA,NA,NA,NA,NA,NA,NA
"FONCET","1691","1 - 9.9cm",NA,NA,NA,NA,NA,NA,NA
"FONCET","1691",">10cm",NA,NA,NA,NA,NA,NA,NA
"FONCET","1692",">10cm",NA,NA,NA,NA,NA,NA,NA
"FONCET","1693",">10cm",NA,NA,NA,NA,NA,NA,NA
"FONCET","1694","1 - 9.9cm",NA,NA,NA,NA,NA,NA,NA
"FONCET","1694",">10cm",NA,NA,NA,NA,NA,NA,NA
"FONCET","1695",">10cm",NA,NA,NA,NA,NA,NA,NA
"FONCET","1696",">10cm",NA,NA,NA,NA,NA,NA,NA
"FONCET","1697","1 - 9.9cm",NA,NA,NA,NA,NA,NA,NA
"FONCET","1697",">10cm",NA,NA,NA,NA,NA,NA,NA
"FONCET","1698",">10cm",NA,NA,NA,NA,NA,NA,NA
"FONCET","1700","1 - 9.9cm",NA,NA,NA,NA,NA,NA,NA
"FONCET","1700",">10cm",NA,NA,NA,NA,NA,NA,NA
"FONCET","1701",">10cm",NA,NA,NA,NA,NA,NA,NA
"FONCET","1702","1 - 9.9cm",NA,NA,NA,NA,NA,NA,NA
"FONCET","1702",">10cm",NA,NA,NA,NA,NA,NA,NA
"FONCET","1703",">10cm",NA,NA,NA,NA,NA,NA,NA
"FONCET","1704","1 - 9.9cm",NA,NA,NA,NA,NA,NA,NA
"FONCET","1704",">10cm",NA,NA,NA,NA,NA,NA,NA
"FONCET","1705","1 - 9.9cm",NA,NA,NA,NA,NA,NA,NA
"FONCET","1705",">10cm",NA,NA,NA,NA,NA,NA,NA
"FONCET","1706","1 - 9.9cm",NA,NA,NA,NA,NA,NA,NA
"FONCET","1706",">10cm",NA,NA,NA,NA,NA,NA,NA
"FONCET","1707",">10cm",NA,NA,NA,NA,NA,NA,NA
"FONCET","1708","1 - 9.9cm",NA,NA,NA,NA,NA,NA,NA
"FONCET","1708",">10cm",NA,NA,NA,NA,NA,NA,NA
"FONCET","1709","1 - 9.9cm",NA,NA,NA,NA,NA,NA,NA
"FONCET","1709",">10cm",NA,NA,NA,NA,NA,NA,NA
"FONCET","1710",">10cm",NA,NA,NA,NA,NA,NA,NA
"FONCET","1711","1 - 9.9cm",NA,NA,NA,NA,NA,NA,NA
"FONCET","1711",">10cm",NA,NA,NA,NA,NA,NA,NA
"FONCET","1712",">10cm",NA,NA,NA,NA,NA,NA,NA
"FONCET","1713","1 - 9.9cm",NA,NA,NA,NA,NA,NA,NA
"FONCET","1713",">10cm",NA,NA,NA,NA,NA,NA,NA
"FONCET","1732","1 - 9.9cm",NA,NA,NA,NA,NA,NA,NA
"FONCET","1732",">10cm",NA,NA,NA,NA,NA,NA,NA
"FONCET","1733","1 - 9.9cm",NA,NA,NA,NA,NA,NA,NA
"FONCET","1733",">10cm",NA,NA,NA,NA,NA,NA,NA
"FONCET","1734","1 - 9.9cm",NA,NA,NA,NA,NA,NA,NA
"FONCET","1734",">10cm",NA,NA,NA,NA,NA,NA,NA
"FONCET","1735","1 - 9.9cm",NA,NA,NA,NA,NA,NA,NA
"FONCET","1735",">10cm",NA,NA,NA,NA,NA,NA,NA
"FONCET","1736","1 - 9.9cm",NA,NA,NA,NA,NA,NA,NA
"FONCET","1736",">10cm",NA,NA,NA,NA,NA,NA,NA
"FONCET","1737","1 - 9.9cm",NA,NA,NA,NA,NA,NA,NA
"FONCET","1737",">10cm",NA,NA,NA,NA,NA,NA,NA
"FONCET","1738","1 - 9.9cm",NA,NA,NA,NA,NA,NA,NA
"FONCET","1738",">10cm",NA,NA,NA,NA,NA,NA,NA
"FONCET","1739","1 - 9.9cm",NA,NA,NA,NA,NA,NA,NA
"FONCET","1739",">10cm",NA,NA,NA,NA,NA,NA,NA
"FONCET","1740","1 - 9.9cm",NA,NA,NA,NA,NA,NA,NA
"FONCET","1740",">10cm",NA,NA,NA,NA,NA,NA,NA
"FONCET","1741","1 - 9.9cm",NA,NA,NA,NA,NA,NA,NA
"FONCET","1741",">10cm",NA,NA,NA,NA,NA,NA,NA
"FONCET","1902 1","1 - 9.9cm",NA,NA,NA,NA,NA,NA,NA
"FONCET","1902 1",">10cm",NA,NA,NA,NA,NA,NA,NA
"FONCET","1902 2","1 - 9.9cm",NA,NA,NA,NA,NA,NA,NA
"FONCET","1902 2",">10cm",NA,NA,NA,NA,NA,NA,NA
"FONCET","1903","1 - 9.9cm",NA,NA,NA,NA,NA,NA,NA
"FONCET","1903",">10cm",NA,NA,NA,NA,NA,NA,NA
"FONCET","1904","1 - 9.9cm",NA,NA,NA,NA,NA,NA,NA
"FONCET","1904",">10cm",NA,NA,NA,NA,NA,NA,NA
"FONCET","1905","1 - 9.9cm",NA,NA,NA,NA,NA,NA,NA
"FONCET","1905",">10cm",NA,NA,NA,NA,NA,NA,NA
"FONCET","1906","1 - 9.9cm",NA,NA,NA,NA,NA,NA,NA
"FONCET","1906",">10cm",NA,NA,NA,NA,NA,NA,NA
"FONCET","1907","1 - 9.9cm",NA,NA,NA,NA,NA,NA,NA
"FONCET","1907",">10cm",NA,NA,NA,NA,NA,NA,NA
"FONCET","1908","1 - 9.9cm",NA,NA,NA,NA,NA,NA,NA
"FONCET","1908",">10cm",NA,NA,NA,NA,NA,NA,NA
"FONCET","1909","1 - 9.9cm",NA,NA,NA,NA,NA,NA,NA
"FONCET","1909",">10cm",NA,NA,NA,NA,NA,NA,NA
"FONCET","20 91","1 - 9.9cm",NA,NA,NA,NA,NA,NA,NA
"FONCET","20 91",">10cm",NA,NA,NA,NA,NA,NA,NA
"FONCET","2091","1 - 9.9cm",NA,NA,NA,NA,NA,NA,NA
"FONCET","2091",">10cm",NA,NA,NA,NA,NA,NA,NA
"FONCET","295","1 - 9.9cm",21063.0769230769,NA,NA,NA,NA,NA,NA
"FONCET","295",">10cm",2429.27487179487,NA,NA,NA,NA,NA,NA
"FONCET","296","1 - 9.9cm",58664.0888888889,NA,NA,NA,NA,NA,NA
"FONCET","296",">10cm",1549.33362962963,NA,NA,NA,NA,NA,NA
"FONCET","337","1 - 9.9cm",NA,NA,NA,NA,NA,NA,NA
"FONCET","337",">10cm",NA,NA,NA,NA,NA,NA,NA
"FONCET","338",">10cm",NA,NA,NA,NA,NA,NA,NA
"FONCET","339",">10cm",NA,NA,NA,NA,NA,NA,NA
"FONCET","340",">10cm",NA,NA,NA,NA,NA,NA,NA
"FONCET","Jose Francisco","1 - 9.9cm",NA,NA,NA,NA,NA,NA,NA
"FONCET","Jose Francisco",">10cm",NA,NA,NA,NA,NA,NA,NA
"FONCET","Jose Francisco 2","1 - 9.9cm",NA,NA,NA,NA,NA,NA,NA
"FONCET","Jose Francisco 2",">10cm",NA,NA,NA,NA,NA,NA,NA
"FONCET","REBITRI-EC-PRR-FONCET",">10cm",NA,NA,NA,NA,NA,NA,NA
"FONCET","REBITRI-OP-APS-FONCET",">10cm",NA,NA,NA,NA,NA,NA,NA
"FONCET","REBITRI-OP-RGL-FONCET","1 - 9.9cm",NA,NA,NA,NA,NA,NA,NA
"FONCET","REBITRI-OP-RGL-FONCET",">10cm",NA,NA,NA,NA,NA,NA,NA
"FONCET","REBITRI-UPM-AVS-FONCET",">10cm",NA,NA,NA,NA,NA,NA,NA
"Faja Lobi","95",">10cm",8161.66245874587,NA,NA,NA,NA,NA,NA
"Faja Lobi","96",">10cm",4092.60782894737,NA,NA,NA,NA,NA,NA
"Fedecovera","S01","1 - 9.9cm",NA,NA,NA,NA,NA,NA,NA
"Fedecovera","S01",">10cm",NA,NA,NA,NA,NA,NA,NA
"Fedecovera","S03","1 - 9.9cm",NA,NA,NA,NA,NA,NA,NA
"Fedecovera","S03",">10cm",NA,NA,NA,NA,NA,NA,NA
"Fedecovera","S05","1 - 9.9cm",NA,NA,NA,NA,NA,NA,NA
"Fedecovera","S05",">10cm",NA,NA,NA,NA,NA,NA,NA
"Fedecovera","S09",">10cm",NA,NA,NA,NA,NA,NA,NA
"Fedecovera","S10","1 - 9.9cm",NA,NA,NA,NA,NA,NA,NA
"Fedecovera","S10",">10cm",NA,NA,NA,NA,NA,NA,NA
"Fedecovera","S11","1 - 9.9cm",NA,NA,NA,NA,NA,NA,NA
"Fedecovera","S11",">10cm",NA,NA,NA,NA,NA,NA,NA
"Fedecovera","S12","1 - 9.9cm",NA,NA,NA,NA,NA,NA,NA
"Fedecovera","S12",">10cm",NA,NA,NA,NA,NA,NA,NA
"Fedecovera","S14",">10cm",NA,NA,NA,NA,NA,NA,NA
"Fedecovera","S17","1 - 9.9cm",NA,NA,NA,NA,NA,NA,NA
"Fedecovera","S17",">10cm",NA,NA,NA,NA,NA,NA,NA
"GANB","40",">10cm",4500.46666666667,NA,NA,NA,NA,NA,NA
"Green Forests Work","2007","1 - 9.9cm",NA,NA,NA,NA,NA,NA,NA
"Green Forests Work","2007",">10cm",660.751967213115,NA,NA,NA,NA,NA,NA
"Grow Trees","273B1P1",">10cm",NA,NA,NA,NA,NA,NA,NA
"Grow Trees","Rr","1 - 9.9cm",NA,NA,NA,NA,NA,NA,NA
"Grow Trees","Rr",">10cm",NA,NA,NA,NA,NA,NA,NA
"Macuiles","1219","1 - 9.9cm",NA,NA,NA,NA,NA,NA,NA
"Macuiles","1219",">10cm",NA,NA,NA,NA,NA,NA,NA
"Macuiles","1221","1 - 9.9cm",NA,NA,NA,NA,NA,NA,NA
"Macuiles","1221",">10cm",NA,NA,NA,NA,NA,NA,NA
"Macuiles","1222","1 - 9.9cm",NA,NA,NA,NA,NA,NA,NA
"Macuiles","1222",">10cm",NA,NA,NA,NA,NA,NA,NA
"Macuiles","1223","1 - 9.9cm",NA,NA,NA,NA,NA,NA,NA
"Macuiles","1223",">10cm",NA,NA,NA,NA,NA,NA,NA
"Macuiles","1224","1 - 9.9cm",NA,NA,NA,NA,NA,NA,NA
"Macuiles","1224",">10cm",NA,NA,NA,NA,NA,NA,NA
"Macuiles","1225","1 - 9.9cm",NA,NA,NA,NA,NA,NA,NA
"Macuiles","1225",">10cm",NA,NA,NA,NA,NA,NA,NA
"Macuiles","1250",">1cm",NA,NA,NA,NA,NA,NA,NA
"Macuiles","1251","1 - 9.9cm",NA,NA,NA,NA,NA,NA,NA
"Macuiles","1251",">10cm",NA,NA,NA,NA,NA,NA,NA
"Macuiles","1252","1 - 9.9cm",NA,NA,NA,NA,NA,NA,NA
"Macuiles","1252",">10cm",NA,NA,NA,NA,NA,NA,NA
"Macuiles","1253","1 - 9.9cm",NA,NA,NA,NA,NA,NA,NA
"Macuiles","1253",">10cm",NA,NA,NA,NA,NA,NA,NA
"Macuiles","1254","1 - 9.9cm",NA,NA,NA,NA,NA,NA,NA
"Macuiles","1254",">10cm",NA,NA,NA,NA,NA,NA,NA
"Macuiles","1256","1 - 9.9cm",NA,NA,NA,NA,NA,NA,NA
"Macuiles","1256",">10cm",NA,NA,NA,NA,NA,NA,NA
"Macuiles","1257","1 - 9.9cm",NA,NA,NA,NA,NA,NA,NA
"Macuiles","1257",">10cm",NA,NA,NA,NA,NA,NA,NA
"Macuiles","1258","1 - 9.9cm",NA,NA,NA,NA,NA,NA,NA
"Macuiles","1258",">10cm",NA,NA,NA,NA,NA,NA,NA
"Macuiles","1260","1 - 9.9cm",NA,NA,NA,NA,NA,NA,NA
"Macuiles","1260",">10cm",NA,NA,NA,NA,NA,NA,NA
"Macuiles","784","1 - 9.9cm",NA,NA,NA,NA,NA,NA,NA
"Macuiles","784",">10cm",NA,NA,NA,NA,NA,NA,NA
"Macuiles","803","1 - 9.9cm",NA,NA,NA,NA,NA,NA,NA
"Macuiles","803",">10cm",NA,NA,NA,NA,NA,NA,NA
"Macuiles","849","1 - 9.9cm",NA,NA,NA,NA,NA,NA,NA
"Macuiles","849",">10cm",NA,NA,NA,NA,NA,NA,NA
"Macuiles","864","1 - 9.9cm",NA,NA,NA,NA,NA,NA,NA
"Macuiles","864",">10cm",NA,NA,NA,NA,NA,NA,NA
"Macuiles","865","1 - 9.9cm",NA,NA,NA,NA,NA,NA,NA
"Macuiles","865",">10cm",NA,NA,NA,NA,NA,NA,NA
"Macuiles","866","1 - 9.9cm",NA,NA,NA,NA,NA,NA,NA
"Macuiles","866",">10cm",NA,NA,NA,NA,NA,NA,NA
"Macuiles","867","1 - 9.9cm",NA,NA,NA,NA,NA,NA,NA
"Macuiles","867",">10cm",NA,NA,NA,NA,NA,NA,NA
"Reforest Action","279","1 - 9.9cm",49882,NA,NA,NA,NA,NA,NA
"Reforest Action","279",">10cm",498.82,NA,NA,NA,NA,NA,NA
"Reforest Action","329","1 - 9.9cm",31901.1780821918,NA,NA,NA,NA,NA,NA
"Reforest Action","329",">10cm",549.409178082192,NA,NA,NA,NA,NA,NA
"Reforest Action","333","1 - 9.9cm",44861.4545454545,NA,NA,NA,NA,NA,NA
"Reforest Action","333",">10cm",785.075454545454,NA,NA,NA,NA,NA,NA
"Reforest Action","334","1 - 9.9cm",NA,NA,NA,NA,NA,NA,NA
"Reforest Action","334",">10cm",990.136483516484,NA,NA,NA,NA,NA,NA
"Reforest Action2","275",">10cm",92.0559722222222,NA,NA,NA,NA,NA,NA
"Reforest Action2","302","1 - 9.9cm",1309.57407407407,NA,NA,NA,NA,NA,NA
"Reforest Action2","306","1 - 9.9cm",19500.3333333333,NA,NA,NA,NA,NA,NA
"Reforest Action2","306",">10cm",65.0011111111111,NA,NA,NA,NA,NA,NA
"Reforest Action2","307","1 - 9.9cm",17853.8888888889,NA,NA,NA,NA,NA,NA
"Taotsara","1821","1 - 9.9cm",NA,NA,NA,NA,NA,NA,NA
"Taotsara","1821",">10cm",188.249881889764,NA,NA,NA,NA,NA,NA
"Taotsara","1823","1 - 9.9cm",2195.62962962963,NA,NA,NA,NA,NA,NA
"Taotsara","1825","1 - 9.9cm",1360,NA,NA,NA,NA,NA,NA
"Taotsara","1828","1 - 9.9cm",13998.4,NA,NA,NA,NA,NA,NA
"Taotsara","1828",">10cm",14.3573333333333,NA,NA,NA,NA,NA,NA
"Taotsara","1829","1 - 9.9cm",1638.22222222222,NA,NA,NA,NA,NA,NA
"Taotsara","1833","1 - 9.9cm",12223.7142857143,NA,NA,NA,NA,NA,NA
"Taotsara","1833",">10cm",81.4914285714286,NA,NA,NA,NA,NA,NA
"Taotsara","1834","1 - 9.9cm",321.888888888889,NA,NA,NA,NA,NA,NA
"Taotsara","1835","1 - 9.9cm",30847.9512195122,NA,NA,NA,NA,NA,NA
"Taotsara","1836","1 - 9.9cm",37318.753101649,NA,NA,NA,NA,NA,NA
"Taotsara","1836",">10cm",18.5434798020616,NA,NA,NA,NA,NA,NA
"Taotsara","1837","1 - 9.9cm",5792.22222222222,NA,NA,NA,NA,NA,NA
"Taotsara","1839","1 - 9.9cm",NA,NA,NA,NA,NA,NA,NA
"Taotsara","1839",">10cm",NA,NA,NA,NA,NA,NA,NA
"Taotsara","1840","1 - 9.9cm",4779.64088441262,NA,NA,NA,NA,NA,NA
"Taotsara","1840",">10cm",87.0080258084822,NA,NA,NA,NA,NA,NA
"Taotsara","1848","1 - 9.9cm",3036.54194365305,NA,NA,NA,NA,NA,NA
"Taotsara","1848",">10cm",20.8936372269706,NA,NA,NA,NA,NA,NA
"Taotsara","1849","1 - 9.9cm",7016.02655286866,NA,NA,NA,NA,NA,NA
"Taotsara","1849",">10cm",233.867551762289,NA,NA,NA,NA,NA,NA
"Taotsara","1850","1 - 9.9cm",184.666666666667,NA,NA,NA,NA,NA,NA
"Taotsara","1851","1 - 9.9cm",2628.99069803396,NA,NA,NA,NA,NA,NA
"Taotsara","1851",">10cm",31.5478883764075,NA,NA,NA,NA,NA,NA
"Taotsara","1852",">1cm",23528.4403669725,NA,NA,NA,NA,NA,NA
"Taotsara","1854","1 - 9.9cm",2649.86904138292,NA,NA,NA,NA,NA,NA
"Taotsara","1854",">10cm",150.159245678366,NA,NA,NA,NA,NA,NA
"Taotsara","1856",">1cm",131783.333333333,NA,NA,NA,NA,NA,NA
"Taotsara","1859","1 - 9.9cm",1641.97530864198,NA,NA,NA,NA,NA,NA
"Taotsara","1860","1 - 9.9cm",108.76943158894,NA,NA,NA,NA,NA,NA
"Taotsara","1861","1 - 9.9cm",4047.92753623188,NA,NA,NA,NA,NA,NA
"Taotsara","1862","1 - 9.9cm",NA,NA,NA,NA,NA,NA,NA
"Taotsara","1864","1 - 9.9cm",16877.7777777778,NA,NA,NA,NA,NA,NA
"Taotsara","1864",">10cm",NA,NA,NA,NA,NA,NA,NA
"Taotsara","1868","1 - 9.9cm",135.037037037037,NA,NA,NA,NA,NA,NA
"Taotsara","1869",">10cm",276.039800995025,NA,NA,NA,NA,NA,NA
"Taotsara","1870","1 - 9.9cm",80038.0385830477,NA,NA,NA,NA,NA,NA
"Taotsara","1870",">10cm",260.7574107683,NA,NA,NA,NA,NA,NA
"Taotsara","1871","1 - 9.9cm",16378.1081081081,NA,NA,NA,NA,NA,NA
"Taotsara","1872","1 - 9.9cm",4919.99099099099,NA,NA,NA,NA,NA,NA
"Taotsara","1873",">10cm",164.034444444444,NA,NA,NA,NA,NA,NA
"Taotsara","1876",">10cm",NA,NA,NA,NA,NA,NA,NA
"Taotsara","1877","1 - 9.9cm",9890.62962962963,NA,NA,NA,NA,NA,NA
"Taotsara","1877",">10cm",251.761481481481,NA,NA,NA,NA,NA,NA
"Taotsara","1878","1 - 9.9cm",1427.06666666667,NA,NA,NA,NA,NA,NA
"Taotsara","1878",">10cm",20.5333333333333,NA,NA,NA,NA,NA,NA
"Taotsara","1879","1 - 9.9cm",128.111111111111,NA,NA,NA,NA,NA,NA
"Taotsara","1879",">10cm",0.854074074074074,NA,NA,NA,NA,NA,NA
"Taotsara","1880","1 - 9.9cm",586.126126126126,NA,NA,NA,NA,NA,NA
"Taotsara","1880",">10cm",93.7801801801802,NA,NA,NA,NA,NA,NA
"Taotsara","1881","1 - 9.9cm",6604.19298245614,NA,NA,NA,NA,NA,NA
"Taotsara","1882","1 - 9.9cm",5197.59459459459,NA,NA,NA,NA,NA,NA
"Taotsara","1882",">10cm",9.90018018018018,NA,NA,NA,NA,NA,NA
"Taotsara","1888","1 - 9.9cm",NA,NA,NA,NA,NA,NA,NA
"Taotsara","1888",">10cm",95.5339682539683,NA,NA,NA,NA,NA,NA
"Taotsara","1890","1 - 9.9cm",3056.09522506499,NA,NA,NA,NA,NA,NA
"Taotsara","1890",">10cm",4.07479363341998,NA,NA,NA,NA,NA,NA
"Taotsara","1891","1 - 9.9cm",NA,NA,NA,NA,NA,NA,NA
"Taotsara","1891",">10cm",NA,NA,NA,NA,NA,NA,NA
"Taotsara","1892",">1cm",20855.1183727909,NA,NA,NA,NA,NA,NA
"Taotsara","1897",">1cm",9666.66666666667,NA,NA,NA,NA,NA,NA
"Taotsara","1898",">1cm",2191.57581764123,NA,NA,NA,NA,NA,NA
"Taotsara","1899",">1cm",50155.5555555556,NA,NA,NA,NA,NA,NA
"Taotsara","1900","1 - 9.9cm",91.6923879040667,NA,NA,NA,NA,NA,NA
"Taotsara","1900",">1cm",9169.23879040667,NA,NA,NA,NA,NA,NA
"UCIRI","1285","1 - 9.9cm",NA,NA,NA,NA,NA,NA,NA
"UCIRI","1285",">10cm",NA,NA,NA,NA,NA,NA,NA
"UCIRI","1286","1 - 9.9cm",NA,NA,NA,NA,NA,NA,NA
"UCIRI","1286",">10cm",NA,NA,NA,NA,NA,NA,NA
"UCIRI","1287","1 - 9.9cm",NA,NA,NA,NA,NA,NA,NA
"UCIRI","1287",">10cm",NA,NA,NA,NA,NA,NA,NA
"UCIRI","1288","1 - 9.9cm",NA,NA,NA,NA,NA,NA,NA
"UCIRI","1288",">10cm",NA,NA,NA,NA,NA,NA,NA
"UCIRI","1289","1 - 9.9cm",NA,NA,NA,NA,NA,NA,NA
"UCIRI","1289",">10cm",NA,NA,NA,NA,NA,NA,NA
"UCIRI","1290","1 - 9.9cm",NA,NA,NA,NA,NA,NA,NA
"UCIRI","1290",">10cm",NA,NA,NA,NA,NA,NA,NA
"UCIRI","1291","1 - 9.9cm",NA,NA,NA,NA,NA,NA,NA
"UCIRI","1291",">10cm",NA,NA,NA,NA,NA,NA,NA
"UCIRI","1292","1 - 9.9cm",NA,NA,NA,NA,NA,NA,NA
"UCIRI","1292",">10cm",NA,NA,NA,NA,NA,NA,NA
"UCIRI","1293","1 - 9.9cm",NA,NA,NA,NA,NA,NA,NA
"UCIRI","1293",">10cm",NA,NA,NA,NA,NA,NA,NA
"UCIRI","1294","1 - 9.9cm",NA,NA,NA,NA,NA,NA,NA
"UCIRI","1294",">10cm",NA,NA,NA,NA,NA,NA,NA
"UCIRI","1295","1 - 9.9cm",NA,NA,NA,NA,NA,NA,NA
"UCIRI","1295",">10cm",NA,NA,NA,NA,NA,NA,NA
"UCIRI","1296","1 - 9.9cm",NA,NA,NA,NA,NA,NA,NA
"UCIRI","1296",">10cm",NA,NA,NA,NA,NA,NA,NA
"UCIRI","1297","1 - 9.9cm",NA,NA,NA,NA,NA,NA,NA
"UCIRI","1297",">10cm",NA,NA,NA,NA,NA,NA,NA
"UCIRI","1298","1 - 9.9cm",NA,NA,NA,NA,NA,NA,NA
"UCIRI","1298",">10cm",NA,NA,NA,NA,NA,NA,NA
"UCIRI","1299","1 - 9.9cm",NA,NA,NA,NA,NA,NA,NA
"UCIRI","1299",">10cm",NA,NA,NA,NA,NA,NA,NA
"UCIRI","1300","1 - 9.9cm",NA,NA,NA,NA,NA,NA,NA
"UCIRI","1300",">10cm",NA,NA,NA,NA,NA,NA,NA
"UCIRI","1302","1 - 9.9cm",NA,NA,NA,NA,NA,NA,NA
"UCIRI","1302",">10cm",NA,NA,NA,NA,NA,NA,NA
"UCIRI","1303","1 - 9.9cm",NA,NA,NA,NA,NA,NA,NA
"UCIRI","1303",">10cm",NA,NA,NA,NA,NA,NA,NA
"UCIRI","1304","1 - 9.9cm",NA,NA,NA,NA,NA,NA,NA
"UCIRI","1304",">10cm",NA,NA,NA,NA,NA,NA,NA
"UCIRI","1305","1 - 9.9cm",NA,NA,NA,NA,NA,NA,NA
"UCIRI","1305",">10cm",NA,NA,NA,NA,NA,NA,NA
"UCIRI","1306","1 - 9.9cm",NA,NA,NA,NA,NA,NA,NA
"UCIRI","1306",">10cm",NA,NA,NA,NA,NA,NA,NA
"UCIRI","1307","1 - 9.9cm",NA,NA,NA,NA,NA,NA,NA
"UCIRI","1307",">10cm",NA,NA,NA,NA,NA,NA,NA
"UCIRI","1308","1 - 9.9cm",NA,NA,NA,NA,NA,NA,NA
"UCIRI","1308",">10cm",NA,NA,NA,NA,NA,NA,NA
"UCIRI","1309","1 - 9.9cm",NA,NA,NA,NA,NA,NA,NA
"UCIRI","1309",">10cm",NA,NA,NA,NA,NA,NA,NA
"UCIRI","1310","1 - 9.9cm",NA,NA,NA,NA,NA,NA,NA
"UCIRI","1310",">10cm",NA,NA,NA,NA,NA,NA,NA
"UCIRI","1311","1 - 9.9cm",NA,NA,NA,NA,NA,NA,NA
"UCIRI","1311",">10cm",NA,NA,NA,NA,NA,NA,NA
"UCIRI","1520","1 - 9.9cm",NA,NA,NA,NA,NA,NA,NA
"UCIRI","1520",">10cm",NA,NA,NA,NA,NA,NA,NA
"UCIRI","1521","1 - 9.9cm",NA,NA,NA,NA,NA,NA,NA
"UCIRI","1521",">10cm",NA,NA,NA,NA,NA,NA,NA
"UCIRI","1522","1 - 9.9cm",NA,NA,NA,NA,NA,NA,NA
"UCIRI","1522",">10cm",NA,NA,NA,NA,NA,NA,NA
"UCIRI","1523",">10cm",NA,NA,NA,NA,NA,NA,NA
"UCIRI","1524","1 - 9.9cm",NA,NA,NA,NA,NA,NA,NA
"UCIRI","1524",">10cm",NA,NA,NA,NA,NA,NA,NA
"UCIRI","1525",">10cm",NA,NA,NA,NA,NA,NA,NA
"UCIRI","1526","1 - 9.9cm",NA,NA,NA,NA,NA,NA,NA
"UCIRI","1526",">10cm",NA,NA,NA,NA,NA,NA,NA
"UCIRI","1528","1 - 9.9cm",NA,NA,NA,NA,NA,NA,NA
"UCIRI","1528",">10cm",NA,NA,NA,NA,NA,NA,NA
"UCIRI","1536","1 - 9.9cm",NA,NA,NA,NA,NA,NA,NA
"UCIRI","1536",">10cm",NA,NA,NA,NA,NA,NA,NA
"UCIRI","1539","1 - 9.9cm",NA,NA,NA,NA,NA,NA,NA
"UCIRI","1539",">10cm",NA,NA,NA,NA,NA,NA,NA
"UCIRI","1541","1 - 9.9cm",NA,NA,NA,NA,NA,NA,NA
"UCIRI","1541",">10cm",NA,NA,NA,NA,NA,NA,NA
"UCIRI","1544","1 - 9.9cm",NA,NA,NA,NA,NA,NA,NA
"UCIRI","1544",">10cm",NA,NA,NA,NA,NA,NA,NA
"UCIRI","1545
","1 - 9.9cm",NA,NA,NA,NA,NA,NA,NA
"UCIRI","1545
",">10cm",NA,NA,NA,NA,NA,NA,NA
"UCIRI","1546","1 - 9.9cm",NA,NA,NA,NA,NA,NA,NA
"UCIRI","1546",">10cm",NA,NA,NA,NA,NA,NA,NA
"UCIRI","1547",">10cm",NA,NA,NA,NA,NA,NA,NA
"UCIRI","1547-1","1 - 9.9cm",NA,NA,NA,NA,NA,NA,NA
"UCIRI","1547-1",">10cm",NA,NA,NA,NA,NA,NA,NA
"UCIRI","1548","1 - 9.9cm",NA,NA,NA,NA,NA,NA,NA
"UCIRI","1548",">10cm",NA,NA,NA,NA,NA,NA,NA
"UCIRI","1550","1 - 9.9cm",NA,NA,NA,NA,NA,NA,NA
"UCIRI","1550",">10cm",NA,NA,NA,NA,NA,NA,NA
"UCIRI","1551","1 - 9.9cm",NA,NA,NA,NA,NA,NA,NA
"UCIRI","1551",">10cm",NA,NA,NA,NA,NA,NA,NA
"UCIRI","1552","1 - 9.9cm",NA,NA,NA,NA,NA,NA,NA
"UCIRI","1552",">10cm",NA,NA,NA,NA,NA,NA,NA
"UCIRI","1556",">10cm",NA,NA,NA,NA,NA,NA,NA
"UCIRI","1557","1 - 9.9cm",NA,NA,NA,NA,NA,NA,NA
"UCIRI","1557",">10cm",NA,NA,NA,NA,NA,NA,NA
"UCIRI","1558",">10cm",NA,NA,NA,NA,NA,NA,NA
"UCIRI","1559","1 - 9.9cm",NA,NA,NA,NA,NA,NA,NA
"UCIRI","1559",">10cm",NA,NA,NA,NA,NA,NA,NA
"UCIRI","1562","1 - 9.9cm",NA,NA,NA,NA,NA,NA,NA
"UCIRI","1562",">10cm",NA,NA,NA,NA,NA,NA,NA
"UCIRI","1563","1 - 9.9cm",NA,NA,NA,NA,NA,NA,NA
"UCIRI","1563",">10cm",NA,NA,NA,NA,NA,NA,NA
"UCIRI","1564","1 - 9.9cm",NA,NA,NA,NA,NA,NA,NA
"UCIRI","1564",">10cm",NA,NA,NA,NA,NA,NA,NA
"UCIRI","1566","1 - 9.9cm",NA,NA,NA,NA,NA,NA,NA
"UCIRI","1566",">10cm",NA,NA,NA,NA,NA,NA,NA
"UCIRI","1567","1 - 9.9cm",NA,NA,NA,NA,NA,NA,NA
"UCIRI","1567",">10cm",NA,NA,NA,NA,NA,NA,NA
"UCIRI","1568","1 - 9.9cm",NA,NA,NA,NA,NA,NA,NA
"UCIRI","1568",">10cm",NA,NA,NA,NA,NA,NA,NA
"UCIRI","1569-1","1 - 9.9cm",NA,NA,NA,NA,NA,NA,NA
"UCIRI","1569-1",">10cm",NA,NA,NA,NA,NA,NA,NA
"UCIRI","1586","1 - 9.9cm",NA,NA,NA,NA,NA,NA,NA
"UCIRI","1586",">10cm",NA,NA,NA,NA,NA,NA,NA
"UCIRI","1587","1 - 9.9cm",NA,NA,NA,NA,NA,NA,NA
"UCIRI","1587",">10cm",NA,NA,NA,NA,NA,NA,NA
"UCIRI","1589","1 - 9.9cm",NA,NA,NA,NA,NA,NA,NA
"UCIRI","1589",">10cm",NA,NA,NA,NA,NA,NA,NA
"UCIRI","538","1 - 9.9cm",NA,NA,NA,NA,NA,NA,NA
"UCIRI","538",">10cm",NA,NA,NA,NA,NA,NA,NA
"UCIRI","549","1 - 9.9cm",NA,NA,NA,NA,NA,NA,NA
"UCIRI","549",">10cm",NA,NA,NA,NA,NA,NA,NA
"UCIRI","_1 Godofredo m","1 - 9.9cm",NA,NA,NA,NA,NA,NA,NA
"UCIRI","_1 Godofredo m",">10cm",NA,NA,NA,NA,NA,NA,NA
"Wells for Zoe","180","1 - 9.9cm",NA,NA,NA,NA,NA,NA,NA
"Wells for Zoe","180",">10cm",NA,NA,NA,NA,NA,NA,NA
"test","1",">10cm",NA,NA,NA,NA,NA,NA,NA
"CUCOS","1453",NA,NA,"1 - 9.9cm",NA,NA,NA,NA,NA
