"query","family","db"
"Fagus sylvatica","Fagaceae","ncbi"
"Juniperus thurifera","Cupressaceae","ncbi"
"Pinus nigra","Pinaceae","ncbi"
"Quercus faginea","Fagaceae","ncbi"
"Juniperus oxycedrus","Cupressaceae","ncbi"
"Quercus ilex","Fagaceae","ncbi"
"Pinus pinea","Pinaceae","ncbi"
"Pinus halepensis","Pinaceae","ncbi"
"Encino",NA,NA
"Pinus maximinoi","Pinaceae","ncbi"
"Tabachin",NA,NA
"Palo de hule",NA,NA
"Palma",NA,NA
"Parota","Fabaceae","ncbi"
"Cedro rojo",NA,NA
"Cacahuanano",NA,NA
"Macuil mareño",NA,NA
"guanchal",NA,NA
"macuil",NA,NA
"mangal",NA,NA
"palo de piedra",NA,NA
"huele de noche",NA,NA
"guanchales",NA,NA
"manodante",NA,NA
"frijolillo","Fabaceae","ncbi"
"aguacatal",NA,NA
"caoba",NA,NA
"ciruela obo",NA,NA
"camaron",NA,NA
"caulote",NA,NA
"palo de hule",NA,NA
"maluco",NA,NA
"naranjo",NA,NA
"guanacastle",NA,NA
"mulato",NA,NA
"cedro rojo",NA,NA
"guarumbp",NA,NA
"nicyamal",NA,NA
"aguacatillo",NA,NA
"cuapinol",NA,NA
"coachepil",NA,NA
"palo ropa",NA,NA
"pataste",NA,NA
"hormiguero",NA,NA
"hormigiero",NA,NA
"Euphoria didyma",NA,NA
"Garcinia rubra",NA,NA
"Alangium meyeri",NA,NA
"Mimusops parvifolia",NA,NA
"Syzygium polycephaloides",NA,NA
"Syzygium nitidum",NA,NA
"Neonauclea reticulata","Rubiaceae","ncbi"
"Cratoxylum formosum","Hypericaceae","ncbi"
"Parinari glaberrima",NA,NA
"Antidesma ghaesembilla","Phyllanthaceae","ncbi"
"Stemonurus luzoniensis",NA,NA
"Ardisia squamulosa","Primulaceae","ncbi"
"Pedicellia fuscescens",NA,NA
"Diospyros pilosanthera","Ebenaceae","ncbi"
"Garcinia benthamii","Clusiaceae","ncbi"
"Myristica umbellata",NA,NA
"Neonauclea bartlingii","Rubiaceae","ncbi"
"Aglaia edulis","Meliaceae","ncbi"
"Dipterocarpus gracilis","Dipterocarpaceae","ncbi"
"Barringtonia racemosa","Lecythidaceae","ncbi"
"Epicharis cumingiana","Meliaceae","ncbi"
"Garcinia polyantha",NA,NA
"Cleistocalyx operculatus","Myrtaceae","ncbi"
"Cleidion spiciflorum",NA,NA
"Artocarpus nitidus","Moraceae","ncbi"
"Kleinhovia hospita","Malvaceae","ncbi"
"Gmelina","Lamiaceae","ncbi"
"Talauma villariana",NA,NA
"Myristica elliptica","Myristicaceae","ncbi"
"Pleioluma foxworthyi","Sapotaceae","ncbi"
"Ficus stipulata",NA,NA
"Chisocheton cumingianus","Meliaceae","ncbi"
"Cryptocarya laevigata","Lauraceae","ncbi"
"Albizia falcataria","Fabaceae","ncbi"
"Aglaia llanosiana",NA,NA
"Trichospermum discolor",NA,NA
"Swietenia mahagoni","Meliaceae","ncbi"
"Myristica philippensis",NA,NA
"testing - delete this please",NA,NA
"testing2 - delete this please",NA,NA
"testing3 - delete this please",NA,NA
"testing4 - delete this please",NA,NA
"Quercus ilex ballota",NA,NA
"Izote",NA,NA
"Palo de ropa",NA,NA
"Cuil chocolate",NA,NA
"Palos e cobré",NA,NA
"Chamicillo",NA,NA
"Cobre",NA,NA
"Palo achiote silvestre",NA,NA
"Palo de achiote silvestre",NA,NA
"Palo de canela",NA,NA
"Chamisillo",NA,NA
"Mano de León",NA,NA
"Tachuela",NA,NA
"Madrecacao",NA,NA
"Ciruela morado",NA,NA
"Mumato",NA,NA
"Guanche",NA,NA
"Mamey","Calophyllaceae","ncbi"
"Cuanacasle",NA,NA
"Ciruela de obo",NA,NA
"Palo de hoja seca",NA,NA
"Pata del gallo",NA,NA
"Clericidias",NA,NA
"Secropia",NA,NA
"Clerisidia sp",NA,NA
"Calistemo",NA,NA
"Vochysia guatemalensis","Vochysiaceae","ncbi"
"Magnolia grandiflora","Magnoliaceae","ncbi"
"Tabebuia erosa",NA,NA
"Ingas sp",NA,NA
"Laurel",NA,NA
"Quercus humboldtii","Fagaceae","ncbi"
"Saurauia villosa","Actinidiaceae","ncbi"
"Lonchocarpus utilis","Fabaceae","ncbi"
"Jicalpestle",NA,NA
"Cercidium microphyllum",NA,NA
"Wisteria sinensis","Fabaceae","ncbi"
"Mucuna argyrophylla","Fabaceae","ncbi"
"Parkinsonia aculeata","Fabaceae","ncbi"
"Palo de leche",NA,NA
"Cyrtocarpa edulis","Anacardiaceae","ncbi"
"Dioscorea composita","Dioscoreaceae","ncbi"
"Nance","Malpighiaceae","ncbi"
"Caoba",NA,NA
"Coyoute",NA,NA
"Cansin",NA,NA
"Persea","Lauraceae","ncbi"
"Adenostoma sparsifolium","Rosaceae","ncbi"
"Senna corymbosa","Fabaceae","ncbi"
"Cage",NA,NA
"Cimarro",NA,NA
"Palo d piedra",NA,NA
"Huan che",NA,NA
"cafeto",NA,NA
"homiguero",NA,NA
"Glochidion triandrum","Phyllanthaceae","ncbi"
"Nephelium mutabile","Sapindaceae","ncbi"
"Macaranga bicolor","Euphorbiaceae","ncbi"
"Ficus congesta","Moraceae","ncbi"
"Calophyllum","Calophyllaceae","ncbi"
"Juniperus communis","Cupressaceae","ncbi"
"Genista scorpius","Fabaceae","ncbi"
"testing1 - delete this please",NA,NA
".palo de ropa",NA,NA
"Huaje blanco",NA,NA
"Po hormiguero",NA,NA
"Caffe arábiga",NA,NA
"Coffea odorata","Rubiaceae","ncbi"
"un guanchal",NA,NA
"Dillenia philippinensis","Dilleniaceae","ncbi"
"Leea","Leeaceae","ncbi"
"Guarumo",NA,NA
"Sp1",NA,NA
"Sp2",NA,NA
"Sp3",NA,NA
"Angico",NA,NA
"Pata de vaca",NA,NA
"tree 2 test",NA,NA
"tree test",NA,NA
"Christmas tree","Pinaceae","ncbi"
"Palm tree",NA,NA
"Anotherus testus (seeing what happens when same tree number is used)",NA,NA
"Pretendus arbolus",NA,NA
"Testus Speciesus",NA,NA
"Jacaranda ulei","Bignoniaceae","ncbi"
"Myrsine guianensis","Primulaceae","ncbi"
"Annona silvestris",NA,NA
"Byrsonima sericea","Malpighiaceae","ncbi"
"Byrsonima verbascifolia","Malpighiaceae","ncbi"
"Eschweilera ovata","Lecythidaceae","ncbi"
"Miconia","Melastomataceae","ncbi"
"Senefeldera multiflora",NA,NA
"Syagrus botryophora","Arecaceae","ncbi"
"Tapirira guianensis","Anacardiaceae","ncbi"
"Vismia martiana",NA,NA
"Xylopia frutescens","Annonaceae","ncbi"
"Zanthoxylum nemorale",NA,NA
"Arapatiella psilophylla","Fabaceae","ncbi"
"Casearia sylvestris","Salicaceae","ncbi"
"Campomanesia dichotoma","Myrtaceae","ncbi"
"Copaifera","Fabaceae","ncbi"
"Coussapoa","Urticaceae","ncbi"
"Emmotum nitens","Metteniusaceae","ncbi"
"Inga affinis","Fabaceae","ncbi"
"Lecythis lurida","Lecythidaceae","ncbi"
"Margaritaria nobilis","Phyllanthaceae","ncbi"
"Swartzia polita","Fabaceae","ncbi"
"Thyrsodium spruceanum","Anacardiaceae","ncbi"
"Xylopia aromatica","Annonaceae","ncbi"
"Allophylus sericeus",NA,NA
"Coccoloba alnifolia","Polygonaceae","ncbi"
"Croton floribundus","Euphorbiaceae","ncbi"
"Guatteria","Annonaceae","ncbi"
"Inga subnuda","Fabaceae","ncbi"
"Melanoxylon brauna","Fabaceae","ncbi"
"Ormosia","Fabaceae","ncbi"
"Randia armata","Rubiaceae","ncbi"
"Myrcia fallax","Myrtaceae","ncbi"
"Pogonophora schomburgkiana","Peraceae","ncbi"
"Pouteria venosa","Sapotaceae","ncbi"
"Pterocarpus rohrii","Fabaceae","ncbi"
"Schefflera morototoni","Araliaceae","ncbi"
"Andira fraxinifolia","Fabaceae","ncbi"
"Casearia commersoniana","Salicaceae","ncbi"
"Eschweilera mattos-silvae","Lecythidaceae","ncbi"
"Jacaranda semiserrata",NA,NA
"Lecythis pisonis","Lecythidaceae","ncbi"
"Moldenhawera blanchetiana","Fabaceae","ncbi"
"Pera glabrata","Peraceae","ncbi"
"Sloanea obtusifolia",NA,NA
"Tabernaemontana","Apocynaceae","ncbi"
"Bowdichia virgilioides","Fabaceae","ncbi"
"Desconhecida",NA,NA
"Pera heteranthera","Peraceae","ncbi"
"Tapura guianensis","Dichapetalaceae","ncbi"
"Albizia polycephala","Fabaceae","ncbi"
"Cuspia sp.",NA,NA
"Balizia pedicellaris","Fabaceae","ncbi"
"Dimorphandra jorgei","Fabaceae","ncbi"
"Abarema","Fabaceae","ncbi"
"Himatanthus phagedaenicus",NA,NA
"Piptadenia macrocarpa",NA,NA
"Alseis floribunda","Rubiaceae","ncbi"
"Aspidosperma discolor",NA,NA
"Aspidosperma polyneuron","Apocynaceae","ncbi"
"Caesalpinia","Fabaceae","ncbi"
"Ceiba speciosa","Malvaceae","ncbi"
"Chrysophyllum","Sapotaceae","ncbi"
"Dulacia papillosa",NA,NA
"Guapira nitida",NA,NA
"Handroanthus albus","Bignoniaceae","ncbi"
"Heisteria","Erythropalaceae","ncbi"
"Plinia","Myrtaceae","ncbi"
"Pradosia lactescens","Sapotaceae","ncbi"
"Vatairea heteroptera","Fabaceae","ncbi"
"Vismia latifolia","Hypericaceae","ncbi"
"Cordia","Cordiaceae","ncbi"
"Pati",NA,NA
"Cupania vernalis","Sapindaceae","ncbi"
"Andira anthelmia","Fabaceae","ncbi"
"Centrolobium robustum","Fabaceae","ncbi"
"Terminalia dichotoma",NA,NA
"Desconhecida 2",NA,NA
"Vismia guianensis","Hypericaceae","ncbi"
"Attalea funifera","Arecaceae","ncbi"
"Bauhinia longifolia","Fabaceae","ncbi"
"Sp5",NA,NA
"Sp6",NA,NA
"Sp7",NA,NA
"Siparuna guianensis","Siparunaceae","ncbi"
"Hieronyma alchorneoides","Phyllanthaceae","ncbi"
"Xylopia sericea","Annonaceae","ncbi"
"Cupania oblongifolia","Sapindaceae","ncbi"
"Miconia albicans","Melastomataceae","ncbi"
"Baccharis calvescens","Asteraceae","ncbi"
"Pera decipiens",NA,NA
"Heisteria ovata","Erythropalaceae","ncbi"
"Vismia pentagyna",NA,NA
"Paypayrola blanchetiana","Violaceae","ncbi"
"Handroanthus chrysotrichus","Bignoniaceae","ncbi"
"Myrsine ferruginea","Primulaceae","ncbi"
"Angelim",NA,NA
"Tinyus treeus",NA,NA
"Smallus baumus",NA,NA
"Sp9",NA,NA
"Sp10",NA,NA
"Canela de velho",NA,NA
"Pequi de capoeira",NA,NA
"Plantedus treeus",NA,NA
"Mas plantedii",NA,NA
"already planted test",NA,NA
"already planted test 2",NA,NA
"Big Tree",NA,NA
"Bigger Tree",NA,NA
"little tree census test",NA,NA
"litte tree census test 2",NA,NA
"planted xmas tree",NA,NA
"Pinus sylvestris","Pinaceae","ncbi"
"Quercus robar",NA,NA
"Populus","Salicaceae","ncbi"
"Prunus avium","Rosaceae","ncbi"
"Quercus","Fagaceae","ncbi"
"Carpinus betulus","Betulaceae","ncbi"
"Pinus","Pinaceae","ncbi"
"Betula pendula","Betulaceae","ncbi"
"Betula","Betulaceae","ncbi"
"Acer pseudoplatanus","Sapindaceae","ncbi"
"Fagus silvatica",NA,NA
"Tilia cordata","Malvaceae","ncbi"
"Cecropia peltata","Urticaceae","ncbi"
"Taxus baccata","Taxaceae","ncbi"
"Inga spuria",NA,NA
"Juglans regia","Juglandaceae","ncbi"
"Garcinia intermedia","Clusiaceae","ncbi"
"Gliricidia sepium","Fabaceae","ncbi"
"Crescentia alata","Bignoniaceae","ncbi"
"Persea caerulea","Lauraceae","ncbi"
"Cedrela odorata","Meliaceae","ncbi"
"Dracaena fragrans","Asparagaceae","ncbi"
"Bursera simaruba","Burseraceae","ncbi"
"Spondias mombin","Anacardiaceae","ncbi"
"Persea americana","Lauraceae","ncbi"
"Citrus","Rutaceae","ncbi"
"Inga vera","Fabaceae","ncbi"
"Dendropanax","Araliaceae","ncbi"
"Mangifera","Anacardiaceae","ncbi"
"Cupania dentata","Sapindaceae","ncbi"
"Annona squamosa","Annonaceae","ncbi"
"Croton draco","Euphorbiaceae","ncbi"
"Liquidambar styraciflua","Altingiaceae","ncbi"
"Citrus hystrix","Rutaceae","ncbi"
"Zanthoxylum rhoifolium","Rutaceae","ncbi"
"Hibiscus elatus","Malvaceae","ncbi"
"Quercus xalapensis","Fagaceae","ncbi"
"Palo de canela silvestre",NA,NA
"Palo de leche amarillo",NA,NA
"Pinus chiapensis","Pinaceae","ncbi"
"Palo de pajarito",NA,NA
"Quercus robur","Fagaceae","ncbi"
"Avicennia marina","Acanthaceae","ncbi"
"Sorbus torminalis","Rosaceae","ncbi"
"Douglas",NA,NA
"Sorbus aucuparia","Rosaceae","ncbi"
"Carpinus","Betulaceae","ncbi"
"Acer campestre","Sapindaceae","ncbi"
NA,NA,NA
"Diphysa americana","Fabaceae","ncbi"
"Larix decidua","Pinaceae","ncbi"
"Fraises exelsion",NA,NA
"Atriplex canescens","Chenopodiaceae","ncbi"
"sjdjd",NA,NA
"jd",NA,NA
"ueyeg",NA,NA
"yzyz",NA,NA
"Tectona grandis","Lamiaceae","ncbi"
"Intsia bijuga","Fabaceae","ncbi"
"Eugenia montalbanica",NA,NA
"Quercus rugosa","Fagaceae","ncbi"
"Guazuma ulmifolia","Malvaceae","ncbi"
"Coffea arabica","Rubiaceae","ncbi"
"Não possue",NA,NA
"Brosimum alicastrum","Moraceae","ncbi"
"Beilschmiedia riparia",NA,NA
"Msangu",NA,NA
"Mphakasa",NA,NA
"Msambafumu",NA,NA
"Mtondo",NA,NA
"Msolo",NA,NA
"Faidherbia albida","Fabaceae","ncbi"
"Khaya anthotheca","Meliaceae","ncbi"
"Chitimbe",NA,NA
"Acacia polyacantha","Fabaceae","ncbi"
"Mwavi",NA,NA
"Matowo",NA,NA
"Mlonde",NA,NA
"mphakasa",NA,NA
"mlonde",NA,NA
"chitimbe",NA,NA
"mbawa",NA,NA
"msambafumu",NA,NA
"mtondo",NA,NA
"Dipterocarpus grandiflorus","Dipterocarpaceae","ncbi"
"Swietenia","Meliaceae","ncbi"
"Pouteria villamilii",NA,NA
"Diospyros blancoi","Ebenaceae","ncbi"
"Bauhinia","Fabaceae","ncbi"
"Mthethe",NA,NA
"Afzelia quanzensis","Fabaceae","ncbi"
"Mbawa",NA,NA
"Pterocarpus indicus","Fabaceae","ncbi"
"Trachylobium verrucosum",NA,NA
"Hevea brasiliensis","Euphorbiaceae","ncbi"
"Cassia siamea","Fabaceae","ncbi"
"Pentaclethra macrophylla","Fabaceae","ncbi"
"Cassia floribunda","Fabaceae","ncbi"
"Trachylobium",NA,NA
"ghgh",NA,NA
"Dracaena reflexa","Asparagaceae","ncbi"
"Harungana madagascariensis","Hypericaceae","ncbi"
"Ficus reflexa","Moraceae","ncbi"
"Albizia lebbeck","Fabaceae","ncbi"
"Nuxia capitata",NA,NA
"Syzygium aromaticum","Myrtaceae","ncbi"
"Coffea","Rubiaceae","ncbi"
"Litchi","Sapindaceae","ncbi"
"Mangifera indica","Anacardiaceae","ncbi"
"Spondias dulcis","Anacardiaceae","ncbi"
"Intsia","Fabaceae","ncbi"
"Spondias","Anacardiaceae","ncbi"
"Citrus sinensis","Rutaceae","ncbi"
"Letchi",NA,NA
"Albizia","Fabaceae","ncbi"
"Harungana","Hypericaceae","ncbi"
"Albizia gummifera","Fabaceae","ncbi"
"Albizzia lebbeck","Fabaceae","ncbi"
"Hasina",NA,NA
"Eriobotrya japonica","Rosaceae","ncbi"
"Syzygium verrucosum",NA,NA
"Artocarpus heterophyllus","Moraceae","ncbi"
"Malus","Rosaceae","ncbi"
"Entada chrysostachys",NA,NA
"Vanilla planifolia","Orchidaceae","ncbi"
"Eucalyptus robusta","Myrtaceae","ncbi"
"Litchi chinensis","Sapindaceae","ncbi"
"Brachylaena perrieri","Asteraceae","ncbi"
"Psiadia altissima","Asteraceae","ncbi"
"Ampalis madagascariensis",NA,NA
"Weinmannia madagascariensis","Cunoniaceae","ncbi"
"Trema orientalis","Cannabaceae","ncbi"
"Grevillea","Proteaceae","ncbi"
"Tina striata","Sapindaceae","ncbi"
"Fomohilambo",NA,NA
"Handrarezina",NA,NA
"Ficus lutea","Moraceae","ncbi"
"Pachytrophe obovata",NA,NA
"Psidium guayava",NA,NA
"Tina gelonium",NA,NA
"Psidium","Myrtaceae","ncbi"
"Bracaena perieri",NA,NA
"Thecacoris madagascariensis","Phyllanthaceae","ncbi"
"Eucalyptus","Myrtaceae","ncbi"
"Gnidia danguyana","Thymelaeaceae","ncbi"
"Macaranga obovata","Euphorbiaceae","ncbi"
"Entada louvelii",NA,NA
"Malus domestica","Rosaceae","ncbi"
"Weinmannia","Cunoniaceae","ncbi"
"Eugenia hirta","Myrtaceae","ncbi"
"Psydia",NA,NA
"Famohylambo",NA,NA
"Maintipototra",NA,NA
"Musa","Musaceae","ncbi"
"Psorospermum amplifolium",NA,NA
"Phyllarthron madagascariensis",NA,NA
"Filartran madagascariensis",NA,NA
"Ficus rubra","Moraceae","ncbi"
"Haronga madagascariensis",NA,NA
"Ficus megapoda",NA,NA
"Leucaena","Fabaceae","ncbi"
"Cafe",NA,NA
"Trachydium verrucosum",NA,NA
"Prunus persica","Rosaceae","ncbi"
"Coffea robusta","Rubiaceae","ncbi"
"Baudouinia fluggeiformis","Fabaceae","ncbi"
"Weinmannia rutenbergii","Cunoniaceae","ncbi"
"Thilachium angustifolium",NA,NA
"Andrarezina",NA,NA
"Volomborona",NA,NA
"Dracaena","Asparagaceae","ncbi"
"Ficus polita","Moraceae","ncbi"
"Coffea millotii","Rubiaceae","ncbi"
"Coffea mangoroensis","Rubiaceae","ncbi"
"Caffea",NA,NA
"Morus alba","Moraceae","ncbi"
"Grewia baillonii",NA,NA
"Protorhus ditimena","Anacardiaceae","ncbi"
"Erythroxylum sphaeranthum","Erythroxylaceae","ncbi"
"Papaya","Caricaceae","ncbi"
"Piper nigrum","Piperaceae","ncbi"
"None",NA,NA
"Intsia madagascariensis",NA,NA
"Spondens dipsis",NA,NA
"Trema humbertii",NA,NA
"Eugenia cloiselii",NA,NA
"Eugenia","Myrtaceae","ncbi"
"Tambourissa madagascariensis",NA,NA
"Casearia corymbosa","Salicaceae","ncbi"
"Cordia alliodora","Cordiaceae","ncbi"
"Malacate blanco",NA,NA
"Tabebuia rosea","Bignoniaceae","ncbi"
"Rabo de iaguana",NA,NA
"Nanche",NA,NA
"Cocos nucifera","Arecaceae","ncbi"
"Quercus rubra","Fagaceae","ncbi"
"Pinus strobus","Pinaceae","ncbi"
"Platanus occidentalis","Platanaceae","ncbi"
"Prunus americana","Rosaceae","ncbi"
"Quercus montana","Fagaceae","ncbi"
"Prunus serotina","Rosaceae","ncbi"
"Robinia pseudoacacia","Fabaceae","ncbi"
"Castanea dentata","Fagaceae","ncbi"
"Corylus americana","Betulaceae","ncbi"
"Quercus velutina","Fagaceae","ncbi"
"Pinus virginiana","Pinaceae","ncbi"
"Quercus alba","Fagaceae","ncbi"
"0",NA,NA
"Nunguno",NA,NA
"Bauhinia variegata","Fabaceae","ncbi"
"Artocarpus blancoi","Moraceae","ncbi"
"Buchanania arborescens","Anacardiaceae","ncbi"
"Buchanania nitida",NA,NA
"Alstonia scholaris","Apocynaceae","ncbi"
"Artocarpus anisophyllus","Moraceae","ncbi"
"Sandoricum vidalii","Meliaceae","ncbi"
"Tristaniopsis decorticata",NA,NA
"Acacia mangium","Fabaceae","ncbi"
"Alangium javanicum","Cornaceae","ncbi"
"Litsea glutinosa","Lauraceae","ncbi"
"Myristica philippinensis",NA,NA
"Mitrephora lanotan","Annonaceae","ncbi"
"Palaquium luzoniense","Sapotaceae","ncbi"
"Dysoxylum cumingianum","Meliaceae","ncbi"
"Neonauclea formicaria","Rubiaceae","ncbi"
"Kokoona ochracea","Celastraceae","ncbi"
"Sapium luzonicum",NA,NA
"Calophyllum blancoi","Calophyllaceae","ncbi"
"Terminalia calamansanai","Combretaceae","ncbi"
"Toona calantas","Meliaceae","ncbi"
"Goniocheton arborescens","Meliaceae","ncbi"
"Tritaxis malayana",NA,NA
"Syzygium antisepticum","Myrtaceae","ncbi"
"Pometia pinnata","Sapindaceae","ncbi"
"Atuna racemosa","Chrysobalanaceae","ncbi"
"Beilschmiedia glomerata",NA,NA
"Nephelium rambutan",NA,NA
"Pangium edule","Achariaceae","ncbi"
"Dehaasia triandra",NA,NA
"Swintonia foxworthyi",NA,NA
"Syzygium nervosum","Myrtaceae","ncbi"
"Terminalia nitens","Combretaceae","ncbi"
"Dimorphocalyx luzoniensis",NA,NA
"Butea monosperma","Fabaceae","ncbi"
"Azadirachta indica","Meliaceae","ncbi"
"Acacia auriculiformis","Fabaceae","ncbi"
"Pas darbres inventoriées : Plus de 10cm(DBH)",NA,NA
"Pas darbres plus de 10cm (DBH)",NA,NA
"pas despece",NA,NA
"Inga edulis","Fabaceae","ncbi"
"Ternstroemia sylvatica","Pentaphylacaceae","ncbi"
"Vernonia patens","Asteraceae","ncbi"
"Bursera copallifera","Burseraceae","ncbi"
"Cochlospermum vitifolium","Bixaceae","ncbi"
"Haematoxylum campechianum","Fabaceae","ncbi"
"Enterolobium cyclocarpum","Fabaceae","ncbi"
"Ulmus mexicana","Ulmaceae","ncbi"
"Conostegia xalapensis","Melastomataceae","ncbi"
"Leucaena leucocephala","Fabaceae","ncbi"
"Chrysophyllum cainito","Sapotaceae","ncbi"
"Pinus oocarpa","Pinaceae","ncbi"
"Byrsonima crassifolia","Malpighiaceae","ncbi"
"Acacia caven","Fabaceae","ncbi"
"Dalbergia calderonii","Fabaceae","ncbi"
"Platymisciun dimhorphan",NA,NA
"Sapindus saponaria","Sapindaceae","ncbi"
"Psidium sartorianum","Myrtaceae","ncbi"
"Trichilia trifolia","Meliaceae","ncbi"
"Crescentia cujete","Bignoniaceae","ncbi"
"Erythrina coralloides","Fabaceae","ncbi"
"Ficus petiolaris","Moraceae","ncbi"
"Lonchocarpus rugosus","Fabaceae","ncbi"
"Ceiba pentandra","Malvaceae","ncbi"
"Perymenium grande","Asteraceae","ncbi"
"Cojoba arborea","Fabaceae","ncbi"
"Cochlolospermun vitifolium",NA,NA
"Guatemala",NA,NA
"Malpighia glabra","Malpighiaceae","ncbi"
"Leucaena esculenta","Fabaceae","ncbi"
"Prunus salicifolia","Rosaceae","ncbi"
"Psidium guajava","Myrtaceae","ncbi"
"Cupressus lusitanica lindleyi",NA,NA
"Citrus aurantiifolia","Rutaceae","ncbi"
"Pseudosmodingium multifolium",NA,NA
"Ternstroemia luquillensis",NA,NA
"Verbesina myriocephala","Asteraceae","ncbi"
"Platanus mexicana","Platanaceae","ncbi"
"Acacia collinsii","Fabaceae","ncbi"
"Vijao",NA,NA
"Manga","Noctuidae","ncbi"
"Folha composta",NA,NA
"Annonaceae","Annonaceae","ncbi"
"Néant",NA,NA
"guachipilin",NA,NA
"Guayaba",NA,NA
"Chalun",NA,NA
"Quercus skinneri","Fagaceae","ncbi"
"Ochroma pyramidale","Malvaceae","ncbi"
"Platanos",NA,NA
"Trompillo","Convolvulaceae","ncbi"
"Nispero",NA,NA
"Astronium graveolens","Anacardiaceae","ncbi"
"Ulmus","Ulmaceae","ncbi"
"Chicharo",NA,NA
"Ficus aurea","Moraceae","ncbi"
"Inga jinicuil","Fabaceae","ncbi"
"Calycophyllum candidissimum","Rubiaceae","ncbi"
"Annona macroprophyllata","Annonaceae","ncbi"
"Sideroxylon capiri","Sapotaceae","ncbi"
"Quercus candicans","Fagaceae","ncbi"
"Platymiscium dimorphandrum","Fabaceae","ncbi"
"Pitio",NA,NA
"Andira inermis","Fabaceae","ncbi"
"Ternstroemia lineata","Pentaphylacaceae","ncbi"
"Diospyros digyna","Ebenaceae","ncbi"
"Styrax argenteus","Styracaceae","ncbi"
"Coccoloba acapulcensis","Polygonaceae","ncbi"
"Chiranthodendron pentadactylon","Malvaceae","ncbi"
"Tabebuia donnell-smithii","Bignoniaceae","ncbi"
"Muntingia calabura","Muntingiaceae","ncbi"
"Manilkara zapota","Sapotaceae","ncbi"
"Litsea glaucescens","Lauraceae","ncbi"
"Chiombo",NA,NA
"Uapaca kirkiana","Phyllanthaceae","ncbi"
"Chiwombo",NA,NA
"No",NA,NA
"Ficus","Moraceae","ncbi"
"Nkhadzi",NA,NA
"Semecarpus cuneiformis",NA,NA
"Homalanthus populneus","Euphorbiaceae","ncbi"
"Carallia borneensis",NA,NA
"Pterospermum diversifolium",NA,NA
"Garcinia forbesii","Clusiaceae","ncbi"
"Cratoxylum sumatranum","Hypericaceae","ncbi"
"Syzygium costulatum",NA,NA
"Canarium luzonicum",NA,NA
"Barringtonia asiatica","Lecythidaceae","ncbi"
"Ficus nota","Moraceae","ncbi"
"Macaranga grandifolia","Euphorbiaceae","ncbi"
"Nephelium lappaceum","Sapindaceae","ncbi"
"Polyscias nodosa","Araliaceae","ncbi"
"Pterocymbium tinctorium","Malvaceae","ncbi"
"Parkia timoriana","Fabaceae","ncbi"
"Syzygium xanthophyllum",NA,NA
"Lagerstroemia speciosa","Lythraceae","ncbi"
"Vitex","Lamiaceae","ncbi"
"Koordersiodendron pinnatum",NA,NA
"Diospyros pyrrhocarpa","Ebenaceae","ncbi"
"Artocarpus ovatus","Moraceae","ncbi"
"Omalanthus fastuosus",NA,NA
"Dysoxylum gaudichaudianum","Meliaceae","ncbi"
"Gomphandra luzoniensis","Stemonuraceae","ncbi"
"Azadirachta excelsa","Meliaceae","ncbi"
"Masuku",NA,NA
"O",NA,NA
"Brachystegia","Fabaceae","ncbi"
"Croton urucurana","Euphorbiaceae","ncbi"
"Saurauia serrata","Actinidiaceae","ncbi"
"Fouquieria splendens","Fouquieriaceae","ncbi"
"Schinopsis balansae","Anacardiaceae","ncbi"
"Persea schiedeana","Lauraceae","ncbi"
"Euphorbia macvaughii","Euphorbiaceae","ncbi"
"Callistemon citrinus","Myrtaceae","ncbi"
"Trophis racemosa","Moraceae","ncbi"
"Homalium trichostemon",NA,NA
"Nectandra leucantha","Lauraceae","ncbi"
"Thouinidium decandrum","Sapindaceae","ncbi"
"Juniperus squamata","Cupressaceae","ncbi"
"Ficus benjamina","Moraceae","ncbi"
"Gynostemma pentaphyllum","Cucurbitaceae","ncbi"
"Syzygium jambos","Myrtaceae","ncbi"
"Dorstenia brasiliensis","Moraceae","ncbi"
"Brosimum","Moraceae","ncbi"
"Ficus insipida","Moraceae","ncbi"
"Rhodamnia rubescens","Myrtaceae","ncbi"
"Pseudobombax ellipticum","Malvaceae","ncbi"
"Haematoxylum brasiletto","Fabaceae","ncbi"
"Genipa americana","Rubiaceae","ncbi"
"Nectandra lineata","Lauraceae","ncbi"
"Theobroma bicolor","Malvaceae","ncbi"
"Inga","Fabaceae","ncbi"
"Amphipterygium adstringens","Anacardiaceae","ncbi"
"Citrus reticulata","Rutaceae","ncbi"
"Aquilaria sinensis","Thymelaeaceae","ncbi"
"Quercus subspathulata","Fagaceae","ncbi"
"Quercus devia","Fagaceae","ncbi"
"Sebastiania brasiliensis","Euphorbiaceae","ncbi"
"Hamelia patens","Rubiaceae","ncbi"
"Trema micrantha","Cannabaceae","ncbi"
"Nectandra","Lauraceae","ncbi"
"Fouquieria ochoterenae","Fouquieriaceae","ncbi"
"Hymenaea courbaril","Fabaceae","ncbi"
"Annona muricata","Annonaceae","ncbi"
"Ficus carica","Moraceae","ncbi"
"Cedrus","Pinaceae","ncbi"
"Prunus domestica","Rosaceae","ncbi"
"Annona cherimola","Annonaceae","ncbi"
"Persea mutisii","Lauraceae","ncbi"
"Acacia cochliacantha","Fabaceae","ncbi"
"Acacia farnesiana","Fabaceae","ncbi"
"Pterocarpus","Fabaceae","ncbi"
"Heliocarpus donnellsmithii","Malvaceae","ncbi"
"Vachellia collinsii","Fabaceae","ncbi"
"Zanthoxylum riedelianum","Rutaceae","ncbi"
"Spondias purpurea","Anacardiaceae","ncbi"
"Sterculia comosa",NA,NA
"Mangifera altissima","Anacardiaceae","ncbi"
"Barringtonia macrostachya","Lecythidaceae","ncbi"
"Aglaia rimosa","Meliaceae","ncbi"
"Mallotus philippensis","Euphorbiaceae","ncbi"
"Macaranga tanarius","Euphorbiaceae","ncbi"
"Ficus minahassae","Moraceae","ncbi"
"Myristica fatua","Myristicaceae","ncbi"
"Cinnamomum","Lauraceae","ncbi"
"Canthium dicoccum","Rubiaceae","ncbi"
"Canarium asperum",NA,NA
"Ficus variegata","Moraceae","ncbi"
"Gnetum gnemon","Gnetaceae","ncbi"
"Alstonia macrophylla","Apocynaceae","ncbi"
"Syzygium curranii",NA,NA
"Eugenia rhombea","Myrtaceae","ncbi"
"Palaquium tenuipetiolatum",NA,NA
"Anacardium occidentale","Anacardiaceae","ncbi"
"Sandoricum koetjape","Meliaceae","ncbi"
"Melanolepis multiglandulosa","Euphorbiaceae","ncbi"
"Cryptocarya acuminata",NA,NA
"Nauclea orientalis","Rubiaceae","ncbi"
"Eugenia jambolana","Myrtaceae","ncbi"
"Assang",NA,NA
"Millettia laurentii","Fabaceae","ncbi"
"Ontang",NA,NA
"Piptadeniastrum africanum","Fabaceae","ncbi"
"Maesopsis","Rhamnaceae","ncbi"
"Afromosia","Asilidae","ncbi"
"Maesopsis eminii","Rhamnaceae","ncbi"
"Nguba mindele",NA,NA
"Nguba",NA,NA
"Ricinodendron heudelotii","Euphorbiaceae","ncbi"
"Onkok",NA,NA
"Cassia","Fabaceae","ncbi"
"Ngumba mindele",NA,NA
"Pericopsis elata","Fabaceae","ncbi"
"Canarium","Burseraceae","ncbi"
"Safout foret",NA,NA
"Ricinodendron africanum",NA,NA
"Padouk",NA,NA
"Milletia","Fabaceae","ncbi"
"Ngumba",NA,NA
"Ngylo",NA,NA
"Ricinodendron","Euphorbiaceae","ncbi"
"Uapaca mole",NA,NA
"Milicia excelsa","Moraceae","ncbi"
"Nonoka",NA,NA
"Kisaka",NA,NA
"Pas darbres plus de 10cm",NA,NA
"Saf de la forêt",NA,NA
"Nsaf de la forêt",NA,NA
"Pachira aquatica","Malvaceae","ncbi"
"Croton mubango",NA,NA
"Canarium schweinfurtii","Burseraceae","ncbi"
"Dialium pachyphyllum","Fabaceae","ncbi"
"Uapaca","Phyllanthaceae","ncbi"
"Erythrophleum","Fabaceae","ncbi"
"Pentaclethra","Fabaceae","ncbi"
"Dacryodes normandii","Burseraceae","ncbi"
"Guibourtia demeusei","Fabaceae","ncbi"
"Pterocarpus soyauxii","Fabaceae","ncbi"
"Evea brasiliensis",NA,NA
"Erythrophleum ivorense","Fabaceae","ncbi"
"Prioria balsamifera","Fabaceae","ncbi"
"Leucena cena 1",NA,NA
"Hevea","Euphorbiaceae","ncbi"
"Adenanthera pavonina","Fabaceae","ncbi"
"Millettia drastica","Fabaceae","ncbi"
"Ongokea gore","Aptandraceae","ncbi"
"Musanga","Urticaceae","ncbi"
"Musanga cecropioides","Urticaceae","ncbi"
"Tetraberlinia bifoliolata","Fabaceae","ncbi"
"Parkia bicolor","Fabaceae","ncbi"
"Oncoba welwitschii",NA,NA
"Cekyoprodes",NA,NA
"Cekioprodes",NA,NA
"Bobgunnia fistuloides","Fabaceae","ncbi"
"Millettia soyauxii","Fabaceae","ncbi"
"Laecena cena",NA,NA
"Mwana mpembe",NA,NA
"Prioria","Fabaceae","ncbi"
"Bois noir 20Piptodeniastrum africanum",NA,NA
"5",NA,NA
"Owes 29Bois noir 3Osing 4Maesopsi 9Casia ciamea 13Total 58",NA,NA
"Osing 40Bois noir 6Oniel 4Casia ciamea 4Owes 25Total 77",NA,NA
"Paramacrolobium","Fabaceae","ncbi"
"Autranella congolensis","Sapotaceae","ncbi"
"Celtis tessmannii","Cannabaceae","ncbi"
"Gilbertiodendron dewevrei","Fabaceae","ncbi"
"Leplaea cedrata","Meliaceae","ncbi"
"Osing  2",NA,NA
"Tetrapleura tetraptera","Fabaceae","ncbi"
"Hymenocardia acida","Phyllanthaceae","ncbi"
"Albizia adianthifolia","Fabaceae","ncbi"
"Menocardia",NA,NA
"Baillonella toxisperma","Sapotaceae","ncbi"
"Kikos",NA,NA
"Lesena",NA,NA
"Vermoxe",NA,NA
"Bois noir",NA,NA
"Bois noir 36",NA,NA
"Bois noir 50",NA,NA
"Senna siamea","Fabaceae","ncbi"
"Acacia floribunda","Fabaceae","ncbi"
"Entandrophragma cylindricum","Meliaceae","ncbi"
"Prioria oxyphylla","Fabaceae","ncbi"
"Evea",NA,NA
"Guibourtia","Fabaceae","ncbi"
"Dialium","Fabaceae","ncbi"
"Bobgunnia","Fabaceae","ncbi"
"Gilbertiodendron","Fabaceae","ncbi"
"Pycnanthus angolensis","Myristicaceae","ncbi"
"Ficus tiliifolia","Moraceae","ncbi"
"ghh",NA,NA
"À",NA,NA
"Grevillea banksii","Proteaceae","ncbi"
"Akondro",NA,NA
"L",NA,NA
"Grevellia",NA,NA
"Monoporus paludosus","Primulaceae","ncbi"
"Xylopia humblotiana","Annonaceae","ncbi"
"Syzygium parkeri",NA,NA
"Tambourissa baronii",NA,NA
"Eugenia jambosa",NA,NA
"Syzygium guineense","Myrtaceae","ncbi"
"Thecacoris cometia","Phyllanthaceae","ncbi"
"Eucalyptus camaldulensis","Myrtaceae","ncbi"
"Melia azedarach","Meliaceae","ncbi"
"Grevillia",NA,NA
"Albizia perrieri","Fabaceae","ncbi"
"Brachylaena","Asteraceae","ncbi"
"Grevillia robusta",NA,NA
"Pinus patula","Pinaceae","ncbi"
"Asteropeia micraster","Asteropeiaceae","ncbi"
"Quiebra coyol",NA,NA
"Centrolobium ochroxylum","Fabaceae","ncbi"
"Aspidosperma cruentum","Apocynaceae","ncbi"
"Torongil",NA,NA
"Ehretia latifolia","Ehretiaceae","ncbi"
"Manzana de mono",NA,NA
"Cajoncillo",NA,NA
"Inga paterno","Fabaceae","ncbi"
"Capulin blanco",NA,NA
"Canaco",NA,NA
"Amate",NA,NA
"Chote",NA,NA
"Caspirol",NA,NA
"Guarumbo","Urticaceae","ncbi"
"mano de León",NA,NA
"Terminalia oblonga","Combretaceae","ncbi"
"Cecropia obtusifolia","Urticaceae","ncbi"
"Cajete",NA,NA
"Vernonia deppeana","Asteraceae","ncbi"
"Pino",NA,NA
"Palo de agua",NA,NA
"Igueria",NA,NA
"Aspidosperma megalocarpon","Apocynaceae","ncbi"
"Polygonum punctatum","Polygonaceae","ncbi"
"Malus pumila","Rosaceae","ncbi"
"Kunnt",NA,NA
"Capulin de paloma",NA,NA
"Gyrocarpus americanus","Hernandiaceae","ncbi"
"Pitavia punctata","Rutaceae","ncbi"
"Chalum blanco",NA,NA
"Chaperla",NA,NA
"Caridea",NA,NA
"Laurus nobilis","Lauraceae","ncbi"
"Lombricillo",NA,NA
"Chalum",NA,NA
"Annona","Annonaceae","ncbi"
"Acrocomia vinifera",NA,NA
"Melissa officinalis","Lamiaceae","ncbi"
"Hippomane","Euphorbiaceae","ncbi"
"Dracaena cinnabari","Asparagaceae","ncbi"
"Portoricensis pittier",NA,NA
"Schizolobium parahyba","Fabaceae","ncbi"
"Lonchocarpus yoroensis",NA,NA
"Citronella mucronata","Cardiopteridaceae","ncbi"
"Caesalpinia parahyba",NA,NA
"Ternstroemia huasteca","Pentaphylacaceae","ncbi"
"Persicaria punctata","Polygonaceae","ncbi"
"Tabebuia","Bignoniaceae","ncbi"
"Calophyllum brasiliense","Calophyllaceae","ncbi"
"Ocotea","Lauraceae","ncbi"
"Inga micheliana",NA,NA
"Lippia myriocephala","Verbenaceae","ncbi"
"Saurauia madrensis","Actinidiaceae","ncbi"
"Andira","Fabaceae","ncbi"
"Coccoloba","Polygonaceae","ncbi"
"Acacia cornigera","Fabaceae","ncbi"
"Cecropia","Urticaceae","ncbi"
"Randia","Rubiaceae","ncbi"
"Cojoba","Fabaceae","ncbi"
"Platymiscium yucatanum","Fabaceae","ncbi"
"Croton","Euphorbiaceae","ncbi"
"Camaron",NA,NA
"Conocarpus erectus","Combretaceae","ncbi"
"Acacia","Fabaceae","ncbi"
"Burócrata cimaruba",NA,NA
"Anona",NA,NA
"Chrysophyllum mexicanum","Sapotaceae","ncbi"
"Citrus latifolia","Rutaceae","ncbi"
"Eysenhardtia adenostylis","Fabaceae","ncbi"
"Piscidia","Fabaceae","ncbi"
"Citrus paradisi","Rutaceae","ncbi"
"Annona reticulata","Annonaceae","ncbi"
"Guarea grandifolia","Meliaceae","ncbi"
"Nectandra membranacea","Lauraceae","ncbi"
"Annona purpurea","Annonaceae","ncbi"
"Parmentiera aculeata","Bignoniaceae","ncbi"
"Aguacatillo",NA,NA
"Macuil",NA,NA
"Coralillo",NA,NA
"Cacao","Malvaceae","ncbi"
"Cuil",NA,NA
"Purshia mexicana","Rosaceae","ncbi"
"Zapote negro",NA,NA
"Huanche",NA,NA
"Huanchal",NA,NA
"Tejon",NA,NA
"Frijolillo","Fabaceae","ncbi"
"Palo de piedra",NA,NA
"Palo de obo",NA,NA
"Guanabana","Annonaceae","ncbi"
"Caulote",NA,NA
"Guanaba",NA,NA
"Aguacate",NA,NA
"Ceiba","Malvaceae","ncbi"
"Juan diego",NA,NA
"Cedro blanco",NA,NA
"Huarumbo",NA,NA
"Theobroma","Malvaceae","ncbi"
"Chico negrito",NA,NA
"Palo de tinta",NA,NA
"Sanhualico",NA,NA
"Musa paradisiaca","Musaceae","ncbi"
"Macuite",NA,NA
"Palo tejon",NA,NA
"Escobillo",NA,NA
"Rabo de iguana",NA,NA
"Huarunbo",NA,NA
"Mulato",NA,NA
"Chico zapoteVoladorJuizte",NA,NA
"Palo de copal",NA,NA
"Pouteria glomerata","Sapotaceae","ncbi"
"Palo de hormiga",NA,NA
"Pata de gallo",NA,NA
"Pipe",NA,NA
"Pato de gallo",NA,NA
"Pouteria sapota","Sapotaceae","ncbi"
"Achiote montés",NA,NA
"Monstera deliciosa","Araceae","ncbi"
"Piscielia piscipule (amarillo)",NA,NA
"Guirsiña",NA,NA
"Piscidia piscipula","Fabaceae","ncbi"
"Majahua",NA,NA
"Pipi",NA,NA
"Cordia megalantha","Cordiaceae","ncbi"
"Cupania guatemalensis","Sapindaceae","ncbi"
"Barbasco blanco",NA,NA
"Espina",NA,NA
"Zanthoxylum fagara","Rutaceae","ncbi"
"Arbol desconocido no identificado",NA,NA
"Majauhua de pinolillo",NA,NA
"Majahua de tuza.",NA,NA
"Frutilla",NA,NA
"Arbol de ahuate (arbol desconocido no identificado)",NA,NA
"Bixa orellana","Bixaceae","ncbi"
"Mora","Fabaceae","ncbi"
"Pipi (desconocido no identificado)",NA,NA
"Arbol amarillo (desconocido no.identificado)",NA,NA
"Morus","Moraceae","ncbi"
"Corpo",NA,NA
"Vochysia vismiifolia",NA,NA
"Arbol de calabaza desconocido no identificado",NA,NA
"Chrysobalanus icaco","Chrysobalanaceae","ncbi"
"Arbol colorado desconocido no identificado",NA,NA
"Pipi desconocido no identificado",NA,NA
"Arbol amarillo desconocido no identificado",NA,NA
"Cordia elaeagnoides","Cordiaceae","ncbi"
"Bursera","Burseraceae","ncbi"
"Arbol desconicido no identificado",NA,NA
"Prunus webbii","Rosaceae","ncbi"
"Juan he",NA,NA
"Terminalia microcarpa","Combretaceae","ncbi"
"Guioa pleuropteris",NA,NA
"Aglaia luzoniensis","Meliaceae","ncbi"
"Mussaenda philippica","Rubiaceae","ncbi"
"Drypetes grandifolia",NA,NA
"Dalbergia melanoxylon","Fabaceae","ncbi"
"Alicia","Malpighiaceae","ncbi"
"Tecoma stans","Bignoniaceae","ncbi"
"Senna macranthera","Fabaceae","ncbi"
"Beilschmiedia","Lauraceae","ncbi"
"Mphangala",NA,NA
"Kaumbwe",NA,NA
"mlama",NA,NA
"Chisoyo",NA,NA
"Maviru",NA,NA
"Mtanthanyelere",NA,NA
"mkukhu",NA,NA
"Msuku",NA,NA
"Muula",NA,NA
"Mlama",NA,NA
"1",NA,NA
"Maviro",NA,NA
"Vitex doniana","Lamiaceae","ncbi"
"Mloro",NA,NA
"Katope",NA,NA
"Muwula",NA,NA
"Mkalakati",NA,NA
"Maula","Myrmeleontidae","ncbi"
"Uappaka kirkiana",NA,NA
"Coffe",NA,NA
"Jatropha gossypiifolia","Euphorbiaceae","ncbi"
"Homalium","Salicaceae","ncbi"
"Lonchocarpus xuul",NA,NA
"Dalbergia calycina","Fabaceae","ncbi"
"Theobroma cacao","Malvaceae","ncbi"
"Garcinia smeathmanii",NA,NA
"Swietenia macrophylla","Meliaceae","ncbi"
"Syzygium phanerophlebium",NA,NA
"Thilachium verrucosum",NA,NA
"Dalbergia monticola","Fabaceae","ncbi"
"ghhh",NA,NA
"Eriobotrya","Rosaceae","ncbi"
"Majidea zanguebarica","Sapindaceae","ncbi"
"Croton noronhae","Euphorbiaceae","ncbi"
"Punis",NA,NA
"Desmodium barbatum","Fabaceae","ncbi"
"Canarium madagascariense","Burseraceae","ncbi"
"Aloe serra",NA,NA
"Euphorbia tulearensis","Euphorbiaceae","ncbi"
"Uapaca thouarsii","Phyllanthaceae","ncbi"
"Desmodium","Fabaceae","ncbi"
"Voapika aluaudi",NA,NA
"Luxa capitata",NA,NA
"Clidemia hirta","Melastomataceae","ncbi"
"Diospyros","Ebenaceae","ncbi"
"Thilachium sumangui",NA,NA
"Philippia floribunda",NA,NA
"Entada","Fabaceae","ncbi"
"Rourea orientalis","Connaraceae","ncbi"
"Cestrum nocturnum","Solanaceae","ncbi"
"Chamaedorea elegans","Arecaceae","ncbi"
"Arbol bejuco, no conocido",NA,NA
"Myrciaria floribunda","Myrtaceae","ncbi"
"Chamaedorea tepejilote","Arecaceae","ncbi"
"Casiría Corymbosa",NA,NA
"Lombricera",NA,NA
"Chichicasle",NA,NA
"Caca lol",NA,NA
"Sycamore",NA,NA
"Cornus amomum","Cornaceae","ncbi"
"Acer rubrum","Sapindaceae","ncbi"
"Rhus typhina","Anacardiaceae","ncbi"
"Rhus copallinum","Anacardiaceae","ncbi"
"Liriodendron tulipifera","Magnoliaceae","ncbi"
"Caco",NA,NA
"Ninguno",NA,NA
"Trichilia havanensis","Meliaceae","ncbi"
"Arbol desconocido (no identificado de calabaza)",NA,NA
"Leucosyke capitellata","Urticaceae","ncbi"
"Ficus septica","Moraceae","ncbi"
"Lambinana (nom scientifique ?)",NA,NA
"Vernonia glutinosa","Asteraceae","ncbi"
"Trema orientale","Cannabaceae","ncbi"
"Fandridambo",NA,NA
"Syzygium","Myrtaceae","ncbi"
"MN",NA,NA
"RAS",NA,NA
"Philippia madagascariensis",NA,NA
"fdf",NA,NA
"Plumeria rubra","Apocynaceae","ncbi"
"Jirofo",NA,NA
"Buddleja madagascariensis","Scrophulariaceae","ncbi"
"Pas despèces de 1 à 9,9 cm (DHP)",NA,NA
"Lambinana ( nom scientifique??)",NA,NA
"Autre espèce",NA,NA
"Cnestis polyphylla","Connaraceae","ncbi"
"Non",NA,NA
"vosefaka",NA,NA
"volomborona",NA,NA
"fotsiambo kijejalahy",NA,NA
"Voapika",NA,NA
"Astéraceas",NA,NA
"Jusrica sp",NA,NA
"Olax glabriflora",NA,NA
"Eugénie off. Cloiselli",NA,NA
"Asplenium pellucidum","Aspleniaceae","ncbi"
"none",NA,NA
"Fucus","Fucaceae","ncbi"
"Erica","Ericaceae","ncbi"
